datetime,datetime_nano,KQ.m@DCE.pp.open,KQ.m@DCE.pp.high,KQ.m@DCE.pp.low,KQ.m@DCE.pp.close,KQ.m@DCE.pp.volume,KQ.m@DCE.pp.open_oi,KQ.m@DCE.pp.close_oi
2026-05-06 09:00:00.000000000,1778029200000000000,8811,8849,8801,8847,16750,443162,446036
2026-05-06 09:01:00.000000000,1778029260000000000,8847,8863,8808,8808,12116,446036,445738
2026-05-06 09:02:00.000000000,1778029320000000000,8808,8836,8803,8834,7093,445738,446233
2026-05-06 09:03:00.000000000,1778029380000000000,8834,8841,8816,8819,8240,446233,446639
2026-05-06 09:04:00.000000000,1778029440000000000,8819,8830,8817,8818,3870,446639,446546
2026-05-06 09:05:00.000000000,1778029500000000000,8818,8824,8810,8821,5506,446546,446187
2026-05-06 09:06:00.000000000,1778029560000000000,8821,8833,8821,8827,3317,446187,445815
2026-05-06 09:07:00.000000000,1778029620000000000,8827,8845,8826,8844,4026,445815,446161
2026-05-06 09:08:00.000000000,1778029680000000000,8844,8867,8841,8855,6111,446161,447827
2026-05-06 09:09:00.000000000,1778029740000000000,8855,8860,8851,8852,1692,447827,448193
2026-05-06 09:10:00.000000000,1778029800000000000,8852,8863,8850,8858,5351,448193,449927
2026-05-06 09:11:00.000000000,1778029860000000000,8858,8879,8858,8872,6408,449927,451495
2026-05-06 09:12:00.000000000,1778029920000000000,8872,8872,8858,8859,3658,451495,451160
2026-05-06 09:13:00.000000000,1778029980000000000,8859,8874,8858,8873,2338,451160,451033
2026-05-06 09:14:00.000000000,1778030040000000000,8873,8880,8871,8879,1783,451033,451500
2026-05-06 09:15:00.000000000,1778030100000000000,8879,8884,8870,8872,2610,451500,451845
2026-05-06 09:16:00.000000000,1778030160000000000,8872,8873,8856,8864,2820,451845,451964
2026-05-06 09:17:00.000000000,1778030220000000000,8864,8868,8858,8868,2044,451964,451935
2026-05-06 09:18:00.000000000,1778030280000000000,8868,8880,8868,8871,2693,451935,452905
2026-05-06 09:19:00.000000000,1778030340000000000,8871,8876,8866,8875,1695,452905,452963
2026-05-06 09:20:00.000000000,1778030400000000000,8875,8888,8875,8883,2342,452963,453277
2026-05-06 09:21:00.000000000,1778030460000000000,8883,8903,8883,8898,6030,453277,454718
2026-05-06 09:22:00.000000000,1778030520000000000,8898,8904,8892,8901,3721,454718,456002
2026-05-06 09:23:00.000000000,1778030580000000000,8901,8917,8900,8910,5584,456002,457997
2026-05-06 09:24:00.000000000,1778030640000000000,8910,8911,8902,8910,4177,457997,459444
2026-05-06 09:25:00.000000000,1778030700000000000,8910,8915,8905,8906,4001,459444,460022
2026-05-06 09:26:00.000000000,1778030760000000000,8906,8914,8905,8909,2273,460022,460358
2026-05-06 09:27:00.000000000,1778030820000000000,8909,8925,8908,8919,2329,460358,460884
2026-05-06 09:28:00.000000000,1778030880000000000,8919,8921,8908,8909,2020,460884,461122
2026-05-06 09:29:00.000000000,1778030940000000000,8909,8914,8903,8905,2484,461122,461598
2026-05-06 09:30:00.000000000,1778031000000000000,8905,8910,8901,8910,2564,461598,461894
2026-05-06 09:31:00.000000000,1778031060000000000,8910,8914,8903,8905,1844,461894,461713
2026-05-06 09:32:00.000000000,1778031120000000000,8905,8906,8898,8901,3135,461713,462442
2026-05-06 09:33:00.000000000,1778031180000000000,8901,8922,8900,8921,3203,462442,463114
2026-05-06 09:34:00.000000000,1778031240000000000,8921,8928,8914,8914,2168,463114,463849
2026-05-06 09:35:00.000000000,1778031300000000000,8914,8920,8913,8917,1943,463849,464387
2026-05-06 09:36:00.000000000,1778031360000000000,8917,8920,8899,8901,2360,464387,464340
2026-05-06 09:37:00.000000000,1778031420000000000,8901,8902,8884,8884,4655,464340,464212
2026-05-06 09:38:00.000000000,1778031480000000000,8884,8886,8870,8875,3396,464212,463613
2026-05-06 09:39:00.000000000,1778031540000000000,8875,8880,8869,8871,3203,463613,463875
2026-05-06 09:40:00.000000000,1778031600000000000,8871,8871,8850,8852,4854,463875,463532
2026-05-06 09:41:00.000000000,1778031660000000000,8852,8866,8850,8860,3179,463532,463183
2026-05-06 09:42:00.000000000,1778031720000000000,8860,8867,8855,8860,2508,463183,462949
2026-05-06 09:43:00.000000000,1778031780000000000,8860,8864,8853,8857,3151,462949,462625
2026-05-06 09:44:00.000000000,1778031840000000000,8857,8869,8856,8862,3625,462625,462717
2026-05-06 09:45:00.000000000,1778031900000000000,8862,8888,8860,8884,3641,462717,462523
2026-05-06 09:46:00.000000000,1778031960000000000,8884,8888,8870,8871,2162,462523,462253
2026-05-06 09:47:00.000000000,1778032020000000000,8871,8875,8866,8867,906,462253,462243
2026-05-06 09:48:00.000000000,1778032080000000000,8867,8888,8866,8887,1697,462243,462390
2026-05-06 09:49:00.000000000,1778032140000000000,8887,8893,8886,8890,1500,462390,462538
2026-05-06 09:50:00.000000000,1778032200000000000,8890,8896,8882,8883,1511,462538,462583
2026-05-06 09:51:00.000000000,1778032260000000000,8883,8884,8877,8881,1202,462583,462747
2026-05-06 09:52:00.000000000,1778032320000000000,8881,8884,8877,8881,686,462747,462787
2026-05-06 09:53:00.000000000,1778032380000000000,8881,8884,8872,8875,873,462787,462896
2026-05-06 09:54:00.000000000,1778032440000000000,8875,8889,8874,8887,983,462896,462802
2026-05-06 09:55:00.000000000,1778032500000000000,8887,8891,8882,8888,702,462802,462777
2026-05-06 09:56:00.000000000,1778032560000000000,8888,8890,8880,8884,926,462777,462668
2026-05-06 09:57:00.000000000,1778032620000000000,8884,8899,8884,8898,1157,462668,462734
2026-05-06 09:58:00.000000000,1778032680000000000,8898,8911,8898,8909,2778,462734,462878
2026-05-06 09:59:00.000000000,1778032740000000000,8909,8921,8908,8919,2576,462878,463563
2026-05-06 10:00:00.000000000,1778032800000000000,8919,8921,8906,8908,2464,463563,463704
2026-05-06 10:01:00.000000000,1778032860000000000,8908,8912,8904,8912,1149,463704,464244
2026-05-06 10:02:00.000000000,1778032920000000000,8912,8916,8910,8913,1063,464244,464391
2026-05-06 10:03:00.000000000,1778032980000000000,8913,8920,8910,8916,1257,464391,464709
2026-05-06 10:04:00.000000000,1778033040000000000,8916,8926,8915,8924,1572,464709,465239
2026-05-06 10:05:00.000000000,1778033100000000000,8924,8930,8923,8928,2081,465239,466008
2026-05-06 10:06:00.000000000,1778033160000000000,8928,8930,8919,8925,1647,466008,466279
2026-05-06 10:07:00.000000000,1778033220000000000,8925,8940,8925,8934,2322,466279,467113
2026-05-06 10:08:00.000000000,1778033280000000000,8934,8941,8933,8936,1293,467113,467415
2026-05-06 10:09:00.000000000,1778033340000000000,8936,8943,8934,8943,1233,467415,467749
2026-05-06 10:10:00.000000000,1778033400000000000,8943,8950,8940,8943,2540,467749,468227
2026-05-06 10:11:00.000000000,1778033460000000000,8943,8953,8939,8951,1765,468227,469025
2026-05-06 10:12:00.000000000,1778033520000000000,8951,8951,8941,8945,1322,469025,469244
2026-05-06 10:13:00.000000000,1778033580000000000,8945,8945,8938,8940,1037,469244,469044
2026-05-06 10:14:00.000000000,1778033640000000000,8940,8943,8937,8939,816,469044,469213
2026-05-06 10:30:00.000000000,1778034600000000000,8940,8960,8940,8958,3583,469213,470342
2026-05-06 10:31:00.000000000,1778034660000000000,8958,8974,8958,8968,3647,470342,471031
2026-05-06 10:32:00.000000000,1778034720000000000,8968,8969,8957,8968,3736,471031,471498
2026-05-06 10:33:00.000000000,1778034780000000000,8968,8972,8967,8972,1741,471498,471787
2026-05-06 10:34:00.000000000,1778034840000000000,8972,8973,8967,8970,1695,471787,471716
2026-05-06 10:35:00.000000000,1778034900000000000,8970,8970,8960,8961,1292,471716,471826
2026-05-06 10:36:00.000000000,1778034960000000000,8961,8963,8956,8957,1421,471826,471798
2026-05-06 10:37:00.000000000,1778035020000000000,8957,8961,8953,8954,1208,471798,471847
2026-05-06 10:38:00.000000000,1778035080000000000,8954,8957,8951,8951,854,471847,471903
2026-05-06 10:39:00.000000000,1778035140000000000,8951,8959,8948,8957,1359,471903,472136
2026-05-06 10:40:00.000000000,1778035200000000000,8957,8966,8957,8966,1568,472136,472475
2026-05-06 10:41:00.000000000,1778035260000000000,8966,8971,8963,8967,1833,472475,472840
2026-05-06 10:42:00.000000000,1778035320000000000,8967,8970,8948,8949,2305,472840,472852
2026-05-06 10:43:00.000000000,1778035380000000000,8949,8950,8943,8950,1520,472852,472710
2026-05-06 10:44:00.000000000,1778035440000000000,8950,8952,8945,8948,1826,472710,472653
2026-05-06 10:45:00.000000000,1778035500000000000,8948,8963,8948,8962,1834,472653,472673
2026-05-06 10:46:00.000000000,1778035560000000000,8962,8964,8959,8960,674,472673,472692
2026-05-06 10:47:00.000000000,1778035620000000000,8960,8961,8956,8957,580,472692,472770
2026-05-06 10:48:00.000000000,1778035680000000000,8957,8970,8955,8969,1053,472770,472945
2026-05-06 10:49:00.000000000,1778035740000000000,8969,8969,8962,8966,928,472945,473386
2026-05-06 10:50:00.000000000,1778035800000000000,8966,8976,8966,8968,2404,473386,473688
2026-05-06 10:51:00.000000000,1778035860000000000,8968,8969,8950,8952,2521,473688,473591
2026-05-06 10:52:00.000000000,1778035920000000000,8952,8954,8949,8953,1566,473591,473431
2026-05-06 10:53:00.000000000,1778035980000000000,8953,8957,8952,8955,785,473431,473507
2026-05-06 10:54:00.000000000,1778036040000000000,8955,8957,8952,8953,443,473507,473573
2026-05-06 10:55:00.000000000,1778036100000000000,8953,8957,8952,8957,537,473573,473755
2026-05-06 10:56:00.000000000,1778036160000000000,8957,8960,8948,8949,787,473755,473807
2026-05-06 10:57:00.000000000,1778036220000000000,8949,8956,8946,8955,619,473807,473888
2026-05-06 10:58:00.000000000,1778036280000000000,8955,8960,8939,8940,1226,473888,473936
2026-05-06 10:59:00.000000000,1778036340000000000,8940,8941,8934,8940,1321,473936,473745
2026-05-06 11:00:00.000000000,1778036400000000000,8940,8941,8930,8933,1979,473745,473483
2026-05-06 11:01:00.000000000,1778036460000000000,8933,8941,8933,8941,1239,473483,473191
2026-05-06 11:02:00.000000000,1778036520000000000,8941,8941,8927,8928,856,473191,473208
2026-05-06 11:03:00.000000000,1778036580000000000,8928,8929,8922,8927,1877,473208,473213
2026-05-06 11:04:00.000000000,1778036640000000000,8927,8941,8926,8939,1179,473213,473291
2026-05-06 11:05:00.000000000,1778036700000000000,8939,8943,8937,8939,683,473291,473159
2026-05-06 11:06:00.000000000,1778036760000000000,8939,8941,8933,8939,889,473159,473148
2026-05-06 11:07:00.000000000,1778036820000000000,8939,8945,8938,8938,806,473148,473149
2026-05-06 11:08:00.000000000,1778036880000000000,8938,8938,8931,8933,589,473149,473272
2026-05-06 11:09:00.000000000,1778036940000000000,8933,8936,8930,8932,777,473272,473398
2026-05-06 11:10:00.000000000,1778037000000000000,8932,8932,8924,8927,937,473398,473426
2026-05-06 11:11:00.000000000,1778037060000000000,8927,8931,8926,8931,649,473426,473403
2026-05-06 11:12:00.000000000,1778037120000000000,8931,8936,8931,8933,376,473403,473370
2026-05-06 11:13:00.000000000,1778037180000000000,8933,8936,8930,8930,446,473370,473369
2026-05-06 11:14:00.000000000,1778037240000000000,8930,8931,8925,8928,683,473369,473358
2026-05-06 11:15:00.000000000,1778037300000000000,8928,8930,8926,8927,445,473358,473368
2026-05-06 11:16:00.000000000,1778037360000000000,8927,8932,8926,8930,656,473368,473491
2026-05-06 11:17:00.000000000,1778037420000000000,8930,8939,8930,8932,982,473491,473504
2026-05-06 11:18:00.000000000,1778037480000000000,8932,8936,8929,8932,764,473504,473465
2026-05-06 11:19:00.000000000,1778037540000000000,8932,8940,8929,8940,529,473465,473434
2026-05-06 11:20:00.000000000,1778037600000000000,8940,8941,8934,8941,840,473434,473691
2026-05-06 11:21:00.000000000,1778037660000000000,8941,8948,8941,8941,1843,473691,474230
2026-05-06 11:22:00.000000000,1778037720000000000,8941,8945,8939,8941,859,474230,474073
2026-05-06 11:23:00.000000000,1778037780000000000,8941,8941,8936,8936,1143,474073,474449
2026-05-06 11:24:00.000000000,1778037840000000000,8936,8946,8936,8943,1282,474449,475011
2026-05-06 11:25:00.000000000,1778037900000000000,8943,8946,8942,8944,833,475011,475182
2026-05-06 11:26:00.000000000,1778037960000000000,8944,8949,8944,8945,1072,475182,475462
2026-05-06 11:27:00.000000000,1778038020000000000,8945,8949,8944,8945,357,475462,475471
2026-05-06 11:28:00.000000000,1778038080000000000,8945,8949,8933,8933,1032,475471,475276
2026-05-06 11:29:00.000000000,1778038140000000000,8933,8937,8932,8936,894,475276,475099
2026-05-06 13:30:00.000000000,1778045400000000000,8934,8960,8934,8955,6323,475099,475381
2026-05-06 13:31:00.000000000,1778045460000000000,8955,8958,8948,8953,1436,475381,475598
2026-05-06 13:32:00.000000000,1778045520000000000,8953,8957,8951,8956,1413,475598,475910
2026-05-06 13:33:00.000000000,1778045580000000000,8956,8964,8953,8961,1359,475910,476143
2026-05-06 13:34:00.000000000,1778045640000000000,8961,8962,8957,8961,948,476143,476271
2026-05-06 13:35:00.000000000,1778045700000000000,8961,8967,8961,8964,1312,476271,476437
2026-05-06 13:36:00.000000000,1778045760000000000,8964,8965,8961,8962,779,476437,476622
2026-05-06 13:37:00.000000000,1778045820000000000,8962,8965,8959,8963,701,476622,476770
2026-05-06 13:38:00.000000000,1778045880000000000,8963,8971,8963,8970,1702,476770,477012
2026-05-06 13:39:00.000000000,1778045940000000000,8970,8973,8967,8972,982,477012,477184
2026-05-06 13:40:00.000000000,1778046000000000000,8972,8983,8972,8982,2767,477184,477640
2026-05-06 13:41:00.000000000,1778046060000000000,8982,8986,8979,8981,1551,477640,477968
2026-05-06 13:42:00.000000000,1778046120000000000,8981,8984,8971,8981,2792,477968,478639
2026-05-06 13:43:00.000000000,1778046180000000000,8981,8982,8976,8978,1501,478639,479051
2026-05-06 13:44:00.000000000,1778046240000000000,8978,8981,8975,8977,704,479051,479169
2026-05-06 13:45:00.000000000,1778046300000000000,8977,8978,8968,8970,1689,479169,479293
2026-05-06 13:46:00.000000000,1778046360000000000,8970,8971,8965,8966,1675,479293,479292
2026-05-06 13:47:00.000000000,1778046420000000000,8966,8970,8964,8966,835,479292,479335
2026-05-06 13:48:00.000000000,1778046480000000000,8966,8973,8966,8970,603,479335,479447
2026-05-06 13:49:00.000000000,1778046540000000000,8970,8970,8961,8967,1418,479447,479646
2026-05-06 13:50:00.000000000,1778046600000000000,8967,8969,8963,8965,1420,479646,479725
2026-05-06 13:51:00.000000000,1778046660000000000,8965,8976,8965,8975,1008,479725,479911
2026-05-06 13:52:00.000000000,1778046720000000000,8975,8978,8971,8973,667,479911,479931
2026-05-06 13:53:00.000000000,1778046780000000000,8973,8976,8972,8976,538,479931,480045
2026-05-06 13:54:00.000000000,1778046840000000000,8976,8980,8975,8979,696,480045,480239
2026-05-06 13:55:00.000000000,1778046900000000000,8979,8986,8979,8982,1451,480239,480673
2026-05-06 13:56:00.000000000,1778046960000000000,8982,8982,8975,8978,1185,480673,480605
2026-05-06 13:57:00.000000000,1778047020000000000,8978,8979,8973,8973,827,480605,480523
2026-05-06 13:58:00.000000000,1778047080000000000,8973,8975,8964,8968,1299,480523,480309
2026-05-06 13:59:00.000000000,1778047140000000000,8968,8970,8966,8967,950,480309,480170
2026-05-06 14:00:00.000000000,1778047200000000000,8967,8968,8951,8951,2049,480170,479824
2026-05-06 14:01:00.000000000,1778047260000000000,8951,8951,8935,8938,3805,479824,479510
2026-05-06 14:02:00.000000000,1778047320000000000,8938,8944,8937,8942,1734,479510,479170
2026-05-06 14:03:00.000000000,1778047380000000000,8942,8949,8930,8945,2819,479170,479041
2026-05-06 14:04:00.000000000,1778047440000000000,8945,8945,8938,8942,723,479041,479052
2026-05-06 14:05:00.000000000,1778047500000000000,8942,8944,8939,8942,924,479052,478987
2026-05-06 14:06:00.000000000,1778047560000000000,8942,8944,8935,8941,898,478987,478932
2026-05-06 14:07:00.000000000,1778047620000000000,8941,8942,8933,8934,915,478932,478813
2026-05-06 14:08:00.000000000,1778047680000000000,8934,8938,8931,8934,958,478813,478827
2026-05-06 14:09:00.000000000,1778047740000000000,8934,8934,8926,8926,1146,478827,478808
2026-05-06 14:10:00.000000000,1778047800000000000,8926,8929,8925,8929,1309,478808,478744
2026-05-06 14:11:00.000000000,1778047860000000000,8929,8929,8917,8923,1777,478744,478630
2026-05-06 14:12:00.000000000,1778047920000000000,8923,8928,8919,8926,1053,478630,478703
2026-05-06 14:13:00.000000000,1778047980000000000,8926,8932,8923,8930,1169,478703,478904
2026-05-06 14:14:00.000000000,1778048040000000000,8930,8936,8926,8935,1333,478904,479195
2026-05-06 14:15:00.000000000,1778048100000000000,8935,8939,8933,8937,996,479195,479215
2026-05-06 14:16:00.000000000,1778048160000000000,8937,8945,8936,8944,1087,479215,479098
2026-05-06 14:17:00.000000000,1778048220000000000,8944,8947,8941,8941,741,479098,479045
2026-05-06 14:18:00.000000000,1778048280000000000,8941,8944,8936,8936,876,479045,479071
2026-05-06 14:19:00.000000000,1778048340000000000,8936,8943,8936,8943,640,479071,479063
2026-05-06 14:20:00.000000000,1778048400000000000,8943,8947,8942,8944,835,479063,479113
2026-05-06 14:21:00.000000000,1778048460000000000,8944,8953,8944,8953,1156,479113,479199
2026-05-06 14:22:00.000000000,1778048520000000000,8953,8964,8952,8963,2006,479199,479563
2026-05-06 14:23:00.000000000,1778048580000000000,8963,8968,8961,8968,1655,479563,479763
2026-05-06 14:24:00.000000000,1778048640000000000,8968,8974,8964,8970,1616,479763,479766
2026-05-06 14:25:00.000000000,1778048700000000000,8970,8973,8967,8968,1371,479766,480189
2026-05-06 14:26:00.000000000,1778048760000000000,8968,8972,8968,8969,960,480189,480281
2026-05-06 14:27:00.000000000,1778048820000000000,8969,8970,8967,8969,866,480281,480336
2026-05-06 14:28:00.000000000,1778048880000000000,8969,8969,8962,8963,917,480336,480337
2026-05-06 14:29:00.000000000,1778048940000000000,8963,8967,8962,8965,1004,480337,480533
2026-05-06 14:30:00.000000000,1778049000000000000,8965,8966,8961,8962,792,480533,480689
2026-05-06 14:31:00.000000000,1778049060000000000,8962,8965,8958,8962,929,480689,480938
2026-05-06 14:32:00.000000000,1778049120000000000,8962,8970,8960,8966,1241,480938,481180
2026-05-06 14:33:00.000000000,1778049180000000000,8966,8967,8960,8963,1067,481180,481286
2026-05-06 14:34:00.000000000,1778049240000000000,8963,8973,8962,8970,1279,481286,481753
2026-05-06 14:35:00.000000000,1778049300000000000,8970,8971,8968,8970,747,481753,482002
2026-05-06 14:36:00.000000000,1778049360000000000,8970,8971,8966,8967,603,482002,482074
2026-05-06 14:37:00.000000000,1778049420000000000,8967,8967,8960,8964,910,482074,482202
2026-05-06 14:38:00.000000000,1778049480000000000,8964,8964,8959,8959,1622,482202,482217
2026-05-06 14:39:00.000000000,1778049540000000000,8959,8962,8958,8960,930,482217,482298
2026-05-06 14:40:00.000000000,1778049600000000000,8960,8960,8954,8959,1172,482298,482262
2026-05-06 14:41:00.000000000,1778049660000000000,8959,8964,8957,8963,1021,482262,482300
2026-05-06 14:42:00.000000000,1778049720000000000,8963,8970,8963,8966,1343,482300,482441
2026-05-06 14:43:00.000000000,1778049780000000000,8966,8967,8963,8967,525,482441,482505
2026-05-06 14:44:00.000000000,1778049840000000000,8967,8967,8962,8962,536,482505,482560
2026-05-06 14:45:00.000000000,1778049900000000000,8962,8964,8959,8960,629,482560,482538
2026-05-06 14:46:00.000000000,1778049960000000000,8960,8961,8957,8960,726,482538,482426
2026-05-06 14:47:00.000000000,1778050020000000000,8960,8962,8958,8962,491,482426,482428
2026-05-06 14:48:00.000000000,1778050080000000000,8962,8966,8961,8964,700,482428,482721
2026-05-06 14:49:00.000000000,1778050140000000000,8964,8965,8961,8962,610,482721,482742
2026-05-06 14:50:00.000000000,1778050200000000000,8962,8963,8955,8957,1284,482742,482616
2026-05-06 14:51:00.000000000,1778050260000000000,8957,8960,8955,8958,812,482616,482394
2026-05-06 14:52:00.000000000,1778050320000000000,8958,8961,8954,8959,771,482394,482247
2026-05-06 14:53:00.000000000,1778050380000000000,8959,8963,8958,8959,559,482247,482217
2026-05-06 14:54:00.000000000,1778050440000000000,8959,8960,8957,8958,513,482217,482150
2026-05-06 14:55:00.000000000,1778050500000000000,8958,8958,8954,8955,1066,482150,481663
2026-05-06 14:56:00.000000000,1778050560000000000,8955,8955,8951,8954,898,481663,481231
2026-05-06 14:57:00.000000000,1778050620000000000,8954,8958,8953,8956,1532,481231,481306
2026-05-06 14:58:00.000000000,1778050680000000000,8956,8961,8953,8959,1085,481306,480856
2026-05-06 14:59:00.000000000,1778050740000000000,8959,8960,8955,8960,2612,480856,480074
2026-05-06 21:00:00.000000000,1778072400000000000,8798,8816,8752,8754,32501,480074,477626
2026-05-06 21:01:00.000000000,1778072460000000000,8754,8772,8749,8759,13302,477626,475039
2026-05-06 21:02:00.000000000,1778072520000000000,8759,8764,8753,8754,7901,475039,475319
2026-05-06 21:03:00.000000000,1778072580000000000,8754,8769,8748,8761,7508,475319,474763
2026-05-06 21:04:00.000000000,1778072640000000000,8761,8761,8743,8751,7981,474763,475295
2026-05-06 21:05:00.000000000,1778072700000000000,8751,8751,8742,8745,5547,475295,475380
2026-05-06 21:06:00.000000000,1778072760000000000,8745,8764,8744,8763,6270,475380,475639
2026-05-06 21:07:00.000000000,1778072820000000000,8763,8773,8760,8773,5649,475639,475267
2026-05-06 21:08:00.000000000,1778072880000000000,8773,8785,8772,8778,6904,475267,474964
2026-05-06 21:09:00.000000000,1778072940000000000,8778,8782,8772,8779,2580,474964,475093
2026-05-06 21:10:00.000000000,1778073000000000000,8779,8796,8778,8795,4861,475093,475905
2026-05-06 21:11:00.000000000,1778073060000000000,8795,8803,8784,8784,4998,475905,476528
2026-05-06 21:12:00.000000000,1778073120000000000,8784,8785,8777,8782,2341,476528,476637
2026-05-06 21:13:00.000000000,1778073180000000000,8782,8786,8777,8781,2586,476637,476596
2026-05-06 21:14:00.000000000,1778073240000000000,8781,8783,8775,8781,2577,476596,477020
2026-05-06 21:15:00.000000000,1778073300000000000,8781,8788,8779,8781,1926,477020,477151
2026-05-06 21:16:00.000000000,1778073360000000000,8781,8782,8776,8777,1924,477151,477394
2026-05-06 21:17:00.000000000,1778073420000000000,8777,8779,8771,8773,1539,477394,477256
2026-05-06 21:18:00.000000000,1778073480000000000,8773,8785,8773,8779,2032,477256,477087
2026-05-06 21:19:00.000000000,1778073540000000000,8779,8782,8772,8775,1430,477087,477131
2026-05-06 21:20:00.000000000,1778073600000000000,8775,8781,8775,8778,1245,477131,477402
2026-05-06 21:21:00.000000000,1778073660000000000,8778,8778,8767,8767,2000,477402,477765
2026-05-06 21:22:00.000000000,1778073720000000000,8767,8771,8763,8766,2233,477765,477753
2026-05-06 21:23:00.000000000,1778073780000000000,8766,8772,8765,8768,1316,477753,477770
2026-05-06 21:24:00.000000000,1778073840000000000,8768,8774,8767,8772,1303,477770,477552
2026-05-06 21:25:00.000000000,1778073900000000000,8772,8777,8771,8774,1689,477552,477701
2026-05-06 21:26:00.000000000,1778073960000000000,8774,8785,8772,8784,2035,477701,477694
2026-05-06 21:27:00.000000000,1778074020000000000,8784,8786,8772,8772,1373,477694,477600
2026-05-06 21:28:00.000000000,1778074080000000000,8772,8773,8761,8761,2619,477600,477739
2026-05-06 21:29:00.000000000,1778074140000000000,8761,8761,8743,8745,5232,477739,477606
2026-05-06 21:30:00.000000000,1778074200000000000,8745,8751,8744,8751,2745,477606,477645
2026-05-06 21:31:00.000000000,1778074260000000000,8751,8751,8744,8749,2453,477645,477819
2026-05-06 21:32:00.000000000,1778074320000000000,8749,8756,8747,8749,1831,477819,477519
2026-05-06 21:33:00.000000000,1778074380000000000,8749,8751,8745,8746,1224,477519,477475
2026-05-06 21:34:00.000000000,1778074440000000000,8746,8747,8726,8729,4712,477475,477176
2026-05-06 21:35:00.000000000,1778074500000000000,8729,8729,8721,8729,3327,477176,477119
2026-05-06 21:36:00.000000000,1778074560000000000,8729,8730,8712,8714,4925,477119,476480
2026-05-06 21:37:00.000000000,1778074620000000000,8714,8716,8703,8716,4506,476480,475985
2026-05-06 21:38:00.000000000,1778074680000000000,8716,8717,8696,8700,4827,475985,475446
2026-05-06 21:39:00.000000000,1778074740000000000,8700,8706,8699,8703,3416,475446,475384
2026-05-06 21:40:00.000000000,1778074800000000000,8703,8705,8694,8697,4042,475384,475809
2026-05-06 21:41:00.000000000,1778074860000000000,8697,8703,8695,8703,1863,475809,475614
2026-05-06 21:42:00.000000000,1778074920000000000,8703,8706,8699,8705,1820,475614,475843
2026-05-06 21:43:00.000000000,1778074980000000000,8705,8712,8704,8712,3339,475843,476327
2026-05-06 21:44:00.000000000,1778075040000000000,8712,8717,8708,8716,2794,476327,476365
2026-05-06 21:45:00.000000000,1778075100000000000,8716,8732,8715,8727,3632,476365,476139
2026-05-06 21:46:00.000000000,1778075160000000000,8727,8729,8724,8727,2593,476139,476189
2026-05-06 21:47:00.000000000,1778075220000000000,8727,8728,8710,8711,2369,476189,476503
2026-05-06 21:48:00.000000000,1778075280000000000,8711,8713,8705,8710,1892,476503,476487
2026-05-06 21:49:00.000000000,1778075340000000000,8710,8710,8702,8703,1183,476487,476318
2026-05-06 21:50:00.000000000,1778075400000000000,8703,8709,8699,8709,1689,476318,476348
2026-05-06 21:51:00.000000000,1778075460000000000,8709,8713,8706,8708,1184,476348,476058
2026-05-06 21:52:00.000000000,1778075520000000000,8708,8711,8705,8710,894,476058,475986
2026-05-06 21:53:00.000000000,1778075580000000000,8710,8713,8708,8709,597,475986,476049
2026-05-06 21:54:00.000000000,1778075640000000000,8709,8715,8708,8714,923,476049,476339
2026-05-06 21:55:00.000000000,1778075700000000000,8714,8717,8710,8712,743,476339,476361
2026-05-06 21:56:00.000000000,1778075760000000000,8712,8714,8711,8711,440,476361,476210
2026-05-06 21:57:00.000000000,1778075820000000000,8711,8715,8709,8710,1474,476210,476278
2026-05-06 21:58:00.000000000,1778075880000000000,8710,8714,8709,8709,696,476278,476195
2026-05-06 21:59:00.000000000,1778075940000000000,8709,8710,8704,8707,1011,476195,476202
2026-05-06 22:00:00.000000000,1778076000000000000,8707,8715,8707,8712,2290,476202,475710
2026-05-06 22:01:00.000000000,1778076060000000000,8712,8716,8711,8716,1456,475710,475318
2026-05-06 22:02:00.000000000,1778076120000000000,8716,8724,8714,8719,1029,475318,475134
2026-05-06 22:03:00.000000000,1778076180000000000,8719,8722,8718,8721,657,475134,474997
2026-05-06 22:04:00.000000000,1778076240000000000,8721,8722,8715,8719,718,474997,475082
2026-05-06 22:05:00.000000000,1778076300000000000,8719,8726,8719,8726,1411,475082,474810
2026-05-06 22:06:00.000000000,1778076360000000000,8726,8731,8724,8730,2600,474810,474662
2026-05-06 22:07:00.000000000,1778076420000000000,8730,8734,8728,8730,1782,474662,474231
2026-05-06 22:08:00.000000000,1778076480000000000,8730,8734,8728,8732,1201,474231,474071
2026-05-06 22:09:00.000000000,1778076540000000000,8732,8736,8729,8730,1136,474071,474100
2026-05-06 22:10:00.000000000,1778076600000000000,8730,8733,8724,8726,2139,474100,474237
2026-05-06 22:11:00.000000000,1778076660000000000,8726,8727,8723,8724,856,474237,474012
2026-05-06 22:12:00.000000000,1778076720000000000,8724,8726,8718,8720,1918,474012,473916
2026-05-06 22:13:00.000000000,1778076780000000000,8720,8721,8714,8717,1681,473916,474283
2026-05-06 22:14:00.000000000,1778076840000000000,8717,8718,8711,8716,1558,474283,474257
2026-05-06 22:15:00.000000000,1778076900000000000,8716,8722,8716,8719,2668,474257,474956
2026-05-06 22:16:00.000000000,1778076960000000000,8719,8722,8715,8718,1555,474956,475062
2026-05-06 22:17:00.000000000,1778077020000000000,8718,8729,8718,8728,1429,475062,474918
2026-05-06 22:18:00.000000000,1778077080000000000,8728,8732,8727,8729,1308,474918,475029
2026-05-06 22:19:00.000000000,1778077140000000000,8729,8729,8720,8724,1108,475029,474784
2026-05-06 22:20:00.000000000,1778077200000000000,8724,8729,8724,8729,583,474784,474843
2026-05-06 22:21:00.000000000,1778077260000000000,8729,8729,8724,8726,595,474843,474823
2026-05-06 22:22:00.000000000,1778077320000000000,8726,8727,8724,8725,403,474823,474736
2026-05-06 22:23:00.000000000,1778077380000000000,8725,8730,8721,8724,770,474736,474700
2026-05-06 22:24:00.000000000,1778077440000000000,8724,8726,8722,8724,759,474700,474873
2026-05-06 22:25:00.000000000,1778077500000000000,8724,8727,8724,8726,660,474873,475139
2026-05-06 22:26:00.000000000,1778077560000000000,8726,8732,8726,8730,1521,475139,475089
2026-05-06 22:27:00.000000000,1778077620000000000,8730,8730,8724,8726,535,475089,475074
2026-05-06 22:28:00.000000000,1778077680000000000,8726,8727,8722,8723,446,475074,475044
2026-05-06 22:29:00.000000000,1778077740000000000,8723,8733,8723,8733,1395,475044,475287
2026-05-06 22:30:00.000000000,1778077800000000000,8733,8738,8725,8726,1732,475287,475154
2026-05-06 22:31:00.000000000,1778077860000000000,8726,8728,8725,8728,489,475154,475210
2026-05-06 22:32:00.000000000,1778077920000000000,8728,8731,8726,8729,602,475210,475344
2026-05-06 22:33:00.000000000,1778077980000000000,8729,8736,8729,8735,728,475344,475360
2026-05-06 22:34:00.000000000,1778078040000000000,8735,8738,8733,8738,551,475360,475372
2026-05-06 22:35:00.000000000,1778078100000000000,8738,8741,8736,8737,1401,475372,475499
2026-05-06 22:36:00.000000000,1778078160000000000,8737,8740,8734,8737,1241,475499,475836
2026-05-06 22:37:00.000000000,1778078220000000000,8737,8742,8737,8739,839,475836,475690
2026-05-06 22:38:00.000000000,1778078280000000000,8739,8741,8735,8736,631,475690,475656
2026-05-06 22:39:00.000000000,1778078340000000000,8736,8737,8733,8734,579,475656,475601
2026-05-06 22:40:00.000000000,1778078400000000000,8734,8735,8732,8733,624,475601,475776
2026-05-06 22:41:00.000000000,1778078460000000000,8733,8733,8725,8732,1698,475776,475485
2026-05-06 22:42:00.000000000,1778078520000000000,8732,8736,8732,8732,883,475485,475472
2026-05-06 22:43:00.000000000,1778078580000000000,8732,8734,8728,8734,1015,475472,475377
2026-05-06 22:44:00.000000000,1778078640000000000,8734,8736,8728,8729,1194,475377,475468
2026-05-06 22:45:00.000000000,1778078700000000000,8729,8730,8727,8727,781,475468,475519
2026-05-06 22:46:00.000000000,1778078760000000000,8727,8729,8721,8724,1215,475519,475214
2026-05-06 22:47:00.000000000,1778078820000000000,8724,8724,8718,8721,1096,475214,475198
2026-05-06 22:48:00.000000000,1778078880000000000,8721,8730,8721,8727,733,475198,475199
2026-05-06 22:49:00.000000000,1778078940000000000,8727,8728,8723,8723,940,475199,475342
2026-05-06 22:50:00.000000000,1778079000000000000,8723,8729,8723,8729,730,475342,475226
2026-05-06 22:51:00.000000000,1778079060000000000,8729,8731,8726,8727,592,475226,475291
2026-05-06 22:52:00.000000000,1778079120000000000,8727,8731,8726,8728,650,475291,475259
2026-05-06 22:53:00.000000000,1778079180000000000,8728,8733,8728,8731,650,475259,475111
2026-05-06 22:54:00.000000000,1778079240000000000,8731,8735,8731,8731,529,475111,475103
2026-05-06 22:55:00.000000000,1778079300000000000,8731,8732,8726,8727,493,475103,474983
2026-05-06 22:56:00.000000000,1778079360000000000,8727,8728,8721,8722,1147,474983,474686
2026-05-06 22:57:00.000000000,1778079420000000000,8722,8726,8722,8723,515,474686,474551
2026-05-06 22:58:00.000000000,1778079480000000000,8723,8723,8715,8717,1716,474551,473934
2026-05-06 22:59:00.000000000,1778079540000000000,8717,8719,8711,8712,2630,473934,472607
2026-05-07 09:00:00.000000000,1778115600000000000,8734,8759,8734,8752,9190,472607,472254
2026-05-07 09:01:00.000000000,1778115660000000000,8752,8762,8751,8761,4237,472254,471558
2026-05-07 09:02:00.000000000,1778115720000000000,8761,8773,8752,8752,4421,471558,471263
2026-05-07 09:03:00.000000000,1778115780000000000,8752,8752,8742,8743,2663,471263,471189
2026-05-07 09:04:00.000000000,1778115840000000000,8743,8743,8735,8738,2657,471189,470674
2026-05-07 09:05:00.000000000,1778115900000000000,8738,8738,8732,8733,2264,470674,470798
2026-05-07 09:06:00.000000000,1778115960000000000,8733,8736,8719,8722,3463,470798,470918
2026-05-07 09:07:00.000000000,1778116020000000000,8722,8725,8714,8716,2557,470918,471113
2026-05-07 09:08:00.000000000,1778116080000000000,8716,8719,8711,8716,1687,471113,471128
2026-05-07 09:09:00.000000000,1778116140000000000,8716,8720,8711,8718,1352,471128,471153
2026-05-07 09:10:00.000000000,1778116200000000000,8718,8719,8709,8712,1807,471153,471338
2026-05-07 09:11:00.000000000,1778116260000000000,8712,8715,8707,8708,1429,471338,471515
2026-05-07 09:12:00.000000000,1778116320000000000,8708,8712,8703,8705,2440,471515,471809
2026-05-07 09:13:00.000000000,1778116380000000000,8705,8708,8701,8702,1977,471809,471742
2026-05-07 09:14:00.000000000,1778116440000000000,8702,8712,8702,8709,1966,471742,471775
2026-05-07 09:15:00.000000000,1778116500000000000,8709,8714,8708,8709,1034,471775,471829
2026-05-07 09:16:00.000000000,1778116560000000000,8709,8710,8690,8694,4012,471829,471815
2026-05-07 09:17:00.000000000,1778116620000000000,8694,8698,8693,8695,1587,471815,472023
2026-05-07 09:18:00.000000000,1778116680000000000,8695,8696,8681,8683,2958,472023,471800
2026-05-07 09:19:00.000000000,1778116740000000000,8683,8686,8674,8681,3740,471800,471651
2026-05-07 09:20:00.000000000,1778116800000000000,8681,8686,8681,8681,2128,471651,471974
2026-05-07 09:21:00.000000000,1778116860000000000,8681,8681,8675,8681,1362,471974,472155
2026-05-07 09:22:00.000000000,1778116920000000000,8681,8684,8674,8677,1509,472155,472265
2026-05-07 09:23:00.000000000,1778116980000000000,8677,8682,8671,8674,1743,472265,472513
2026-05-07 09:24:00.000000000,1778117040000000000,8674,8675,8667,8668,2336,472513,471801
2026-05-07 09:25:00.000000000,1778117100000000000,8668,8673,8667,8668,1532,471801,471913
2026-05-07 09:26:00.000000000,1778117160000000000,8668,8668,8654,8655,2363,471913,471822
2026-05-07 09:27:00.000000000,1778117220000000000,8655,8662,8655,8656,2061,471822,471716
2026-05-07 09:28:00.000000000,1778117280000000000,8656,8660,8650,8650,3068,471716,472267
2026-05-07 09:29:00.000000000,1778117340000000000,8650,8651,8634,8638,5517,472267,473033
2026-05-07 09:30:00.000000000,1778117400000000000,8638,8643,8629,8637,4476,473033,473510
2026-05-07 09:31:00.000000000,1778117460000000000,8637,8643,8626,8635,4366,473510,473744
2026-05-07 09:32:00.000000000,1778117520000000000,8635,8637,8629,8634,2396,473744,473703
2026-05-07 09:33:00.000000000,1778117580000000000,8634,8641,8633,8638,2068,473703,473653
2026-05-07 09:34:00.000000000,1778117640000000000,8638,8644,8635,8642,2245,473653,473919
2026-05-07 09:35:00.000000000,1778117700000000000,8642,8650,8642,8643,2661,473919,474044
2026-05-07 09:36:00.000000000,1778117760000000000,8643,8648,8642,8645,1064,474044,473974
2026-05-07 09:37:00.000000000,1778117820000000000,8645,8651,8642,8650,1362,473974,473939
2026-05-07 09:38:00.000000000,1778117880000000000,8650,8652,8645,8648,1315,473939,474283
2026-05-07 09:39:00.000000000,1778117940000000000,8648,8649,8639,8639,1658,474283,474392
2026-05-07 09:40:00.000000000,1778118000000000000,8639,8640,8629,8635,2373,474392,474336
2026-05-07 09:41:00.000000000,1778118060000000000,8635,8635,8619,8619,4316,474336,472756
2026-05-07 09:42:00.000000000,1778118120000000000,8619,8632,8616,8630,2352,472756,472538
2026-05-07 09:43:00.000000000,1778118180000000000,8630,8630,8620,8622,1210,472538,472663
2026-05-07 09:44:00.000000000,1778118240000000000,8622,8623,8618,8620,1912,472663,472415
2026-05-07 09:45:00.000000000,1778118300000000000,8620,8626,8617,8621,2209,472415,472037
2026-05-07 09:46:00.000000000,1778118360000000000,8621,8627,8620,8626,1629,472037,472252
2026-05-07 09:47:00.000000000,1778118420000000000,8626,8627,8621,8623,1267,472252,472378
2026-05-07 09:48:00.000000000,1778118480000000000,8623,8630,8623,8625,1736,472378,472366
2026-05-07 09:49:00.000000000,1778118540000000000,8625,8626,8619,8625,1140,472366,472418
2026-05-07 09:50:00.000000000,1778118600000000000,8625,8630,8623,8627,956,472418,472565
2026-05-07 09:51:00.000000000,1778118660000000000,8627,8627,8618,8619,1246,472565,472299
2026-05-07 09:52:00.000000000,1778118720000000000,8619,8620,8610,8614,2075,472299,472310
2026-05-07 09:53:00.000000000,1778118780000000000,8614,8619,8612,8612,1753,472310,472331
2026-05-07 09:54:00.000000000,1778118840000000000,8612,8612,8606,8607,2418,472331,472682
2026-05-07 09:55:00.000000000,1778118900000000000,8607,8610,8605,8608,988,472682,472568
2026-05-07 09:56:00.000000000,1778118960000000000,8608,8609,8604,8604,1073,472568,472460
2026-05-07 09:57:00.000000000,1778119020000000000,8604,8615,8604,8613,1696,472460,472520
2026-05-07 09:58:00.000000000,1778119080000000000,8613,8616,8606,8606,1979,472520,472056
2026-05-07 09:59:00.000000000,1778119140000000000,8606,8608,8595,8597,4689,472056,471806
2026-05-07 10:00:00.000000000,1778119200000000000,8597,8606,8594,8600,3272,471806,471263
2026-05-07 10:01:00.000000000,1778119260000000000,8600,8605,8599,8600,1518,471263,471507
2026-05-07 10:02:00.000000000,1778119320000000000,8600,8601,8582,8585,3390,471507,471210
2026-05-07 10:03:00.000000000,1778119380000000000,8585,8589,8582,8586,2209,471210,470945
2026-05-07 10:04:00.000000000,1778119440000000000,8586,8605,8585,8600,2861,470945,470426
2026-05-07 10:05:00.000000000,1778119500000000000,8600,8603,8597,8602,1168,470426,470606
2026-05-07 10:06:00.000000000,1778119560000000000,8602,8608,8601,8608,1977,470606,470715
2026-05-07 10:07:00.000000000,1778119620000000000,8608,8608,8602,8607,1811,470715,470659
2026-05-07 10:08:00.000000000,1778119680000000000,8607,8607,8599,8600,1814,470659,470539
2026-05-07 10:09:00.000000000,1778119740000000000,8600,8602,8595,8598,1642,470539,470204
2026-05-07 10:10:00.000000000,1778119800000000000,8598,8599,8592,8597,1499,470204,470073
2026-05-07 10:11:00.000000000,1778119860000000000,8597,8598,8589,8591,1364,470073,470107
2026-05-07 10:12:00.000000000,1778119920000000000,8591,8595,8587,8592,2113,470107,469729
2026-05-07 10:13:00.000000000,1778119980000000000,8592,8597,8590,8596,2147,469729,469101
2026-05-07 10:14:00.000000000,1778120040000000000,8596,8596,8588,8593,1588,469101,468863
2026-05-07 10:30:00.000000000,1778121000000000000,8597,8605,8594,8604,3986,468863,468787
2026-05-07 10:31:00.000000000,1778121060000000000,8604,8605,8590,8592,2855,468787,468246
2026-05-07 10:32:00.000000000,1778121120000000000,8592,8621,8592,8619,3915,468246,467839
2026-05-07 10:33:00.000000000,1778121180000000000,8619,8624,8615,8621,3251,467839,468549
2026-05-07 10:34:00.000000000,1778121240000000000,8621,8628,8618,8625,2546,468549,468787
2026-05-07 10:35:00.000000000,1778121300000000000,8625,8625,8612,8616,1928,468787,469278
2026-05-07 10:36:00.000000000,1778121360000000000,8616,8620,8613,8619,1919,469278,469961
2026-05-07 10:37:00.000000000,1778121420000000000,8619,8622,8614,8617,1304,469961,470248
2026-05-07 10:38:00.000000000,1778121480000000000,8617,8618,8606,8616,1691,470248,470789
2026-05-07 10:39:00.000000000,1778121540000000000,8616,8619,8615,8618,1172,470789,470932
2026-05-07 10:40:00.000000000,1778121600000000000,8618,8619,8608,8610,1537,470932,471182
2026-05-07 10:41:00.000000000,1778121660000000000,8610,8617,8609,8615,1621,471182,471577
2026-05-07 10:42:00.000000000,1778121720000000000,8615,8616,8608,8609,840,471577,471632
2026-05-07 10:43:00.000000000,1778121780000000000,8609,8612,8605,8608,1295,471632,471887
2026-05-07 10:44:00.000000000,1778121840000000000,8608,8622,8606,8619,2090,471887,472430
2026-05-07 10:45:00.000000000,1778121900000000000,8619,8625,8617,8617,3478,472430,472760
2026-05-07 10:46:00.000000000,1778121960000000000,8617,8628,8615,8624,2167,472760,472715
2026-05-07 10:47:00.000000000,1778122020000000000,8624,8634,8624,8633,2530,472715,473072
2026-05-07 10:48:00.000000000,1778122080000000000,8633,8641,8631,8637,3816,473072,473060
2026-05-07 10:49:00.000000000,1778122140000000000,8637,8643,8634,8643,3417,473060,472963
2026-05-07 10:50:00.000000000,1778122200000000000,8643,8651,8637,8637,4362,472963,472740
2026-05-07 10:51:00.000000000,1778122260000000000,8637,8641,8634,8635,2199,472740,472771
2026-05-07 10:52:00.000000000,1778122320000000000,8635,8641,8633,8633,1972,472771,472714
2026-05-07 10:53:00.000000000,1778122380000000000,8633,8639,8633,8635,956,472714,472741
2026-05-07 10:54:00.000000000,1778122440000000000,8635,8638,8630,8632,1141,472741,472662
2026-05-07 10:55:00.000000000,1778122500000000000,8632,8634,8628,8629,816,472662,472812
2026-05-07 10:56:00.000000000,1778122560000000000,8629,8630,8624,8625,1249,472812,472910
2026-05-07 10:57:00.000000000,1778122620000000000,8625,8630,8624,8629,864,472910,472925
2026-05-07 10:58:00.000000000,1778122680000000000,8629,8630,8626,8630,738,472925,472868
2026-05-07 10:59:00.000000000,1778122740000000000,8630,8643,8626,8641,2330,472868,473560
2026-05-07 11:00:00.000000000,1778122800000000000,8641,8648,8641,8646,1540,473560,474072
2026-05-07 11:01:00.000000000,1778122860000000000,8646,8652,8646,8651,2223,474072,474438
2026-05-07 11:02:00.000000000,1778122920000000000,8651,8662,8651,8660,3043,474438,474744
2026-05-07 11:03:00.000000000,1778122980000000000,8660,8662,8658,8660,2367,474744,474787
2026-05-07 11:04:00.000000000,1778123040000000000,8660,8668,8660,8663,2043,474787,475016
2026-05-07 11:05:00.000000000,1778123100000000000,8663,8665,8654,8656,2390,475016,475439
2026-05-07 11:06:00.000000000,1778123160000000000,8656,8656,8652,8653,2349,475439,475353
2026-05-07 11:07:00.000000000,1778123220000000000,8653,8660,8653,8657,1156,475353,475478
2026-05-07 11:08:00.000000000,1778123280000000000,8657,8662,8657,8658,1185,475478,475527
2026-05-07 11:09:00.000000000,1778123340000000000,8658,8660,8650,8658,1027,475527,475445
2026-05-07 11:10:00.000000000,1778123400000000000,8658,8665,8658,8664,1238,475445,475473
2026-05-07 11:11:00.000000000,1778123460000000000,8664,8665,8658,8660,867,475473,475409
2026-05-07 11:12:00.000000000,1778123520000000000,8660,8662,8657,8659,1356,475409,475329
2026-05-07 11:13:00.000000000,1778123580000000000,8659,8661,8655,8656,816,475329,475305
2026-05-07 11:14:00.000000000,1778123640000000000,8656,8658,8652,8657,836,475305,475230
2026-05-07 11:15:00.000000000,1778123700000000000,8657,8662,8656,8660,698,475230,475307
2026-05-07 11:16:00.000000000,1778123760000000000,8660,8661,8657,8659,948,475307,475231
2026-05-07 11:17:00.000000000,1778123820000000000,8659,8659,8654,8657,682,475231,475119
2026-05-07 11:18:00.000000000,1778123880000000000,8657,8659,8656,8659,565,475119,474980
2026-05-07 11:19:00.000000000,1778123940000000000,8659,8662,8657,8660,891,474980,474762
2026-05-07 11:20:00.000000000,1778124000000000000,8660,8661,8652,8652,1077,474762,474357
2026-05-07 11:21:00.000000000,1778124060000000000,8652,8661,8652,8659,859,474357,474248
2026-05-07 11:22:00.000000000,1778124120000000000,8659,8665,8659,8663,1517,474248,474174
2026-05-07 11:23:00.000000000,1778124180000000000,8663,8666,8659,8660,828,474174,474280
2026-05-07 11:24:00.000000000,1778124240000000000,8660,8666,8659,8666,725,474280,474206
2026-05-07 11:25:00.000000000,1778124300000000000,8666,8672,8664,8664,1772,474206,473813
2026-05-07 11:26:00.000000000,1778124360000000000,8664,8666,8662,8665,441,473813,473752
2026-05-07 11:27:00.000000000,1778124420000000000,8665,8666,8662,8665,506,473752,473558
2026-05-07 11:28:00.000000000,1778124480000000000,8665,8668,8664,8668,717,473558,473347
2026-05-07 11:29:00.000000000,1778124540000000000,8668,8669,8660,8662,897,473347,472969
2026-05-07 13:30:00.000000000,1778131800000000000,8662,8665,8654,8658,2381,472969,473530
2026-05-07 13:31:00.000000000,1778131860000000000,8658,8658,8650,8655,2067,473530,473423
2026-05-07 13:32:00.000000000,1778131920000000000,8655,8664,8655,8660,1060,473423,473526
2026-05-07 13:33:00.000000000,1778131980000000000,8660,8663,8657,8659,896,473526,473518
2026-05-07 13:34:00.000000000,1778132040000000000,8659,8663,8657,8660,1141,473518,473678
2026-05-07 13:35:00.000000000,1778132100000000000,8660,8662,8658,8659,624,473678,473630
2026-05-07 13:36:00.000000000,1778132160000000000,8659,8659,8650,8652,1473,473630,473700
2026-05-07 13:37:00.000000000,1778132220000000000,8652,8655,8649,8652,1132,473700,473694
2026-05-07 13:38:00.000000000,1778132280000000000,8652,8658,8652,8657,638,473694,473652
2026-05-07 13:39:00.000000000,1778132340000000000,8657,8659,8653,8657,541,473652,473790
2026-05-07 13:40:00.000000000,1778132400000000000,8657,8657,8653,8653,457,473790,473723
2026-05-07 13:41:00.000000000,1778132460000000000,8653,8659,8653,8659,892,473723,473624
2026-05-07 13:42:00.000000000,1778132520000000000,8659,8662,8658,8661,1284,473624,473470
2026-05-07 13:43:00.000000000,1778132580000000000,8661,8661,8655,8657,683,473470,473277
2026-05-07 13:44:00.000000000,1778132640000000000,8657,8661,8657,8660,996,473277,473306
2026-05-07 13:45:00.000000000,1778132700000000000,8660,8661,8656,8658,584,473306,473358
2026-05-07 13:46:00.000000000,1778132760000000000,8658,8658,8654,8656,669,473358,473282
2026-05-07 13:47:00.000000000,1778132820000000000,8656,8656,8647,8649,1977,473282,473177
2026-05-07 13:48:00.000000000,1778132880000000000,8649,8651,8645,8645,1199,473177,473105
2026-05-07 13:49:00.000000000,1778132940000000000,8645,8649,8644,8646,1776,473105,473248
2026-05-07 13:50:00.000000000,1778133000000000000,8646,8651,8646,8650,633,473248,473186
2026-05-07 13:51:00.000000000,1778133060000000000,8650,8650,8638,8640,1343,473186,472986
2026-05-07 13:52:00.000000000,1778133120000000000,8640,8644,8638,8643,1140,472986,473145
2026-05-07 13:53:00.000000000,1778133180000000000,8643,8644,8639,8641,638,473145,473255
2026-05-07 13:54:00.000000000,1778133240000000000,8641,8645,8641,8642,550,473255,473336
2026-05-07 13:55:00.000000000,1778133300000000000,8642,8643,8637,8640,729,473336,473452
2026-05-07 13:56:00.000000000,1778133360000000000,8640,8642,8638,8638,432,473452,473481
2026-05-07 13:57:00.000000000,1778133420000000000,8638,8640,8634,8639,955,473481,473575
2026-05-07 13:58:00.000000000,1778133480000000000,8639,8640,8637,8639,479,473575,473618
2026-05-07 13:59:00.000000000,1778133540000000000,8639,8648,8639,8648,1172,473618,473666
2026-05-07 14:00:00.000000000,1778133600000000000,8648,8649,8642,8644,1343,473666,473694
2026-05-07 14:01:00.000000000,1778133660000000000,8644,8646,8641,8641,460,473694,473735
2026-05-07 14:02:00.000000000,1778133720000000000,8641,8641,8637,8639,720,473735,473802
2026-05-07 14:03:00.000000000,1778133780000000000,8639,8640,8637,8640,353,473802,473851
2026-05-07 14:04:00.000000000,1778133840000000000,8640,8641,8638,8639,650,473851,473753
2026-05-07 14:05:00.000000000,1778133900000000000,8639,8640,8636,8637,756,473753,473601
2026-05-07 14:06:00.000000000,1778133960000000000,8637,8637,8632,8633,971,473601,473605
2026-05-07 14:07:00.000000000,1778134020000000000,8633,8635,8631,8631,607,473605,473585
2026-05-07 14:08:00.000000000,1778134080000000000,8631,8633,8628,8629,940,473585,473608
2026-05-07 14:09:00.000000000,1778134140000000000,8629,8632,8627,8631,911,473608,473707
2026-05-07 14:10:00.000000000,1778134200000000000,8631,8633,8630,8632,841,473707,473859
2026-05-07 14:11:00.000000000,1778134260000000000,8632,8635,8629,8629,803,473859,473972
2026-05-07 14:12:00.000000000,1778134320000000000,8629,8630,8625,8626,892,473972,474191
2026-05-07 14:13:00.000000000,1778134380000000000,8626,8631,8626,8630,604,474191,474328
2026-05-07 14:14:00.000000000,1778134440000000000,8630,8636,8629,8635,923,474328,474374
2026-05-07 14:15:00.000000000,1778134500000000000,8635,8637,8631,8634,874,474374,474401
2026-05-07 14:16:00.000000000,1778134560000000000,8634,8634,8628,8630,749,474401,474457
2026-05-07 14:17:00.000000000,1778134620000000000,8630,8630,8626,8630,606,474457,474552
2026-05-07 14:18:00.000000000,1778134680000000000,8630,8630,8627,8628,603,474552,474568
2026-05-07 14:19:00.000000000,1778134740000000000,8628,8633,8627,8629,1474,474568,474885
2026-05-07 14:20:00.000000000,1778134800000000000,8629,8634,8629,8631,1022,474885,475054
2026-05-07 14:21:00.000000000,1778134860000000000,8631,8632,8623,8626,957,475054,475141
2026-05-07 14:22:00.000000000,1778134920000000000,8626,8629,8624,8624,970,475141,475426
2026-05-07 14:23:00.000000000,1778134980000000000,8624,8626,8622,8624,902,475426,475313
2026-05-07 14:24:00.000000000,1778135040000000000,8624,8626,8621,8622,499,475313,475425
2026-05-07 14:25:00.000000000,1778135100000000000,8622,8624,8619,8621,964,475425,475485
2026-05-07 14:26:00.000000000,1778135160000000000,8621,8622,8619,8620,490,475485,475502
2026-05-07 14:27:00.000000000,1778135220000000000,8620,8622,8619,8621,593,475502,475575
2026-05-07 14:28:00.000000000,1778135280000000000,8621,8621,8614,8615,1579,475575,475547
2026-05-07 14:29:00.000000000,1778135340000000000,8615,8624,8615,8623,1191,475547,475596
2026-05-07 14:30:00.000000000,1778135400000000000,8623,8625,8621,8623,1031,475596,475812
2026-05-07 14:31:00.000000000,1778135460000000000,8623,8626,8623,8623,606,475812,475780
2026-05-07 14:32:00.000000000,1778135520000000000,8623,8625,8617,8621,605,475780,475716
2026-05-07 14:33:00.000000000,1778135580000000000,8621,8624,8620,8620,785,475716,475984
2026-05-07 14:34:00.000000000,1778135640000000000,8620,8624,8620,8621,454,475984,475892
2026-05-07 14:35:00.000000000,1778135700000000000,8621,8621,8612,8613,997,475892,475560
2026-05-07 14:36:00.000000000,1778135760000000000,8613,8616,8613,8615,625,475560,475565
2026-05-07 14:37:00.000000000,1778135820000000000,8615,8615,8611,8611,679,475565,475477
2026-05-07 14:38:00.000000000,1778135880000000000,8611,8614,8605,8609,1839,475477,475928
2026-05-07 14:39:00.000000000,1778135940000000000,8609,8611,8602,8604,1469,475928,476172
2026-05-07 14:40:00.000000000,1778136000000000000,8604,8604,8593,8597,2482,476172,475902
2026-05-07 14:41:00.000000000,1778136060000000000,8597,8599,8586,8587,2666,475902,475655
2026-05-07 14:42:00.000000000,1778136120000000000,8587,8588,8572,8578,4270,475655,475816
2026-05-07 14:43:00.000000000,1778136180000000000,8578,8578,8562,8565,3864,475816,475542
2026-05-07 14:44:00.000000000,1778136240000000000,8565,8572,8555,8570,4016,475542,475160
2026-05-07 14:45:00.000000000,1778136300000000000,8570,8576,8565,8574,3492,475160,474826
2026-05-07 14:46:00.000000000,1778136360000000000,8574,8583,8574,8582,2510,474826,474342
2026-05-07 14:47:00.000000000,1778136420000000000,8582,8585,8577,8583,2157,474342,474363
2026-05-07 14:48:00.000000000,1778136480000000000,8583,8592,8583,8590,1575,474363,474101
2026-05-07 14:49:00.000000000,1778136540000000000,8590,8592,8587,8592,1094,474101,474010
2026-05-07 14:50:00.000000000,1778136600000000000,8592,8595,8589,8594,1005,474010,474004
2026-05-07 14:51:00.000000000,1778136660000000000,8594,8597,8590,8591,1378,474004,474077
2026-05-07 14:52:00.000000000,1778136720000000000,8591,8591,8585,8585,1277,474077,474300
2026-05-07 14:53:00.000000000,1778136780000000000,8585,8588,8583,8588,905,474300,474341
2026-05-07 14:54:00.000000000,1778136840000000000,8588,8590,8582,8590,1242,474341,474037
2026-05-07 14:55:00.000000000,1778136900000000000,8590,8594,8587,8589,1725,474037,473805
2026-05-07 14:56:00.000000000,1778136960000000000,8589,8589,8582,8585,1324,473805,473624
2026-05-07 14:57:00.000000000,1778137020000000000,8585,8592,8583,8591,1498,473624,473432
2026-05-07 14:58:00.000000000,1778137080000000000,8591,8594,8589,8591,1544,473432,473062
2026-05-07 14:59:00.000000000,1778137140000000000,8591,8592,8584,8589,3120,473062,471905
2026-05-07 21:00:00.000000000,1778158800000000000,8492,8528,8488,8511,21261,471905,470727
2026-05-07 21:01:00.000000000,1778158860000000000,8511,8519,8499,8502,11701,470727,469431
2026-05-07 21:02:00.000000000,1778158920000000000,8502,8506,8482,8485,7275,469431,469034
2026-05-07 21:03:00.000000000,1778158980000000000,8485,8490,8478,8483,7329,469034,468152
2026-05-07 21:04:00.000000000,1778159040000000000,8483,8485,8470,8474,6708,468152,466611
2026-05-07 21:05:00.000000000,1778159100000000000,8474,8496,8474,8487,6465,466611,466467
2026-05-07 21:06:00.000000000,1778159160000000000,8487,8497,8487,8494,3913,466467,466497
2026-05-07 21:07:00.000000000,1778159220000000000,8494,8496,8488,8494,5126,466497,466594
2026-05-07 21:08:00.000000000,1778159280000000000,8494,8508,8494,8506,6525,466594,467214
2026-05-07 21:09:00.000000000,1778159340000000000,8506,8510,8502,8510,2641,467214,467461
2026-05-07 21:10:00.000000000,1778159400000000000,8510,8523,8510,8519,5399,467461,467703
2026-05-07 21:11:00.000000000,1778159460000000000,8519,8526,8516,8524,3329,467703,468130
2026-05-07 21:12:00.000000000,1778159520000000000,8524,8525,8517,8520,4283,468130,467663
2026-05-07 21:13:00.000000000,1778159580000000000,8520,8522,8513,8519,4861,467663,467779
2026-05-07 21:14:00.000000000,1778159640000000000,8519,8520,8516,8517,1752,467779,467853
2026-05-07 21:15:00.000000000,1778159700000000000,8517,8521,8513,8517,3335,467853,467673
2026-05-07 21:16:00.000000000,1778159760000000000,8517,8519,8510,8517,2213,467673,467739
2026-05-07 21:17:00.000000000,1778159820000000000,8517,8517,8507,8517,3393,467739,467689
2026-05-07 21:18:00.000000000,1778159880000000000,8517,8517,8511,8515,1567,467689,467397
2026-05-07 21:19:00.000000000,1778159940000000000,8515,8515,8505,8505,3299,467397,467321
2026-05-07 21:20:00.000000000,1778160000000000000,8505,8509,8503,8509,2673,467321,466846
2026-05-07 21:21:00.000000000,1778160060000000000,8509,8510,8505,8508,1388,466846,466665
2026-05-07 21:22:00.000000000,1778160120000000000,8508,8511,8502,8502,1690,466665,466457
2026-05-07 21:23:00.000000000,1778160180000000000,8502,8502,8495,8500,2180,466457,466020
2026-05-07 21:24:00.000000000,1778160240000000000,8500,8500,8490,8491,2260,466020,465840
2026-05-07 21:25:00.000000000,1778160300000000000,8491,8500,8487,8500,2937,465840,466248
2026-05-07 21:26:00.000000000,1778160360000000000,8500,8500,8494,8497,1690,466248,466500
2026-05-07 21:27:00.000000000,1778160420000000000,8497,8500,8496,8498,730,466500,466618
2026-05-07 21:28:00.000000000,1778160480000000000,8498,8501,8494,8499,2602,466618,467508
2026-05-07 21:29:00.000000000,1778160540000000000,8499,8500,8494,8497,1055,467508,467427
2026-05-07 21:30:00.000000000,1778160600000000000,8497,8501,8488,8490,2652,467427,466587
2026-05-07 21:31:00.000000000,1778160660000000000,8490,8492,8486,8491,2395,466587,466277
2026-05-07 21:32:00.000000000,1778160720000000000,8491,8496,8491,8493,794,466277,466177
2026-05-07 21:33:00.000000000,1778160780000000000,8493,8493,8489,8490,948,466177,466296
2026-05-07 21:34:00.000000000,1778160840000000000,8490,8490,8483,8485,1296,466296,466362
2026-05-07 21:35:00.000000000,1778160900000000000,8485,8492,8483,8490,2049,466362,466306
2026-05-07 21:36:00.000000000,1778160960000000000,8490,8495,8490,8494,1162,466306,466441
2026-05-07 21:37:00.000000000,1778161020000000000,8494,8494,8481,8483,2574,466441,466531
2026-05-07 21:38:00.000000000,1778161080000000000,8483,8489,8483,8487,1099,466531,466711
2026-05-07 21:39:00.000000000,1778161140000000000,8487,8490,8486,8488,885,466711,466968
2026-05-07 21:40:00.000000000,1778161200000000000,8488,8490,8486,8487,973,466968,467177
2026-05-07 21:41:00.000000000,1778161260000000000,8487,8497,8487,8497,1748,467177,466991
2026-05-07 21:42:00.000000000,1778161320000000000,8497,8497,8489,8491,1022,466991,466857
2026-05-07 21:43:00.000000000,1778161380000000000,8491,8493,8489,8490,661,466857,466798
2026-05-07 21:44:00.000000000,1778161440000000000,8490,8494,8488,8493,589,466798,466807
2026-05-07 21:45:00.000000000,1778161500000000000,8493,8503,8489,8503,1875,466807,466972
2026-05-07 21:46:00.000000000,1778161560000000000,8503,8503,8497,8500,1531,466972,466768
2026-05-07 21:47:00.000000000,1778161620000000000,8500,8508,8499,8504,1785,466768,466931
2026-05-07 21:48:00.000000000,1778161680000000000,8504,8510,8501,8501,1855,466931,466832
2026-05-07 21:49:00.000000000,1778161740000000000,8501,8505,8500,8502,1286,466832,466730
2026-05-07 21:50:00.000000000,1778161800000000000,8502,8504,8498,8503,742,466730,466624
2026-05-07 21:51:00.000000000,1778161860000000000,8503,8504,8501,8501,465,466624,466558
2026-05-07 21:52:00.000000000,1778161920000000000,8501,8508,8501,8505,914,466558,466399
2026-05-07 21:53:00.000000000,1778161980000000000,8505,8508,8503,8505,572,466399,466344
2026-05-07 21:54:00.000000000,1778162040000000000,8505,8506,8502,8503,773,466344,466374
2026-05-07 21:55:00.000000000,1778162100000000000,8503,8504,8499,8502,1144,466374,466449
2026-05-07 21:56:00.000000000,1778162160000000000,8502,8502,8496,8500,939,466449,466372
2026-05-07 21:57:00.000000000,1778162220000000000,8500,8501,8498,8500,893,466372,466184
2026-05-07 21:58:00.000000000,1778162280000000000,8500,8502,8493,8493,1038,466184,466177
2026-05-07 21:59:00.000000000,1778162340000000000,8493,8495,8488,8489,901,466177,465973
2026-05-07 22:00:00.000000000,1778162400000000000,8489,8492,8488,8492,964,465973,465846
2026-05-07 22:01:00.000000000,1778162460000000000,8492,8498,8491,8497,890,465846,465886
2026-05-07 22:02:00.000000000,1778162520000000000,8497,8497,8491,8491,790,465886,465754
2026-05-07 22:03:00.000000000,1778162580000000000,8491,8494,8489,8489,806,465754,465696
2026-05-07 22:04:00.000000000,1778162640000000000,8489,8492,8487,8491,1086,465696,465845
2026-05-07 22:05:00.000000000,1778162700000000000,8491,8491,8487,8489,802,465845,465850
2026-05-07 22:06:00.000000000,1778162760000000000,8489,8492,8488,8491,509,465850,465793
2026-05-07 22:07:00.000000000,1778162820000000000,8491,8492,8488,8491,526,465793,465717
2026-05-07 22:08:00.000000000,1778162880000000000,8491,8493,8490,8492,302,465717,465686
2026-05-07 22:09:00.000000000,1778162940000000000,8492,8493,8489,8492,472,465686,465573
2026-05-07 22:10:00.000000000,1778163000000000000,8492,8494,8491,8493,261,465573,465577
2026-05-07 22:11:00.000000000,1778163060000000000,8493,8494,8487,8489,1364,465577,466009
2026-05-07 22:12:00.000000000,1778163120000000000,8489,8489,8483,8484,908,466009,466064
2026-05-07 22:13:00.000000000,1778163180000000000,8484,8488,8484,8488,656,466064,466090
2026-05-07 22:14:00.000000000,1778163240000000000,8488,8489,8485,8485,1036,466090,466160
2026-05-07 22:15:00.000000000,1778163300000000000,8485,8492,8484,8492,785,466160,466163
2026-05-07 22:16:00.000000000,1778163360000000000,8492,8495,8488,8490,1868,466163,466154
2026-05-07 22:17:00.000000000,1778163420000000000,8490,8493,8490,8490,296,466154,466175
2026-05-07 22:18:00.000000000,1778163480000000000,8490,8491,8489,8490,255,466175,466096
2026-05-07 22:19:00.000000000,1778163540000000000,8490,8495,8490,8494,551,466096,466031
2026-05-07 22:20:00.000000000,1778163600000000000,8494,8494,8491,8494,345,466031,466116
2026-05-07 22:21:00.000000000,1778163660000000000,8494,8494,8488,8489,1006,466116,466378
2026-05-07 22:22:00.000000000,1778163720000000000,8489,8489,8485,8486,702,466378,466368
2026-05-07 22:23:00.000000000,1778163780000000000,8486,8488,8484,8485,396,466368,466371
2026-05-07 22:24:00.000000000,1778163840000000000,8485,8487,8483,8484,680,466371,466288
2026-05-07 22:25:00.000000000,1778163900000000000,8484,8485,8480,8483,1132,466288,466108
2026-05-07 22:26:00.000000000,1778163960000000000,8483,8485,8481,8483,366,466108,466195
2026-05-07 22:27:00.000000000,1778164020000000000,8483,8489,8483,8486,479,466195,466221
2026-05-07 22:28:00.000000000,1778164080000000000,8486,8487,8485,8486,300,466221,466169
2026-05-07 22:29:00.000000000,1778164140000000000,8486,8488,8485,8488,330,466169,466171
2026-05-07 22:30:00.000000000,1778164200000000000,8488,8488,8486,8488,445,466171,466197
2026-05-07 22:31:00.000000000,1778164260000000000,8488,8498,8488,8495,1514,466197,466098
2026-05-07 22:32:00.000000000,1778164320000000000,8495,8497,8494,8496,594,466098,466015
2026-05-07 22:33:00.000000000,1778164380000000000,8496,8498,8494,8496,613,466015,466075
2026-05-07 22:34:00.000000000,1778164440000000000,8496,8501,8496,8500,1355,466075,466309
2026-05-07 22:35:00.000000000,1778164500000000000,8500,8501,8496,8499,878,466309,466248
2026-05-07 22:36:00.000000000,1778164560000000000,8499,8499,8495,8496,751,466248,466101
2026-05-07 22:37:00.000000000,1778164620000000000,8496,8498,8492,8495,568,466101,465995
2026-05-07 22:38:00.000000000,1778164680000000000,8495,8497,8493,8496,355,465995,466048
2026-05-07 22:39:00.000000000,1778164740000000000,8496,8497,8495,8495,456,466048,466066
2026-05-07 22:40:00.000000000,1778164800000000000,8495,8498,8495,8496,325,466066,466132
2026-05-07 22:41:00.000000000,1778164860000000000,8496,8499,8496,8498,763,466132,466176
2026-05-07 22:42:00.000000000,1778164920000000000,8498,8500,8497,8498,318,466176,466126
2026-05-07 22:43:00.000000000,1778164980000000000,8498,8498,8496,8498,452,466126,466165
2026-05-07 22:44:00.000000000,1778165040000000000,8498,8500,8496,8500,595,466165,466016
2026-05-07 22:45:00.000000000,1778165100000000000,8500,8503,8498,8503,901,466016,465797
2026-05-07 22:46:00.000000000,1778165160000000000,8503,8504,8500,8500,509,465797,465734
2026-05-07 22:47:00.000000000,1778165220000000000,8500,8503,8500,8503,273,465734,465751
2026-05-07 22:48:00.000000000,1778165280000000000,8503,8511,8502,8511,1924,465751,465587
2026-05-07 22:49:00.000000000,1778165340000000000,8511,8513,8510,8511,1168,465587,465688
2026-05-07 22:50:00.000000000,1778165400000000000,8511,8518,8511,8512,1673,465688,465783
2026-05-07 22:51:00.000000000,1778165460000000000,8512,8518,8510,8517,1506,465783,465766
2026-05-07 22:52:00.000000000,1778165520000000000,8517,8522,8517,8519,2735,465766,466124
2026-05-07 22:53:00.000000000,1778165580000000000,8519,8522,8517,8520,986,466124,466422
2026-05-07 22:54:00.000000000,1778165640000000000,8520,8523,8518,8518,1185,466422,466762
2026-05-07 22:55:00.000000000,1778165700000000000,8518,8519,8514,8515,812,466762,466779
2026-05-07 22:56:00.000000000,1778165760000000000,8515,8517,8514,8516,793,466779,466682
2026-05-07 22:57:00.000000000,1778165820000000000,8516,8524,8516,8524,1273,466682,466490
2026-05-07 22:58:00.000000000,1778165880000000000,8524,8525,8522,8525,1822,466490,466184
2026-05-07 22:59:00.000000000,1778165940000000000,8525,8525,8518,8523,1522,466184,465600
2026-05-08 09:00:00.000000000,1778202000000000000,8603,8625,8593,8593,15210,465600,465687
2026-05-08 09:01:00.000000000,1778202060000000000,8593,8597,8582,8590,6827,465687,465808
2026-05-08 09:02:00.000000000,1778202120000000000,8590,8593,8580,8581,4735,465808,465902
2026-05-08 09:03:00.000000000,1778202180000000000,8581,8589,8577,8579,3212,465902,465403
2026-05-08 09:04:00.000000000,1778202240000000000,8579,8589,8576,8585,3675,465403,465747
2026-05-08 09:05:00.000000000,1778202300000000000,8585,8586,8572,8574,2718,465747,465722
2026-05-08 09:06:00.000000000,1778202360000000000,8574,8576,8567,8576,2061,465722,465854
2026-05-08 09:07:00.000000000,1778202420000000000,8576,8581,8575,8578,1493,465854,465927
2026-05-08 09:08:00.000000000,1778202480000000000,8578,8579,8573,8573,731,465927,465994
2026-05-08 09:09:00.000000000,1778202540000000000,8573,8578,8566,8575,1829,465994,466329
2026-05-08 09:10:00.000000000,1778202600000000000,8575,8575,8566,8568,2057,466329,466375
2026-05-08 09:11:00.000000000,1778202660000000000,8568,8569,8557,8563,2776,466375,466009
2026-05-08 09:12:00.000000000,1778202720000000000,8563,8565,8559,8564,1415,466009,465964
2026-05-08 09:13:00.000000000,1778202780000000000,8564,8570,8563,8565,1340,465964,466013
2026-05-08 09:14:00.000000000,1778202840000000000,8565,8566,8559,8561,1366,466013,466239
2026-05-08 09:15:00.000000000,1778202900000000000,8561,8569,8560,8568,1922,466239,466339
2026-05-08 09:16:00.000000000,1778202960000000000,8568,8570,8560,8560,1314,466339,466232
2026-05-08 09:17:00.000000000,1778203020000000000,8560,8562,8550,8555,2367,466232,466264
2026-05-08 09:18:00.000000000,1778203080000000000,8555,8556,8546,8548,1446,466264,466194
2026-05-08 09:19:00.000000000,1778203140000000000,8548,8552,8548,8551,1335,466194,466449
2026-05-08 09:20:00.000000000,1778203200000000000,8551,8557,8551,8555,1223,466449,466482
2026-05-08 09:21:00.000000000,1778203260000000000,8555,8555,8548,8553,800,466482,466421
2026-05-08 09:22:00.000000000,1778203320000000000,8553,8555,8551,8554,461,466421,466406
2026-05-08 09:23:00.000000000,1778203380000000000,8554,8554,8549,8550,536,466406,466469
2026-05-08 09:24:00.000000000,1778203440000000000,8550,8550,8544,8547,751,466469,466464
2026-05-08 09:25:00.000000000,1778203500000000000,8547,8551,8545,8546,714,466464,466338
2026-05-08 09:26:00.000000000,1778203560000000000,8546,8547,8542,8544,658,466338,466408
2026-05-08 09:27:00.000000000,1778203620000000000,8544,8549,8544,8549,580,466408,466388
2026-05-08 09:28:00.000000000,1778203680000000000,8549,8549,8544,8547,520,466388,466372
2026-05-08 09:29:00.000000000,1778203740000000000,8547,8548,8544,8547,470,466372,466353
2026-05-08 09:30:00.000000000,1778203800000000000,8547,8553,8545,8552,1263,466353,466590
2026-05-08 09:31:00.000000000,1778203860000000000,8552,8555,8549,8551,1954,466590,466588
2026-05-08 09:32:00.000000000,1778203920000000000,8551,8551,8542,8545,1339,466588,466855
2026-05-08 09:33:00.000000000,1778203980000000000,8545,8549,8540,8547,1172,466855,466820
2026-05-08 09:34:00.000000000,1778204040000000000,8547,8549,8544,8549,707,466820,466886
2026-05-08 09:35:00.000000000,1778204100000000000,8549,8558,8549,8557,1451,466886,466719
2026-05-08 09:36:00.000000000,1778204160000000000,8557,8557,8548,8548,1509,466719,466375
2026-05-08 09:37:00.000000000,1778204220000000000,8548,8551,8546,8550,995,466375,466155
2026-05-08 09:38:00.000000000,1778204280000000000,8550,8552,8547,8550,1143,466155,465886
2026-05-08 09:39:00.000000000,1778204340000000000,8550,8553,8549,8551,719,465886,465797
2026-05-08 09:40:00.000000000,1778204400000000000,8551,8551,8545,8547,882,465797,465799
2026-05-08 09:41:00.000000000,1778204460000000000,8547,8548,8542,8548,1086,465799,465728
2026-05-08 09:42:00.000000000,1778204520000000000,8548,8549,8545,8545,424,465728,465718
2026-05-08 09:43:00.000000000,1778204580000000000,8545,8547,8543,8544,598,465718,465707
2026-05-08 09:44:00.000000000,1778204640000000000,8544,8546,8540,8545,859,465707,465557
2026-05-08 09:45:00.000000000,1778204700000000000,8545,8548,8544,8548,741,465557,465642
2026-05-08 09:46:00.000000000,1778204760000000000,8548,8549,8544,8549,463,465642,465628
2026-05-08 09:47:00.000000000,1778204820000000000,8549,8554,8546,8549,983,465628,465512
2026-05-08 09:48:00.000000000,1778204880000000000,8549,8550,8546,8547,452,465512,465475
2026-05-08 09:49:00.000000000,1778204940000000000,8547,8547,8544,8547,250,465475,465505
2026-05-08 09:50:00.000000000,1778205000000000000,8547,8548,8544,8548,517,465505,465476
2026-05-08 09:51:00.000000000,1778205060000000000,8548,8549,8537,8538,1707,465476,465316
2026-05-08 09:52:00.000000000,1778205120000000000,8538,8538,8534,8537,995,465316,465212
2026-05-08 09:53:00.000000000,1778205180000000000,8537,8537,8529,8531,1561,465212,465534
2026-05-08 09:54:00.000000000,1778205240000000000,8531,8539,8530,8539,1608,465534,465552
2026-05-08 09:55:00.000000000,1778205300000000000,8539,8540,8536,8538,733,465552,465664
2026-05-08 09:56:00.000000000,1778205360000000000,8538,8539,8532,8536,634,465664,465784
2026-05-08 09:57:00.000000000,1778205420000000000,8536,8537,8534,8536,460,465784,465729
2026-05-08 09:58:00.000000000,1778205480000000000,8536,8538,8535,8535,607,465729,465713
2026-05-08 09:59:00.000000000,1778205540000000000,8535,8542,8535,8542,710,465713,465629
2026-05-08 10:00:00.000000000,1778205600000000000,8542,8548,8538,8539,2097,465629,465206
2026-05-08 10:01:00.000000000,1778205660000000000,8539,8541,8536,8540,1222,465206,465285
2026-05-08 10:02:00.000000000,1778205720000000000,8540,8541,8537,8538,491,465285,465310
2026-05-08 10:03:00.000000000,1778205780000000000,8538,8545,8538,8543,537,465310,465299
2026-05-08 10:04:00.000000000,1778205840000000000,8543,8545,8541,8545,852,465299,465419
2026-05-08 10:05:00.000000000,1778205900000000000,8545,8549,8543,8544,1185,465419,465726
2026-05-08 10:06:00.000000000,1778205960000000000,8544,8555,8544,8555,1749,465726,465781
2026-05-08 10:07:00.000000000,1778206020000000000,8555,8561,8555,8559,1742,465781,466083
2026-05-08 10:08:00.000000000,1778206080000000000,8559,8563,8556,8556,1253,466083,466023
2026-05-08 10:09:00.000000000,1778206140000000000,8556,8558,8552,8558,1183,466023,465995
2026-05-08 10:10:00.000000000,1778206200000000000,8558,8563,8553,8562,972,465995,465999
2026-05-08 10:11:00.000000000,1778206260000000000,8562,8563,8556,8556,844,465999,465818
2026-05-08 10:12:00.000000000,1778206320000000000,8556,8560,8555,8558,1449,465818,466071
2026-05-08 10:13:00.000000000,1778206380000000000,8558,8559,8555,8557,782,466071,466096
2026-05-08 10:14:00.000000000,1778206440000000000,8557,8559,8555,8557,655,466096,466042
2026-05-08 10:30:00.000000000,1778207400000000000,8559,8560,8543,8547,2355,466042,466488
2026-05-08 10:31:00.000000000,1778207460000000000,8547,8551,8544,8548,1282,466488,466748
2026-05-08 10:32:00.000000000,1778207520000000000,8548,8548,8544,8545,475,466748,466760
2026-05-08 10:33:00.000000000,1778207580000000000,8545,8546,8538,8539,995,466760,466701
2026-05-08 10:34:00.000000000,1778207640000000000,8539,8540,8535,8536,788,466701,466665
2026-05-08 10:35:00.000000000,1778207700000000000,8536,8550,8535,8550,1837,466665,466405
2026-05-08 10:36:00.000000000,1778207760000000000,8550,8555,8546,8554,1378,466405,466476
2026-05-08 10:37:00.000000000,1778207820000000000,8554,8556,8550,8554,1065,466476,466534
2026-05-08 10:38:00.000000000,1778207880000000000,8554,8557,8550,8556,668,466534,466465
2026-05-08 10:39:00.000000000,1778207940000000000,8556,8557,8554,8556,603,466465,466537
2026-05-08 10:40:00.000000000,1778208000000000000,8556,8557,8552,8555,441,466537,466494
2026-05-08 10:41:00.000000000,1778208060000000000,8555,8555,8548,8551,847,466494,466561
2026-05-08 10:42:00.000000000,1778208120000000000,8551,8552,8549,8552,265,466561,466601
2026-05-08 10:43:00.000000000,1778208180000000000,8552,8556,8551,8554,298,466601,466601
2026-05-08 10:44:00.000000000,1778208240000000000,8554,8564,8554,8561,1470,466601,466903
2026-05-08 10:45:00.000000000,1778208300000000000,8561,8571,8560,8562,2572,466903,467630
2026-05-08 10:46:00.000000000,1778208360000000000,8562,8564,8557,8559,916,467630,467556
2026-05-08 10:47:00.000000000,1778208420000000000,8559,8560,8555,8559,450,467556,467511
2026-05-08 10:48:00.000000000,1778208480000000000,8559,8559,8552,8553,756,467511,467275
2026-05-08 10:49:00.000000000,1778208540000000000,8553,8556,8545,8546,888,467275,467209
2026-05-08 10:50:00.000000000,1778208600000000000,8546,8552,8544,8549,1190,467209,467143
2026-05-08 10:51:00.000000000,1778208660000000000,8549,8553,8546,8548,955,467143,467140
2026-05-08 10:52:00.000000000,1778208720000000000,8548,8551,8546,8548,623,467140,467136
2026-05-08 10:53:00.000000000,1778208780000000000,8548,8550,8546,8546,618,467136,467087
2026-05-08 10:54:00.000000000,1778208840000000000,8546,8549,8546,8548,501,467087,467045
2026-05-08 10:55:00.000000000,1778208900000000000,8548,8548,8540,8540,721,467045,467027
2026-05-08 10:56:00.000000000,1778208960000000000,8540,8540,8529,8537,3499,467027,466222
2026-05-08 10:57:00.000000000,1778209020000000000,8537,8538,8534,8537,763,466222,466258
2026-05-08 10:58:00.000000000,1778209080000000000,8537,8537,8526,8526,1814,466258,466228
2026-05-08 10:59:00.000000000,1778209140000000000,8526,8530,8523,8529,2623,466228,465620
2026-05-08 11:00:00.000000000,1778209200000000000,8529,8529,8521,8523,1709,465620,465479
2026-05-08 11:01:00.000000000,1778209260000000000,8523,8528,8523,8527,851,465479,465183
2026-05-08 11:02:00.000000000,1778209320000000000,8527,8530,8522,8522,1042,465183,465221
2026-05-08 11:03:00.000000000,1778209380000000000,8522,8529,8522,8528,799,465221,465415
2026-05-08 11:04:00.000000000,1778209440000000000,8528,8531,8525,8529,969,465415,465656
2026-05-08 11:05:00.000000000,1778209500000000000,8529,8533,8528,8530,692,465656,465808
2026-05-08 11:06:00.000000000,1778209560000000000,8530,8531,8527,8529,533,465808,465746
2026-05-08 11:07:00.000000000,1778209620000000000,8529,8531,8523,8525,685,465746,465689
2026-05-08 11:08:00.000000000,1778209680000000000,8525,8528,8522,8522,599,465689,465609
2026-05-08 11:09:00.000000000,1778209740000000000,8522,8527,8520,8526,1490,465609,465527
2026-05-08 11:10:00.000000000,1778209800000000000,8526,8532,8524,8531,1077,465527,465254
2026-05-08 11:11:00.000000000,1778209860000000000,8531,8531,8526,8527,622,465254,465112
2026-05-08 11:12:00.000000000,1778209920000000000,8527,8529,8524,8526,557,465112,465081
2026-05-08 11:13:00.000000000,1778209980000000000,8526,8530,8526,8530,314,465081,465019
2026-05-08 11:14:00.000000000,1778210040000000000,8530,8532,8527,8531,439,465019,464943
2026-05-08 11:15:00.000000000,1778210100000000000,8531,8541,8529,8535,1634,464943,465275
2026-05-08 11:16:00.000000000,1778210160000000000,8535,8540,8535,8537,504,465275,465325
2026-05-08 11:17:00.000000000,1778210220000000000,8537,8540,8533,8534,593,465325,465312
2026-05-08 11:18:00.000000000,1778210280000000000,8534,8543,8532,8541,1147,465312,465635
2026-05-08 11:19:00.000000000,1778210340000000000,8541,8542,8534,8535,1288,465635,465519
2026-05-08 11:20:00.000000000,1778210400000000000,8535,8539,8533,8538,574,465519,465544
2026-05-08 11:21:00.000000000,1778210460000000000,8538,8541,8537,8538,345,465544,465659
2026-05-08 11:22:00.000000000,1778210520000000000,8538,8538,8525,8527,1648,465659,465125
2026-05-08 11:23:00.000000000,1778210580000000000,8527,8530,8526,8530,366,465125,465152
2026-05-08 11:24:00.000000000,1778210640000000000,8530,8532,8528,8530,429,465152,465187
2026-05-08 11:25:00.000000000,1778210700000000000,8530,8534,8529,8534,497,465187,465119
2026-05-08 11:26:00.000000000,1778210760000000000,8534,8538,8533,8536,384,465119,465102
2026-05-08 11:27:00.000000000,1778210820000000000,8536,8536,8534,8536,202,465102,465064
2026-05-08 11:28:00.000000000,1778210880000000000,8536,8538,8532,8532,500,465064,464946
2026-05-08 11:29:00.000000000,1778210940000000000,8532,8537,8532,8534,731,464946,464788
2026-05-08 13:30:00.000000000,1778218200000000000,8535,8546,8532,8536,2517,464788,464824
2026-05-08 13:31:00.000000000,1778218260000000000,8536,8547,8536,8546,1771,464824,465234
2026-05-08 13:32:00.000000000,1778218320000000000,8546,8546,8541,8546,1457,465234,465364
2026-05-08 13:33:00.000000000,1778218380000000000,8546,8547,8542,8544,1621,465364,465630
2026-05-08 13:34:00.000000000,1778218440000000000,8544,8546,8542,8544,840,465630,465678
2026-05-08 13:35:00.000000000,1778218500000000000,8544,8546,8541,8545,534,465678,465674
2026-05-08 13:36:00.000000000,1778218560000000000,8545,8551,8544,8549,992,465674,465698
2026-05-08 13:37:00.000000000,1778218620000000000,8549,8555,8549,8551,1611,465698,466031
2026-05-08 13:38:00.000000000,1778218680000000000,8551,8558,8551,8553,1092,466031,466014
2026-05-08 13:39:00.000000000,1778218740000000000,8553,8554,8548,8551,855,466014,466298
2026-05-08 13:40:00.000000000,1778218800000000000,8551,8554,8550,8553,1151,466298,466610
2026-05-08 13:41:00.000000000,1778218860000000000,8553,8555,8550,8555,919,466610,466748
2026-05-08 13:42:00.000000000,1778218920000000000,8555,8558,8550,8551,962,466748,466913
2026-05-08 13:43:00.000000000,1778218980000000000,8551,8553,8550,8550,1452,466913,467320
2026-05-08 13:44:00.000000000,1778219040000000000,8550,8557,8550,8556,1208,467320,467634
2026-05-08 13:45:00.000000000,1778219100000000000,8556,8563,8556,8562,1675,467634,467885
2026-05-08 13:46:00.000000000,1778219160000000000,8562,8562,8556,8559,1035,467885,467977
2026-05-08 13:47:00.000000000,1778219220000000000,8559,8560,8546,8546,2121,467977,468199
2026-05-08 13:48:00.000000000,1778219280000000000,8546,8553,8546,8552,1073,468199,468304
2026-05-08 13:49:00.000000000,1778219340000000000,8552,8560,8552,8558,1575,468304,468773
2026-05-08 13:50:00.000000000,1778219400000000000,8558,8560,8554,8555,596,468773,468815
2026-05-08 13:51:00.000000000,1778219460000000000,8555,8557,8553,8555,453,468815,468931
2026-05-08 13:52:00.000000000,1778219520000000000,8555,8556,8550,8551,666,468931,468910
2026-05-08 13:53:00.000000000,1778219580000000000,8551,8561,8551,8560,1123,468910,469154
2026-05-08 13:54:00.000000000,1778219640000000000,8560,8561,8558,8559,1554,469154,468904
2026-05-08 13:55:00.000000000,1778219700000000000,8559,8560,8556,8559,682,468904,468837
2026-05-08 13:56:00.000000000,1778219760000000000,8559,8559,8555,8555,599,468837,468783
2026-05-08 13:57:00.000000000,1778219820000000000,8555,8557,8548,8550,1298,468783,468435
2026-05-08 13:58:00.000000000,1778219880000000000,8550,8553,8550,8551,622,468435,468477
2026-05-08 13:59:00.000000000,1778219940000000000,8551,8557,8551,8557,489,468477,468522
2026-05-08 14:00:00.000000000,1778220000000000000,8557,8563,8557,8560,1223,468522,468732
2026-05-08 14:01:00.000000000,1778220060000000000,8560,8562,8558,8561,685,468732,468752
2026-05-08 14:02:00.000000000,1778220120000000000,8561,8562,8559,8562,656,468752,468770
2026-05-08 14:03:00.000000000,1778220180000000000,8562,8563,8560,8562,502,468770,468852
2026-05-08 14:04:00.000000000,1778220240000000000,8562,8564,8554,8554,942,468852,468834
2026-05-08 14:05:00.000000000,1778220300000000000,8554,8560,8554,8558,556,468834,468839
2026-05-08 14:06:00.000000000,1778220360000000000,8558,8558,8549,8550,1411,468839,468684
2026-05-08 14:07:00.000000000,1778220420000000000,8550,8553,8548,8552,865,468684,468542
2026-05-08 14:08:00.000000000,1778220480000000000,8552,8552,8547,8549,1306,468542,468004
2026-05-08 14:09:00.000000000,1778220540000000000,8549,8554,8548,8548,1105,468004,468271
2026-05-08 14:10:00.000000000,1778220600000000000,8548,8550,8543,8544,1696,468271,468452
2026-05-08 14:11:00.000000000,1778220660000000000,8544,8544,8541,8542,1399,468452,467969
2026-05-08 14:12:00.000000000,1778220720000000000,8542,8543,8539,8542,876,467969,467982
2026-05-08 14:13:00.000000000,1778220780000000000,8542,8543,8534,8536,1266,467982,467723
2026-05-08 14:14:00.000000000,1778220840000000000,8536,8539,8535,8538,807,467723,467623
2026-05-08 14:15:00.000000000,1778220900000000000,8538,8541,8536,8537,835,467623,467544
2026-05-08 14:16:00.000000000,1778220960000000000,8537,8539,8532,8534,1046,467544,467505
2026-05-08 14:17:00.000000000,1778221020000000000,8534,8535,8531,8532,408,467505,467519
2026-05-08 14:18:00.000000000,1778221080000000000,8532,8535,8531,8534,686,467519,467612
2026-05-08 14:19:00.000000000,1778221140000000000,8534,8535,8531,8532,775,467612,467551
2026-05-08 14:20:00.000000000,1778221200000000000,8532,8533,8526,8526,1345,467551,467484
2026-05-08 14:21:00.000000000,1778221260000000000,8526,8532,8526,8530,1611,467484,467269
2026-05-08 14:22:00.000000000,1778221320000000000,8530,8532,8529,8529,446,467269,467264
2026-05-08 14:23:00.000000000,1778221380000000000,8529,8531,8528,8531,463,467264,467164
2026-05-08 14:24:00.000000000,1778221440000000000,8531,8531,8528,8531,625,467164,467061
2026-05-08 14:25:00.000000000,1778221500000000000,8531,8532,8529,8529,391,467061,467060
2026-05-08 14:26:00.000000000,1778221560000000000,8529,8529,8518,8519,1744,467060,466754
2026-05-08 14:27:00.000000000,1778221620000000000,8519,8519,8507,8507,4290,466754,465931
2026-05-08 14:28:00.000000000,1778221680000000000,8507,8509,8504,8509,2143,465931,465845
2026-05-08 14:29:00.000000000,1778221740000000000,8509,8516,8509,8514,1428,465845,465691
2026-05-08 14:30:00.000000000,1778221800000000000,8514,8517,8513,8515,1754,465691,465448
2026-05-08 14:31:00.000000000,1778221860000000000,8515,8522,8515,8519,1346,465448,465489
2026-05-08 14:32:00.000000000,1778221920000000000,8519,8521,8517,8517,725,465489,465440
2026-05-08 14:33:00.000000000,1778221980000000000,8517,8517,8512,8513,814,465440,465374
2026-05-08 14:34:00.000000000,1778222040000000000,8513,8515,8510,8513,910,465374,465359
2026-05-08 14:35:00.000000000,1778222100000000000,8513,8514,8508,8509,693,465359,465378
2026-05-08 14:36:00.000000000,1778222160000000000,8509,8520,8509,8517,1256,465378,465369
2026-05-08 14:37:00.000000000,1778222220000000000,8517,8520,8515,8517,1442,465369,465511
2026-05-08 14:38:00.000000000,1778222280000000000,8517,8521,8517,8519,888,465511,465824
2026-05-08 14:39:00.000000000,1778222340000000000,8519,8519,8516,8517,431,465824,465953
2026-05-08 14:40:00.000000000,1778222400000000000,8517,8520,8512,8520,655,465953,465981
2026-05-08 14:41:00.000000000,1778222460000000000,8520,8527,8520,8525,1271,465981,465937
2026-05-08 14:42:00.000000000,1778222520000000000,8525,8527,8524,8524,871,465937,465850
2026-05-08 14:43:00.000000000,1778222580000000000,8524,8526,8520,8520,689,465850,465745
2026-05-08 14:44:00.000000000,1778222640000000000,8520,8526,8520,8526,397,465745,465766
2026-05-08 14:45:00.000000000,1778222700000000000,8526,8530,8525,8527,1254,465766,465901
2026-05-08 14:46:00.000000000,1778222760000000000,8527,8530,8525,8530,724,465901,465931
2026-05-08 14:47:00.000000000,1778222820000000000,8530,8537,8530,8535,1413,465931,465879
2026-05-08 14:48:00.000000000,1778222880000000000,8535,8539,8534,8536,1151,465879,465927
2026-05-08 14:49:00.000000000,1778222940000000000,8536,8542,8533,8540,1131,465927,466095
2026-05-08 14:50:00.000000000,1778223000000000000,8540,8541,8535,8539,1893,466095,465934
2026-05-08 14:51:00.000000000,1778223060000000000,8539,8540,8535,8539,1033,465934,466070
2026-05-08 14:52:00.000000000,1778223120000000000,8539,8548,8537,8547,1652,466070,466510
2026-05-08 14:53:00.000000000,1778223180000000000,8547,8553,8546,8549,2148,466510,467104
2026-05-08 14:54:00.000000000,1778223240000000000,8549,8552,8546,8550,2004,467104,467706
2026-05-08 14:55:00.000000000,1778223300000000000,8550,8553,8549,8552,1372,467706,467905
2026-05-08 14:56:00.000000000,1778223360000000000,8552,8552,8545,8547,1674,467905,468070
2026-05-08 14:57:00.000000000,1778223420000000000,8547,8550,8547,8550,1184,468070,468068
2026-05-08 14:58:00.000000000,1778223480000000000,8550,8556,8549,8555,1769,468068,468042
2026-05-08 14:59:00.000000000,1778223540000000000,8555,8562,8555,8557,2766,468042,467644
2026-05-08 21:00:00.000000000,1778245200000000000,8563,8579,8556,8572,11556,467644,470598
2026-05-08 21:01:00.000000000,1778245260000000000,8572,8585,8572,8575,8124,470598,473255
2026-05-08 21:02:00.000000000,1778245320000000000,8575,8582,8567,8571,4473,473255,473780
2026-05-08 21:03:00.000000000,1778245380000000000,8571,8571,8565,8567,2212,473780,473775
2026-05-08 21:04:00.000000000,1778245440000000000,8567,8582,8567,8582,3009,473775,474237
2026-05-08 21:05:00.000000000,1778245500000000000,8582,8599,8582,8596,5393,474237,474542
2026-05-08 21:06:00.000000000,1778245560000000000,8596,8597,8589,8594,3020,474542,474732
2026-05-08 21:07:00.000000000,1778245620000000000,8594,8600,8593,8597,2756,474732,475442
2026-05-08 21:08:00.000000000,1778245680000000000,8597,8602,8593,8602,2535,475442,476201
2026-05-08 21:09:00.000000000,1778245740000000000,8602,8619,8602,8612,5249,476201,477332
2026-05-08 21:10:00.000000000,1778245800000000000,8612,8612,8603,8609,2909,477332,477347
2026-05-08 21:11:00.000000000,1778245860000000000,8609,8622,8607,8621,2979,477347,478011
2026-05-08 21:12:00.000000000,1778245920000000000,8621,8624,8615,8618,2642,478011,478274
2026-05-08 21:13:00.000000000,1778245980000000000,8618,8638,8618,8631,5569,478274,478768
2026-05-08 21:14:00.000000000,1778246040000000000,8631,8631,8621,8625,3057,478768,479163
2026-05-08 21:15:00.000000000,1778246100000000000,8625,8632,8621,8632,3614,479163,479883
2026-05-08 21:16:00.000000000,1778246160000000000,8632,8636,8627,8634,1868,479883,480232
2026-05-08 21:17:00.000000000,1778246220000000000,8634,8637,8630,8631,1642,480232,480271
2026-05-08 21:18:00.000000000,1778246280000000000,8631,8631,8613,8615,3893,480271,479433
2026-05-08 21:19:00.000000000,1778246340000000000,8615,8618,8608,8609,3116,479433,479539
2026-05-08 21:20:00.000000000,1778246400000000000,8609,8612,8605,8611,3711,479539,479823
2026-05-08 21:21:00.000000000,1778246460000000000,8611,8614,8607,8610,3486,479823,480598
2026-05-08 21:22:00.000000000,1778246520000000000,8610,8613,8602,8603,1888,480598,480905
2026-05-08 21:23:00.000000000,1778246580000000000,8603,8603,8594,8596,4112,480905,480548
2026-05-08 21:24:00.000000000,1778246640000000000,8596,8602,8595,8598,2608,480548,481116
2026-05-08 21:25:00.000000000,1778246700000000000,8598,8598,8585,8587,2988,481116,480823
2026-05-08 21:26:00.000000000,1778246760000000000,8587,8591,8584,8588,1790,480823,480790
2026-05-08 21:27:00.000000000,1778246820000000000,8588,8590,8578,8581,2618,480790,480392
2026-05-08 21:28:00.000000000,1778246880000000000,8581,8589,8580,8587,1751,480392,480527
2026-05-08 21:29:00.000000000,1778246940000000000,8587,8592,8586,8591,1656,480527,481019
2026-05-08 21:30:00.000000000,1778247000000000000,8591,8591,8580,8591,1831,481019,481002
2026-05-08 21:31:00.000000000,1778247060000000000,8591,8593,8590,8591,1306,481002,480861
2026-05-08 21:32:00.000000000,1778247120000000000,8591,8591,8584,8586,823,480861,480910
2026-05-08 21:33:00.000000000,1778247180000000000,8586,8587,8579,8581,1289,480910,480854
2026-05-08 21:34:00.000000000,1778247240000000000,8581,8586,8578,8579,1954,480854,480597
2026-05-08 21:35:00.000000000,1778247300000000000,8579,8580,8574,8576,3231,480597,480636
2026-05-08 21:36:00.000000000,1778247360000000000,8576,8582,8574,8577,2697,480636,479952
2026-05-08 21:37:00.000000000,1778247420000000000,8577,8577,8566,8570,3521,479952,479118
2026-05-08 21:38:00.000000000,1778247480000000000,8570,8581,8570,8580,1389,479118,479154
2026-05-08 21:39:00.000000000,1778247540000000000,8580,8591,8579,8590,2328,479154,479458
2026-05-08 21:40:00.000000000,1778247600000000000,8590,8590,8579,8582,2232,479458,479564
2026-05-08 21:41:00.000000000,1778247660000000000,8582,8584,8580,8584,840,479564,479774
2026-05-08 21:42:00.000000000,1778247720000000000,8584,8584,8577,8579,735,479774,479770
2026-05-08 21:43:00.000000000,1778247780000000000,8579,8586,8578,8586,1021,479770,479572
2026-05-08 21:44:00.000000000,1778247840000000000,8586,8586,8580,8584,785,479572,479538
2026-05-08 21:45:00.000000000,1778247900000000000,8584,8585,8576,8585,907,479538,479452
2026-05-08 21:46:00.000000000,1778247960000000000,8585,8585,8579,8581,464,479452,479511
2026-05-08 21:47:00.000000000,1778248020000000000,8581,8581,8577,8577,734,479511,479599
2026-05-08 21:48:00.000000000,1778248080000000000,8577,8582,8576,8580,377,479599,479616
2026-05-08 21:49:00.000000000,1778248140000000000,8580,8581,8577,8578,377,479616,479676
2026-05-08 21:50:00.000000000,1778248200000000000,8578,8579,8577,8578,407,479676,479725
2026-05-08 21:51:00.000000000,1778248260000000000,8578,8579,8574,8575,555,479725,479569
2026-05-08 21:52:00.000000000,1778248320000000000,8575,8583,8575,8582,1163,479569,479722
2026-05-08 21:53:00.000000000,1778248380000000000,8582,8583,8572,8576,1369,479722,479829
2026-05-08 21:54:00.000000000,1778248440000000000,8576,8576,8570,8570,1176,479829,479906
2026-05-08 21:55:00.000000000,1778248500000000000,8570,8576,8570,8575,843,479906,479975
2026-05-08 21:56:00.000000000,1778248560000000000,8575,8578,8570,8574,1042,479975,480012
2026-05-08 21:57:00.000000000,1778248620000000000,8574,8579,8573,8577,1381,480012,480283
2026-05-08 21:58:00.000000000,1778248680000000000,8577,8578,8569,8573,1363,480283,480491
2026-05-08 21:59:00.000000000,1778248740000000000,8573,8573,8564,8566,1359,480491,480392
2026-05-08 22:00:00.000000000,1778248800000000000,8566,8573,8561,8573,1417,480392,480357
2026-05-08 22:01:00.000000000,1778248860000000000,8573,8574,8571,8573,606,480357,480365
2026-05-08 22:02:00.000000000,1778248920000000000,8573,8573,8570,8571,572,480365,480359
2026-05-08 22:03:00.000000000,1778248980000000000,8571,8574,8571,8573,994,480359,480629
2026-05-08 22:04:00.000000000,1778249040000000000,8573,8578,8573,8577,1178,480629,480789
2026-05-08 22:05:00.000000000,1778249100000000000,8577,8583,8576,8577,1683,480789,480916
2026-05-08 22:06:00.000000000,1778249160000000000,8577,8586,8575,8582,1885,480916,480989
2026-05-08 22:07:00.000000000,1778249220000000000,8582,8583,8579,8583,1194,480989,481306
2026-05-08 22:08:00.000000000,1778249280000000000,8583,8589,8583,8584,1818,481306,481719
2026-05-08 22:09:00.000000000,1778249340000000000,8584,8592,8583,8592,2434,481719,482190
2026-05-08 22:10:00.000000000,1778249400000000000,8592,8606,8592,8605,3955,482190,482150
2026-05-08 22:11:00.000000000,1778249460000000000,8605,8605,8597,8597,2192,482150,482163
2026-05-08 22:12:00.000000000,1778249520000000000,8597,8598,8594,8597,1238,482163,482219
2026-05-08 22:13:00.000000000,1778249580000000000,8597,8598,8592,8592,913,482219,482406
2026-05-08 22:14:00.000000000,1778249640000000000,8592,8596,8591,8592,857,482406,482328
2026-05-08 22:15:00.000000000,1778249700000000000,8592,8595,8591,8594,643,482328,482168
2026-05-08 22:16:00.000000000,1778249760000000000,8594,8603,8594,8600,1609,482168,482699
2026-05-08 22:17:00.000000000,1778249820000000000,8600,8606,8600,8602,1582,482699,482949
2026-05-08 22:18:00.000000000,1778249880000000000,8602,8602,8596,8599,851,482949,483010
2026-05-08 22:19:00.000000000,1778249940000000000,8599,8606,8599,8603,1485,483010,483112
2026-05-08 22:20:00.000000000,1778250000000000000,8603,8613,8603,8612,1990,483112,483308
2026-05-08 22:21:00.000000000,1778250060000000000,8612,8616,8611,8616,1974,483308,483611
2026-05-08 22:22:00.000000000,1778250120000000000,8616,8617,8611,8617,1828,483611,483983
2026-05-08 22:23:00.000000000,1778250180000000000,8617,8628,8617,8621,6061,483983,485110
2026-05-08 22:24:00.000000000,1778250240000000000,8621,8623,8615,8617,1768,485110,484611
2026-05-08 22:25:00.000000000,1778250300000000000,8617,8620,8614,8614,1540,484611,484409
2026-05-08 22:26:00.000000000,1778250360000000000,8614,8615,8608,8611,2401,484409,484257
2026-05-08 22:27:00.000000000,1778250420000000000,8611,8619,8611,8618,945,484257,484254
2026-05-08 22:28:00.000000000,1778250480000000000,8618,8627,8618,8624,1825,484254,484505
2026-05-08 22:29:00.000000000,1778250540000000000,8624,8627,8620,8627,1509,484505,484975
2026-05-08 22:30:00.000000000,1778250600000000000,8627,8636,8627,8635,3701,484975,485568
2026-05-08 22:31:00.000000000,1778250660000000000,8635,8636,8626,8627,2671,485568,486109
2026-05-08 22:32:00.000000000,1778250720000000000,8627,8632,8627,8632,1111,486109,486487
2026-05-08 22:33:00.000000000,1778250780000000000,8632,8641,8631,8635,4050,486487,487251
2026-05-08 22:34:00.000000000,1778250840000000000,8635,8635,8627,8628,1531,487251,487277
2026-05-08 22:35:00.000000000,1778250900000000000,8628,8629,8625,8628,898,487277,487251
2026-05-08 22:36:00.000000000,1778250960000000000,8628,8629,8621,8622,1574,487251,487037
2026-05-08 22:37:00.000000000,1778251020000000000,8622,8623,8618,8618,1575,487037,486891
2026-05-08 22:38:00.000000000,1778251080000000000,8618,8623,8618,8622,1088,486891,487014
2026-05-08 22:39:00.000000000,1778251140000000000,8622,8623,8619,8621,666,487014,486959
2026-05-08 22:40:00.000000000,1778251200000000000,8621,8622,8617,8620,852,486959,487190
2026-05-08 22:41:00.000000000,1778251260000000000,8620,8620,8616,8617,689,487190,487278
2026-05-08 22:42:00.000000000,1778251320000000000,8617,8621,8617,8621,537,487278,487406
2026-05-08 22:43:00.000000000,1778251380000000000,8621,8621,8617,8618,596,487406,487421
2026-05-08 22:44:00.000000000,1778251440000000000,8618,8621,8617,8620,358,487421,487428
2026-05-08 22:45:00.000000000,1778251500000000000,8620,8629,8619,8629,2108,487428,487728
2026-05-08 22:46:00.000000000,1778251560000000000,8629,8630,8627,8629,1611,487728,488030
2026-05-08 22:47:00.000000000,1778251620000000000,8629,8639,8626,8638,2516,488030,488750
2026-05-08 22:48:00.000000000,1778251680000000000,8638,8642,8633,8640,3373,488750,489558
2026-05-08 22:49:00.000000000,1778251740000000000,8640,8641,8634,8635,1224,489558,489581
2026-05-08 22:50:00.000000000,1778251800000000000,8635,8640,8634,8640,808,489581,489581
2026-05-08 22:51:00.000000000,1778251860000000000,8640,8640,8634,8635,574,489581,489542
2026-05-08 22:52:00.000000000,1778251920000000000,8635,8637,8633,8636,672,489542,489493
2026-05-08 22:53:00.000000000,1778251980000000000,8636,8640,8635,8637,1002,489493,489375
2026-05-08 22:54:00.000000000,1778252040000000000,8637,8638,8633,8635,1533,489375,488926
2026-05-08 22:55:00.000000000,1778252100000000000,8635,8637,8635,8636,581,488926,488858
2026-05-08 22:56:00.000000000,1778252160000000000,8636,8639,8636,8637,949,488858,488805
2026-05-08 22:57:00.000000000,1778252220000000000,8637,8638,8633,8633,745,488805,488664
2026-05-08 22:58:00.000000000,1778252280000000000,8633,8637,8632,8633,1416,488664,487967
2026-05-08 22:59:00.000000000,1778252340000000000,8633,8638,8632,8635,2702,487967,486836
2026-05-11 09:00:00.000000000,1778461200000000000,8706,8735,8674,8675,21315,486836,489274
2026-05-11 09:01:00.000000000,1778461260000000000,8675,8701,8670,8690,9772,489274,490998
2026-05-11 09:02:00.000000000,1778461320000000000,8690,8695,8679,8688,5862,490998,492074
2026-05-11 09:03:00.000000000,1778461380000000000,8688,8688,8672,8675,4839,492074,492657
2026-05-11 09:04:00.000000000,1778461440000000000,8675,8695,8675,8689,4685,492657,493024
2026-05-11 09:05:00.000000000,1778461500000000000,8689,8692,8682,8682,2941,493024,493517
2026-05-11 09:06:00.000000000,1778461560000000000,8682,8682,8667,8672,3649,493517,494592
2026-05-11 09:07:00.000000000,1778461620000000000,8672,8679,8671,8676,2369,494592,494955
2026-05-11 09:08:00.000000000,1778461680000000000,8676,8679,8673,8673,1145,494955,495174
2026-05-11 09:09:00.000000000,1778461740000000000,8673,8678,8670,8675,1611,495174,495057
2026-05-11 09:10:00.000000000,1778461800000000000,8675,8693,8675,8687,4051,495057,495398
2026-05-11 09:11:00.000000000,1778461860000000000,8687,8687,8677,8681,1570,495398,495573
2026-05-11 09:12:00.000000000,1778461920000000000,8681,8681,8675,8675,1461,495573,495662
2026-05-11 09:13:00.000000000,1778461980000000000,8675,8679,8671,8677,1232,495662,495653
2026-05-11 09:14:00.000000000,1778462040000000000,8677,8681,8673,8680,1534,495653,495730
2026-05-11 09:15:00.000000000,1778462100000000000,8680,8680,8672,8676,977,495730,495922
2026-05-11 09:16:00.000000000,1778462160000000000,8676,8677,8664,8665,2282,495922,496098
2026-05-11 09:17:00.000000000,1778462220000000000,8665,8667,8655,8660,3335,496098,495703
2026-05-11 09:18:00.000000000,1778462280000000000,8660,8663,8655,8659,2013,495703,495797
2026-05-11 09:19:00.000000000,1778462340000000000,8659,8659,8650,8652,2109,495797,495754
2026-05-11 09:20:00.000000000,1778462400000000000,8652,8653,8647,8651,3065,495754,496339
2026-05-11 09:21:00.000000000,1778462460000000000,8651,8656,8649,8653,1946,496339,496455
2026-05-11 09:22:00.000000000,1778462520000000000,8653,8662,8653,8662,1934,496455,497019
2026-05-11 09:23:00.000000000,1778462580000000000,8662,8668,8660,8666,2000,497019,497298
2026-05-11 09:24:00.000000000,1778462640000000000,8666,8672,8664,8667,1644,497298,497308
2026-05-11 09:25:00.000000000,1778462700000000000,8667,8672,8661,8669,1334,497308,497502
2026-05-11 09:26:00.000000000,1778462760000000000,8669,8671,8667,8667,772,497502,497641
2026-05-11 09:27:00.000000000,1778462820000000000,8667,8674,8664,8673,1117,497641,498036
2026-05-11 09:28:00.000000000,1778462880000000000,8673,8682,8669,8682,1650,498036,498236
2026-05-11 09:29:00.000000000,1778462940000000000,8682,8682,8676,8680,1017,498236,498368
2026-05-11 09:30:00.000000000,1778463000000000000,8680,8685,8677,8680,1339,498368,498618
2026-05-11 09:31:00.000000000,1778463060000000000,8680,8684,8670,8672,1151,498618,498731
2026-05-11 09:32:00.000000000,1778463120000000000,8672,8681,8671,8680,786,498731,498795
2026-05-11 09:33:00.000000000,1778463180000000000,8680,8686,8680,8681,999,498795,498737
2026-05-11 09:34:00.000000000,1778463240000000000,8681,8686,8677,8685,990,498737,498899
2026-05-11 09:35:00.000000000,1778463300000000000,8685,8692,8682,8689,2194,498899,499049
2026-05-11 09:36:00.000000000,1778463360000000000,8689,8696,8684,8685,2188,499049,498792
2026-05-11 09:37:00.000000000,1778463420000000000,8685,8687,8682,8686,1116,498792,498731
2026-05-11 09:38:00.000000000,1778463480000000000,8686,8692,8686,8689,875,498731,498867
2026-05-11 09:39:00.000000000,1778463540000000000,8689,8705,8689,8700,3098,498867,499912
2026-05-11 09:40:00.000000000,1778463600000000000,8700,8701,8696,8700,1109,499912,500181
2026-05-11 09:41:00.000000000,1778463660000000000,8700,8701,8695,8700,1180,500181,500136
2026-05-11 09:42:00.000000000,1778463720000000000,8700,8712,8700,8710,2717,500136,500507
2026-05-11 09:43:00.000000000,1778463780000000000,8710,8713,8708,8709,1952,500507,500358
2026-05-11 09:44:00.000000000,1778463840000000000,8709,8711,8703,8707,1299,500358,500385
2026-05-11 09:45:00.000000000,1778463900000000000,8707,8717,8706,8717,1672,500385,500689
2026-05-11 09:46:00.000000000,1778463960000000000,8717,8718,8707,8709,1338,500689,500783
2026-05-11 09:47:00.000000000,1778464020000000000,8709,8710,8701,8701,1447,500783,501038
2026-05-11 09:48:00.000000000,1778464080000000000,8701,8702,8692,8695,2091,501038,500545
2026-05-11 09:49:00.000000000,1778464140000000000,8695,8698,8693,8696,1137,500545,500199
2026-05-11 09:50:00.000000000,1778464200000000000,8696,8703,8696,8700,1171,500199,500199
2026-05-11 09:51:00.000000000,1778464260000000000,8700,8701,8691,8694,1583,500199,500157
2026-05-11 09:52:00.000000000,1778464320000000000,8694,8698,8687,8687,2158,500157,500099
2026-05-11 09:53:00.000000000,1778464380000000000,8687,8690,8684,8688,931,500099,500049
2026-05-11 09:54:00.000000000,1778464440000000000,8688,8688,8679,8681,1657,500049,499809
2026-05-11 09:55:00.000000000,1778464500000000000,8681,8681,8675,8680,2725,499809,498906
2026-05-11 09:56:00.000000000,1778464560000000000,8680,8682,8677,8680,1745,498906,498524
2026-05-11 09:57:00.000000000,1778464620000000000,8680,8684,8674,8674,2043,498524,497940
2026-05-11 09:58:00.000000000,1778464680000000000,8674,8675,8664,8667,2391,497940,497812
2026-05-11 09:59:00.000000000,1778464740000000000,8667,8672,8666,8668,1667,497812,497879
2026-05-11 10:00:00.000000000,1778464800000000000,8668,8678,8664,8678,4132,497879,497575
2026-05-11 10:01:00.000000000,1778464860000000000,8678,8682,8676,8678,2134,497575,497335
2026-05-11 10:02:00.000000000,1778464920000000000,8678,8687,8677,8686,2563,497335,497257
2026-05-11 10:03:00.000000000,1778464980000000000,8686,8702,8684,8701,2759,497257,497744
2026-05-11 10:04:00.000000000,1778465040000000000,8701,8713,8701,8709,3271,497744,498518
2026-05-11 10:05:00.000000000,1778465100000000000,8709,8710,8705,8706,1485,498518,498756
2026-05-11 10:06:00.000000000,1778465160000000000,8706,8716,8702,8714,1707,498756,498814
2026-05-11 10:07:00.000000000,1778465220000000000,8714,8717,8705,8705,1940,498814,498707
2026-05-11 10:08:00.000000000,1778465280000000000,8705,8706,8697,8697,1667,498707,498726
2026-05-11 10:09:00.000000000,1778465340000000000,8697,8699,8691,8695,838,498726,498558
2026-05-11 10:10:00.000000000,1778465400000000000,8695,8701,8691,8693,711,498558,498545
2026-05-11 10:11:00.000000000,1778465460000000000,8693,8693,8684,8688,2117,498545,498503
2026-05-11 10:12:00.000000000,1778465520000000000,8688,8697,8688,8695,772,498503,498512
2026-05-11 10:13:00.000000000,1778465580000000000,8695,8699,8692,8699,655,498512,498496
2026-05-11 10:14:00.000000000,1778465640000000000,8699,8700,8694,8694,600,498496,498342
2026-05-11 10:30:00.000000000,1778466600000000000,8695,8701,8685,8685,2074,498342,498319
2026-05-11 10:31:00.000000000,1778466660000000000,8685,8686,8676,8678,2363,498319,497854
2026-05-11 10:32:00.000000000,1778466720000000000,8678,8684,8675,8683,2012,497854,497877
2026-05-11 10:33:00.000000000,1778466780000000000,8683,8685,8681,8684,664,497877,497981
2026-05-11 10:34:00.000000000,1778466840000000000,8684,8696,8682,8694,1497,497981,498321
2026-05-11 10:35:00.000000000,1778466900000000000,8694,8698,8691,8695,1089,498321,498503
2026-05-11 10:36:00.000000000,1778466960000000000,8695,8696,8691,8691,678,498503,498595
2026-05-11 10:37:00.000000000,1778467020000000000,8691,8694,8689,8692,609,498595,498640
2026-05-11 10:38:00.000000000,1778467080000000000,8692,8694,8688,8689,419,498640,498641
2026-05-11 10:39:00.000000000,1778467140000000000,8689,8690,8681,8686,1525,498641,499026
2026-05-11 10:40:00.000000000,1778467200000000000,8686,8699,8686,8699,1297,499026,499384
2026-05-11 10:41:00.000000000,1778467260000000000,8699,8705,8697,8701,1833,499384,499755
2026-05-11 10:42:00.000000000,1778467320000000000,8701,8706,8700,8706,1440,499755,499887
2026-05-11 10:43:00.000000000,1778467380000000000,8706,8712,8704,8707,2287,499887,500334
2026-05-11 10:44:00.000000000,1778467440000000000,8707,8709,8701,8704,941,500334,500227
2026-05-11 10:45:00.000000000,1778467500000000000,8704,8707,8701,8702,721,500227,500229
2026-05-11 10:46:00.000000000,1778467560000000000,8702,8705,8697,8704,959,500229,500152
2026-05-11 10:47:00.000000000,1778467620000000000,8704,8711,8704,8708,1299,500152,500427
2026-05-11 10:48:00.000000000,1778467680000000000,8708,8715,8708,8713,1799,500427,500343
2026-05-11 10:49:00.000000000,1778467740000000000,8713,8715,8709,8713,823,500343,500336
2026-05-11 10:50:00.000000000,1778467800000000000,8713,8719,8712,8715,1484,500336,500746
2026-05-11 10:51:00.000000000,1778467860000000000,8715,8715,8704,8708,985,500746,500570
2026-05-11 10:52:00.000000000,1778467920000000000,8708,8710,8704,8706,793,500570,500592
2026-05-11 10:53:00.000000000,1778467980000000000,8706,8708,8701,8707,872,500592,500565
2026-05-11 10:54:00.000000000,1778468040000000000,8707,8707,8699,8701,852,500565,500564
2026-05-11 10:55:00.000000000,1778468100000000000,8701,8711,8700,8710,1073,500564,500522
2026-05-11 10:56:00.000000000,1778468160000000000,8710,8710,8706,8707,201,500522,500572
2026-05-11 10:57:00.000000000,1778468220000000000,8707,8715,8707,8713,891,500572,500664
2026-05-11 10:58:00.000000000,1778468280000000000,8713,8716,8710,8715,735,500664,500831
2026-05-11 10:59:00.000000000,1778468340000000000,8715,8718,8713,8717,878,500831,500693
2026-05-11 11:00:00.000000000,1778468400000000000,8717,8719,8708,8710,1633,500693,500580
2026-05-11 11:01:00.000000000,1778468460000000000,8710,8718,8709,8717,947,500580,500443
2026-05-11 11:02:00.000000000,1778468520000000000,8717,8718,8713,8714,863,500443,500324
2026-05-11 11:03:00.000000000,1778468580000000000,8714,8717,8709,8717,1021,500324,500511
2026-05-11 11:04:00.000000000,1778468640000000000,8717,8717,8713,8715,493,500511,500526
2026-05-11 11:05:00.000000000,1778468700000000000,8715,8715,8705,8709,1043,500526,500238
2026-05-11 11:06:00.000000000,1778468760000000000,8709,8710,8707,8709,443,500238,500210
2026-05-11 11:07:00.000000000,1778468820000000000,8709,8710,8707,8709,369,500210,500165
2026-05-11 11:08:00.000000000,1778468880000000000,8709,8712,8705,8706,582,500165,500122
2026-05-11 11:09:00.000000000,1778468940000000000,8706,8711,8704,8711,547,500122,500088
2026-05-11 11:10:00.000000000,1778469000000000000,8711,8712,8704,8706,611,500088,499981
2026-05-11 11:11:00.000000000,1778469060000000000,8706,8711,8705,8709,589,499981,499964
2026-05-11 11:12:00.000000000,1778469120000000000,8709,8711,8705,8707,416,499964,499994
2026-05-11 11:13:00.000000000,1778469180000000000,8707,8707,8699,8700,864,499994,499924
2026-05-11 11:14:00.000000000,1778469240000000000,8700,8705,8700,8704,400,499924,499887
2026-05-11 11:15:00.000000000,1778469300000000000,8704,8705,8700,8701,872,499887,500125
2026-05-11 11:16:00.000000000,1778469360000000000,8701,8706,8700,8702,1458,500125,500409
2026-05-11 11:17:00.000000000,1778469420000000000,8702,8703,8698,8701,1054,500409,500524
2026-05-11 11:18:00.000000000,1778469480000000000,8701,8702,8696,8697,599,500524,500398
2026-05-11 11:19:00.000000000,1778469540000000000,8697,8710,8696,8710,973,500398,500332
2026-05-11 11:20:00.000000000,1778469600000000000,8710,8711,8706,8711,992,500332,500367
2026-05-11 11:21:00.000000000,1778469660000000000,8711,8715,8709,8712,1036,500367,500264
2026-05-11 11:22:00.000000000,1778469720000000000,8712,8713,8708,8710,589,500264,500381
2026-05-11 11:23:00.000000000,1778469780000000000,8710,8718,8709,8717,1537,500381,500655
2026-05-11 11:24:00.000000000,1778469840000000000,8717,8724,8717,8721,2118,500655,500721
2026-05-11 11:25:00.000000000,1778469900000000000,8721,8724,8719,8721,808,500721,500714
2026-05-11 11:26:00.000000000,1778469960000000000,8721,8722,8716,8721,584,500714,500548
2026-05-11 11:27:00.000000000,1778470020000000000,8721,8724,8719,8723,667,500548,500744
2026-05-11 11:28:00.000000000,1778470080000000000,8723,8728,8722,8726,1094,500744,500847
2026-05-11 11:29:00.000000000,1778470140000000000,8726,8726,8713,8717,1272,500847,500393
2026-05-11 13:30:00.000000000,1778477400000000000,8717,8735,8717,8728,4115,500393,500689
2026-05-11 13:31:00.000000000,1778477460000000000,8728,8734,8724,8725,1811,500689,500681
2026-05-11 13:32:00.000000000,1778477520000000000,8725,8727,8719,8721,1195,500681,500656
2026-05-11 13:33:00.000000000,1778477580000000000,8721,8726,8721,8723,504,500656,500753
2026-05-11 13:34:00.000000000,1778477640000000000,8723,8726,8721,8723,986,500753,500557
2026-05-11 13:35:00.000000000,1778477700000000000,8723,8725,8715,8718,1117,500557,500773
2026-05-11 13:36:00.000000000,1778477760000000000,8718,8721,8718,8720,418,500773,500885
2026-05-11 13:37:00.000000000,1778477820000000000,8720,8724,8713,8717,842,500885,500837
2026-05-11 13:38:00.000000000,1778477880000000000,8717,8721,8714,8720,670,500837,501060
2026-05-11 13:39:00.000000000,1778477940000000000,8720,8721,8717,8717,308,501060,501068
2026-05-11 13:40:00.000000000,1778478000000000000,8717,8722,8717,8722,397,501068,501111
2026-05-11 13:41:00.000000000,1778478060000000000,8722,8723,8719,8720,673,501111,501339
2026-05-11 13:42:00.000000000,1778478120000000000,8720,8720,8715,8717,481,501339,501309
2026-05-11 13:43:00.000000000,1778478180000000000,8717,8717,8712,8714,891,501309,501094
2026-05-11 13:44:00.000000000,1778478240000000000,8714,8718,8713,8714,679,501094,500971
2026-05-11 13:45:00.000000000,1778478300000000000,8714,8719,8713,8716,977,500971,500920
2026-05-11 13:46:00.000000000,1778478360000000000,8716,8722,8715,8721,672,500920,500872
2026-05-11 13:47:00.000000000,1778478420000000000,8721,8726,8720,8726,1251,500872,501398
2026-05-11 13:48:00.000000000,1778478480000000000,8726,8731,8723,8729,1694,501398,501749
2026-05-11 13:49:00.000000000,1778478540000000000,8729,8729,8722,8727,881,501749,501736
2026-05-11 13:50:00.000000000,1778478600000000000,8727,8729,8725,8726,501,501736,501709
2026-05-11 13:51:00.000000000,1778478660000000000,8726,8730,8725,8729,396,501709,501717
2026-05-11 13:52:00.000000000,1778478720000000000,8729,8730,8723,8727,965,501717,501931
2026-05-11 13:53:00.000000000,1778478780000000000,8727,8728,8725,8727,664,501931,502041
2026-05-11 13:54:00.000000000,1778478840000000000,8727,8733,8725,8726,2122,502041,502064
2026-05-11 13:55:00.000000000,1778478900000000000,8726,8729,8726,8729,590,502064,502208
2026-05-11 13:56:00.000000000,1778478960000000000,8729,8732,8728,8732,520,502208,502310
2026-05-11 13:57:00.000000000,1778479020000000000,8732,8736,8732,8733,1281,502310,502526
2026-05-11 13:58:00.000000000,1778479080000000000,8733,8736,8729,8730,833,502526,502671
2026-05-11 13:59:00.000000000,1778479140000000000,8730,8732,8729,8730,433,502671,502781
2026-05-11 14:00:00.000000000,1778479200000000000,8730,8732,8729,8730,754,502781,502847
2026-05-11 14:01:00.000000000,1778479260000000000,8730,8736,8730,8735,751,502847,502901
2026-05-11 14:02:00.000000000,1778479320000000000,8735,8740,8734,8735,1079,502901,503015
2026-05-11 14:03:00.000000000,1778479380000000000,8735,8738,8734,8735,1159,503015,503370
2026-05-11 14:04:00.000000000,1778479440000000000,8735,8736,8726,8726,1540,503370,502974
2026-05-11 14:05:00.000000000,1778479500000000000,8726,8729,8723,8728,1122,502974,502882
2026-05-11 14:06:00.000000000,1778479560000000000,8728,8730,8726,8726,554,502882,502915
2026-05-11 14:07:00.000000000,1778479620000000000,8726,8729,8726,8726,391,502915,502898
2026-05-11 14:08:00.000000000,1778479680000000000,8726,8727,8724,8725,406,502898,502861
2026-05-11 14:09:00.000000000,1778479740000000000,8725,8727,8724,8725,264,502861,502925
2026-05-11 14:10:00.000000000,1778479800000000000,8725,8726,8723,8724,476,502925,502946
2026-05-11 14:11:00.000000000,1778479860000000000,8724,8730,8724,8727,429,502946,502994
2026-05-11 14:12:00.000000000,1778479920000000000,8727,8728,8725,8726,213,502994,502964
2026-05-11 14:13:00.000000000,1778479980000000000,8726,8731,8725,8727,515,502964,502862
2026-05-11 14:14:00.000000000,1778480040000000000,8727,8730,8726,8729,185,502862,502909
2026-05-11 14:15:00.000000000,1778480100000000000,8729,8729,8723,8724,587,502909,502774
2026-05-11 14:16:00.000000000,1778480160000000000,8724,8730,8723,8728,870,502774,502521
2026-05-11 14:17:00.000000000,1778480220000000000,8728,8729,8722,8723,361,502521,502480
2026-05-11 14:18:00.000000000,1778480280000000000,8723,8724,8721,8722,617,502480,502369
2026-05-11 14:19:00.000000000,1778480340000000000,8722,8725,8722,8724,316,502369,502349
2026-05-11 14:20:00.000000000,1778480400000000000,8724,8727,8724,8727,271,502349,502348
2026-05-11 14:21:00.000000000,1778480460000000000,8727,8728,8724,8724,383,502348,502300
2026-05-11 14:22:00.000000000,1778480520000000000,8724,8725,8719,8720,982,502300,502095
2026-05-11 14:23:00.000000000,1778480580000000000,8720,8723,8719,8720,593,502095,502039
2026-05-11 14:24:00.000000000,1778480640000000000,8720,8724,8719,8720,647,502039,502042
2026-05-11 14:25:00.000000000,1778480700000000000,8720,8720,8711,8713,1762,502042,502020
2026-05-11 14:26:00.000000000,1778480760000000000,8713,8715,8708,8708,1077,502020,501845
2026-05-11 14:27:00.000000000,1778480820000000000,8708,8712,8706,8709,1344,501845,501916
2026-05-11 14:28:00.000000000,1778480880000000000,8709,8710,8705,8707,1061,501916,501925
2026-05-11 14:29:00.000000000,1778480940000000000,8707,8710,8704,8706,2203,501925,502621
2026-05-11 14:30:00.000000000,1778481000000000000,8706,8706,8700,8702,1125,502621,502557
2026-05-11 14:31:00.000000000,1778481060000000000,8702,8710,8701,8708,879,502557,502416
2026-05-11 14:32:00.000000000,1778481120000000000,8708,8712,8705,8705,1678,502416,502669
2026-05-11 14:33:00.000000000,1778481180000000000,8705,8706,8697,8698,1974,502669,503029
2026-05-11 14:34:00.000000000,1778481240000000000,8698,8699,8694,8698,1408,503029,502866
2026-05-11 14:35:00.000000000,1778481300000000000,8698,8702,8691,8694,2314,502866,502757
2026-05-11 14:36:00.000000000,1778481360000000000,8694,8698,8690,8695,1710,502757,503015
2026-05-11 14:37:00.000000000,1778481420000000000,8695,8697,8691,8691,1338,503015,502900
2026-05-11 14:38:00.000000000,1778481480000000000,8691,8696,8689,8695,2852,502900,503758
2026-05-11 14:39:00.000000000,1778481540000000000,8695,8695,8690,8691,1368,503758,503994
2026-05-11 14:40:00.000000000,1778481600000000000,8691,8699,8689,8696,1642,503994,504058
2026-05-11 14:41:00.000000000,1778481660000000000,8696,8697,8689,8691,1639,504058,503852
2026-05-11 14:42:00.000000000,1778481720000000000,8691,8691,8682,8690,2200,503852,503251
2026-05-11 14:43:00.000000000,1778481780000000000,8690,8691,8687,8689,784,503251,503276
2026-05-11 14:44:00.000000000,1778481840000000000,8689,8692,8682,8688,1365,503276,503158
2026-05-11 14:45:00.000000000,1778481900000000000,8688,8691,8687,8690,956,503158,503055
2026-05-11 14:46:00.000000000,1778481960000000000,8690,8693,8688,8688,1378,503055,503003
2026-05-11 14:47:00.000000000,1778482020000000000,8688,8689,8680,8683,1889,503003,502879
2026-05-11 14:48:00.000000000,1778482080000000000,8683,8683,8675,8683,2176,502879,502564
2026-05-11 14:49:00.000000000,1778482140000000000,8683,8688,8683,8687,996,502564,502645
2026-05-11 14:50:00.000000000,1778482200000000000,8687,8687,8682,8682,1229,502645,502621
2026-05-11 14:51:00.000000000,1778482260000000000,8682,8685,8681,8684,682,502621,502443
2026-05-11 14:52:00.000000000,1778482320000000000,8684,8690,8683,8688,1139,502443,502146
2026-05-11 14:53:00.000000000,1778482380000000000,8688,8690,8685,8688,942,502146,501907
2026-05-11 14:54:00.000000000,1778482440000000000,8688,8690,8686,8688,1638,501907,501661
2026-05-11 14:55:00.000000000,1778482500000000000,8688,8690,8686,8687,1091,501661,501302
2026-05-11 14:56:00.000000000,1778482560000000000,8687,8689,8684,8685,1236,501302,501081
2026-05-11 14:57:00.000000000,1778482620000000000,8685,8686,8683,8685,949,501081,501013
2026-05-11 14:58:00.000000000,1778482680000000000,8685,8688,8681,8682,2253,501013,500728
2026-05-11 14:59:00.000000000,1778482740000000000,8682,8687,8682,8685,2635,500728,500603
2026-05-11 21:00:00.000000000,1778504400000000000,8674,8688,8664,8674,9797,500603,500520
2026-05-11 21:01:00.000000000,1778504460000000000,8674,8675,8667,8669,5646,500520,499962
2026-05-11 21:02:00.000000000,1778504520000000000,8669,8675,8662,8664,4133,499962,499857
2026-05-11 21:03:00.000000000,1778504580000000000,8664,8664,8653,8658,4751,499857,499434
2026-05-11 21:04:00.000000000,1778504640000000000,8658,8662,8650,8651,3796,499434,499380
2026-05-11 21:05:00.000000000,1778504700000000000,8651,8652,8638,8640,3973,499380,499590
2026-05-11 21:06:00.000000000,1778504760000000000,8640,8648,8640,8644,3015,499590,499352
2026-05-11 21:07:00.000000000,1778504820000000000,8644,8644,8633,8642,3424,499352,499030
2026-05-11 21:08:00.000000000,1778504880000000000,8642,8643,8634,8636,2086,499030,498678
2026-05-11 21:09:00.000000000,1778504940000000000,8636,8639,8625,8627,3928,498678,498365
2026-05-11 21:10:00.000000000,1778505000000000000,8627,8634,8627,8631,2652,498365,498582
2026-05-11 21:11:00.000000000,1778505060000000000,8631,8639,8630,8637,2979,498582,498501
2026-05-11 21:12:00.000000000,1778505120000000000,8637,8641,8632,8634,2130,498501,498556
2026-05-11 21:13:00.000000000,1778505180000000000,8634,8636,8630,8633,1313,498556,498653
2026-05-11 21:14:00.000000000,1778505240000000000,8633,8639,8633,8639,1467,498653,499007
2026-05-11 21:15:00.000000000,1778505300000000000,8639,8646,8637,8642,2728,499007,498762
2026-05-11 21:16:00.000000000,1778505360000000000,8642,8646,8642,8642,1226,498762,499052
2026-05-11 21:17:00.000000000,1778505420000000000,8642,8646,8641,8644,1041,499052,498995
2026-05-11 21:18:00.000000000,1778505480000000000,8644,8654,8644,8647,2171,498995,499007
2026-05-11 21:19:00.000000000,1778505540000000000,8647,8648,8641,8644,1120,499007,499062
2026-05-11 21:20:00.000000000,1778505600000000000,8644,8651,8644,8648,1443,499062,499460
2026-05-11 21:21:00.000000000,1778505660000000000,8648,8653,8648,8650,1282,499460,499496
2026-05-11 21:22:00.000000000,1778505720000000000,8650,8653,8646,8653,1132,499496,499585
2026-05-11 21:23:00.000000000,1778505780000000000,8653,8656,8651,8651,1980,499585,500081
2026-05-11 21:24:00.000000000,1778505840000000000,8651,8652,8646,8647,1068,500081,500155
2026-05-11 21:25:00.000000000,1778505900000000000,8647,8651,8646,8649,911,500155,500183
2026-05-11 21:26:00.000000000,1778505960000000000,8649,8652,8644,8645,1095,500183,500091
2026-05-11 21:27:00.000000000,1778506020000000000,8645,8652,8644,8652,869,500091,500084
2026-05-11 21:28:00.000000000,1778506080000000000,8652,8658,8651,8657,1814,500084,500352
2026-05-11 21:29:00.000000000,1778506140000000000,8657,8658,8650,8652,1411,500352,500181
2026-05-11 21:30:00.000000000,1778506200000000000,8652,8664,8651,8664,1876,500181,500026
2026-05-11 21:31:00.000000000,1778506260000000000,8664,8667,8658,8661,1766,500026,500147
2026-05-11 21:32:00.000000000,1778506320000000000,8661,8662,8656,8658,719,500147,500234
2026-05-11 21:33:00.000000000,1778506380000000000,8658,8662,8658,8661,678,500234,500388
2026-05-11 21:34:00.000000000,1778506440000000000,8661,8661,8656,8660,721,500388,500578
2026-05-11 21:35:00.000000000,1778506500000000000,8660,8666,8660,8665,1165,500578,500873
2026-05-11 21:36:00.000000000,1778506560000000000,8665,8667,8661,8662,2110,500873,500900
2026-05-11 21:37:00.000000000,1778506620000000000,8662,8666,8661,8665,860,500900,500935
2026-05-11 21:38:00.000000000,1778506680000000000,8665,8665,8657,8658,1147,500935,500938
2026-05-11 21:39:00.000000000,1778506740000000000,8658,8660,8655,8657,950,500938,500943
2026-05-11 21:40:00.000000000,1778506800000000000,8657,8661,8657,8659,588,500943,501088
2026-05-11 21:41:00.000000000,1778506860000000000,8659,8659,8652,8653,1326,501088,501236
2026-05-11 21:42:00.000000000,1778506920000000000,8653,8658,8653,8656,1220,501236,501268
2026-05-11 21:43:00.000000000,1778506980000000000,8656,8661,8656,8660,673,501268,501481
2026-05-11 21:44:00.000000000,1778507040000000000,8660,8660,8656,8656,1138,501481,501714
2026-05-11 21:45:00.000000000,1778507100000000000,8656,8661,8654,8659,1001,501714,501731
2026-05-11 21:46:00.000000000,1778507160000000000,8659,8664,8654,8655,1433,501731,502167
2026-05-11 21:47:00.000000000,1778507220000000000,8655,8655,8649,8652,1935,502167,502100
2026-05-11 21:48:00.000000000,1778507280000000000,8652,8657,8652,8656,623,502100,502105
2026-05-11 21:49:00.000000000,1778507340000000000,8656,8663,8654,8660,2294,502105,502084
2026-05-11 21:50:00.000000000,1778507400000000000,8660,8665,8660,8664,895,502084,502251
2026-05-11 21:51:00.000000000,1778507460000000000,8664,8667,8662,8663,1452,502251,502392
2026-05-11 21:52:00.000000000,1778507520000000000,8663,8667,8661,8667,1014,502392,502564
2026-05-11 21:53:00.000000000,1778507580000000000,8667,8667,8663,8664,778,502564,502668
2026-05-11 21:54:00.000000000,1778507640000000000,8664,8667,8661,8667,1243,502668,502627
2026-05-11 21:55:00.000000000,1778507700000000000,8667,8670,8664,8666,1226,502627,502464
2026-05-11 21:56:00.000000000,1778507760000000000,8666,8666,8659,8660,1138,502464,502013
2026-05-11 21:57:00.000000000,1778507820000000000,8660,8665,8660,8664,766,502013,502097
2026-05-11 21:58:00.000000000,1778507880000000000,8664,8666,8660,8661,462,502097,502195
2026-05-11 21:59:00.000000000,1778507940000000000,8661,8668,8661,8668,959,502195,502532
2026-05-11 22:00:00.000000000,1778508000000000000,8668,8674,8667,8671,1475,502532,502482
2026-05-11 22:01:00.000000000,1778508060000000000,8671,8672,8666,8670,932,502482,502377
2026-05-11 22:02:00.000000000,1778508120000000000,8670,8670,8665,8667,509,502377,502370
2026-05-11 22:03:00.000000000,1778508180000000000,8667,8668,8665,8665,251,502370,502318
2026-05-11 22:04:00.000000000,1778508240000000000,8665,8669,8665,8668,757,502318,502566
2026-05-11 22:05:00.000000000,1778508300000000000,8668,8670,8665,8669,490,502566,502574
2026-05-11 22:06:00.000000000,1778508360000000000,8669,8674,8667,8673,437,502574,502595
2026-05-11 22:07:00.000000000,1778508420000000000,8673,8676,8671,8674,1039,502595,502525
2026-05-11 22:08:00.000000000,1778508480000000000,8674,8677,8673,8673,1503,502525,502799
2026-05-11 22:09:00.000000000,1778508540000000000,8673,8675,8672,8674,506,502799,502698
2026-05-11 22:10:00.000000000,1778508600000000000,8674,8674,8670,8671,420,502698,502749
2026-05-11 22:11:00.000000000,1778508660000000000,8671,8675,8667,8668,738,502749,502751
2026-05-11 22:12:00.000000000,1778508720000000000,8668,8674,8668,8672,447,502751,502776
2026-05-11 22:13:00.000000000,1778508780000000000,8672,8672,8667,8668,484,502776,502793
2026-05-11 22:14:00.000000000,1778508840000000000,8668,8671,8668,8670,310,502793,502801
2026-05-11 22:15:00.000000000,1778508900000000000,8670,8671,8667,8671,365,502801,502742
2026-05-11 22:16:00.000000000,1778508960000000000,8671,8671,8668,8668,316,502742,502848
2026-05-11 22:17:00.000000000,1778509020000000000,8668,8674,8667,8673,417,502848,502838
2026-05-11 22:18:00.000000000,1778509080000000000,8673,8674,8672,8672,372,502838,502894
2026-05-11 22:19:00.000000000,1778509140000000000,8672,8673,8669,8669,238,502894,502871
2026-05-11 22:20:00.000000000,1778509200000000000,8669,8670,8668,8669,215,502871,502846
2026-05-11 22:21:00.000000000,1778509260000000000,8669,8671,8665,8667,954,502846,502839
2026-05-11 22:22:00.000000000,1778509320000000000,8667,8672,8667,8670,363,502839,502915
2026-05-11 22:23:00.000000000,1778509380000000000,8670,8673,8669,8673,399,502915,502900
2026-05-11 22:24:00.000000000,1778509440000000000,8673,8673,8671,8671,201,502900,502874
2026-05-11 22:25:00.000000000,1778509500000000000,8671,8672,8671,8671,142,502874,502829
2026-05-11 22:26:00.000000000,1778509560000000000,8671,8674,8670,8672,644,502829,502743
2026-05-11 22:27:00.000000000,1778509620000000000,8672,8677,8672,8674,778,502743,502724
2026-05-11 22:28:00.000000000,1778509680000000000,8674,8676,8671,8675,562,502724,502706
2026-05-11 22:29:00.000000000,1778509740000000000,8675,8675,8671,8675,402,502706,502685
2026-05-11 22:30:00.000000000,1778509800000000000,8675,8677,8674,8677,446,502685,502596
2026-05-11 22:31:00.000000000,1778509860000000000,8677,8684,8674,8683,1845,502596,503002
2026-05-11 22:32:00.000000000,1778509920000000000,8683,8692,8683,8691,3305,503002,503071
2026-05-11 22:33:00.000000000,1778509980000000000,8691,8691,8681,8682,1164,503071,502759
2026-05-11 22:34:00.000000000,1778510040000000000,8682,8682,8679,8680,1216,502759,502395
2026-05-11 22:35:00.000000000,1778510100000000000,8680,8686,8679,8682,1212,502395,502427
2026-05-11 22:36:00.000000000,1778510160000000000,8682,8683,8676,8680,1543,502427,502390
2026-05-11 22:37:00.000000000,1778510220000000000,8680,8684,8679,8681,326,502390,502448
2026-05-11 22:38:00.000000000,1778510280000000000,8681,8682,8680,8681,218,502448,502447
2026-05-11 22:39:00.000000000,1778510340000000000,8681,8683,8680,8683,307,502447,502536
2026-05-11 22:40:00.000000000,1778510400000000000,8683,8683,8680,8681,343,502536,502591
2026-05-11 22:41:00.000000000,1778510460000000000,8681,8682,8677,8678,655,502591,502613
2026-05-11 22:42:00.000000000,1778510520000000000,8678,8681,8677,8679,333,502613,502582
2026-05-11 22:43:00.000000000,1778510580000000000,8679,8681,8676,8681,522,502582,502623
2026-05-11 22:44:00.000000000,1778510640000000000,8681,8685,8679,8683,546,502623,502505
2026-05-11 22:45:00.000000000,1778510700000000000,8683,8684,8679,8682,428,502505,502539
2026-05-11 22:46:00.000000000,1778510760000000000,8682,8685,8681,8683,446,502539,502548
2026-05-11 22:47:00.000000000,1778510820000000000,8683,8688,8683,8688,471,502548,502499
2026-05-11 22:48:00.000000000,1778510880000000000,8688,8689,8685,8686,529,502499,502483
2026-05-11 22:49:00.000000000,1778510940000000000,8686,8689,8682,8687,1333,502483,502219
2026-05-11 22:50:00.000000000,1778511000000000000,8687,8687,8684,8684,352,502219,502276
2026-05-11 22:51:00.000000000,1778511060000000000,8684,8685,8681,8683,528,502276,502231
2026-05-11 22:52:00.000000000,1778511120000000000,8683,8684,8682,8682,289,502231,502246
2026-05-11 22:53:00.000000000,1778511180000000000,8682,8683,8680,8682,437,502246,502030
2026-05-11 22:54:00.000000000,1778511240000000000,8682,8683,8681,8682,400,502030,501900
2026-05-11 22:55:00.000000000,1778511300000000000,8682,8683,8681,8682,294,501900,501812
2026-05-11 22:56:00.000000000,1778511360000000000,8682,8685,8682,8685,414,501812,501793
2026-05-11 22:57:00.000000000,1778511420000000000,8685,8685,8683,8685,348,501793,501790
2026-05-11 22:58:00.000000000,1778511480000000000,8685,8686,8683,8685,680,501790,501576
2026-05-11 22:59:00.000000000,1778511540000000000,8685,8687,8680,8684,1398,501576,500950
2026-05-12 09:00:00.000000000,1778547600000000000,8692,8705,8686,8700,6091,500950,501705
2026-05-12 09:01:00.000000000,1778547660000000000,8700,8700,8691,8692,1908,501705,502009
2026-05-12 09:02:00.000000000,1778547720000000000,8692,8703,8691,8694,1810,502009,502027
2026-05-12 09:03:00.000000000,1778547780000000000,8694,8694,8685,8687,1861,502027,502044
2026-05-12 09:04:00.000000000,1778547840000000000,8687,8697,8687,8690,1752,502044,502194
2026-05-12 09:05:00.000000000,1778547900000000000,8690,8690,8677,8679,1786,502194,502450
2026-05-12 09:06:00.000000000,1778547960000000000,8679,8684,8675,8680,1253,502450,502615
2026-05-12 09:07:00.000000000,1778548020000000000,8680,8686,8679,8683,1603,502615,503212
2026-05-12 09:08:00.000000000,1778548080000000000,8683,8690,8683,8689,990,503212,503447
2026-05-12 09:09:00.000000000,1778548140000000000,8689,8689,8682,8683,553,503447,503504
2026-05-12 09:10:00.000000000,1778548200000000000,8683,8685,8681,8685,451,503504,503416
2026-05-12 09:11:00.000000000,1778548260000000000,8685,8685,8677,8679,585,503416,503438
2026-05-12 09:12:00.000000000,1778548320000000000,8679,8683,8677,8681,1045,503438,503664
2026-05-12 09:13:00.000000000,1778548380000000000,8681,8682,8677,8681,502,503664,503795
2026-05-12 09:14:00.000000000,1778548440000000000,8681,8688,8681,8684,843,503795,503948
2026-05-12 09:15:00.000000000,1778548500000000000,8684,8695,8684,8692,2000,503948,504398
2026-05-12 09:16:00.000000000,1778548560000000000,8692,8696,8690,8693,903,504398,504577
2026-05-12 09:17:00.000000000,1778548620000000000,8693,8693,8690,8690,443,504577,504671
2026-05-12 09:18:00.000000000,1778548680000000000,8690,8692,8687,8688,373,504671,504690
2026-05-12 09:19:00.000000000,1778548740000000000,8688,8693,8687,8693,466,504690,504807
2026-05-12 09:20:00.000000000,1778548800000000000,8693,8698,8691,8698,502,504807,504990
2026-05-12 09:21:00.000000000,1778548860000000000,8698,8702,8696,8701,1441,504990,505483
2026-05-12 09:22:00.000000000,1778548920000000000,8701,8713,8699,8709,2896,505483,506263
2026-05-12 09:23:00.000000000,1778548980000000000,8709,8715,8709,8712,1663,506263,506727
2026-05-12 09:24:00.000000000,1778549040000000000,8712,8716,8709,8710,1203,506727,506587
2026-05-12 09:25:00.000000000,1778549100000000000,8710,8713,8704,8708,1491,506587,506305
2026-05-12 09:26:00.000000000,1778549160000000000,8708,8720,8708,8719,1507,506305,506560
2026-05-12 09:27:00.000000000,1778549220000000000,8719,8722,8710,8712,3717,506560,507748
2026-05-12 09:28:00.000000000,1778549280000000000,8712,8718,8709,8714,1140,507748,507578
2026-05-12 09:29:00.000000000,1778549340000000000,8714,8720,8714,8719,595,507578,507522
2026-05-12 09:30:00.000000000,1778549400000000000,8719,8720,8714,8718,815,507522,507572
2026-05-12 09:31:00.000000000,1778549460000000000,8718,8725,8717,8723,1169,507572,507441
2026-05-12 09:32:00.000000000,1778549520000000000,8723,8723,8717,8718,1239,507441,507813
2026-05-12 09:33:00.000000000,1778549580000000000,8718,8718,8711,8715,1210,507813,507668
2026-05-12 09:34:00.000000000,1778549640000000000,8715,8718,8714,8715,526,507668,507712
2026-05-12 09:35:00.000000000,1778549700000000000,8715,8716,8711,8715,514,507712,507677
2026-05-12 09:36:00.000000000,1778549760000000000,8715,8715,8709,8712,540,507677,507726
2026-05-12 09:37:00.000000000,1778549820000000000,8712,8717,8709,8715,832,507726,507752
2026-05-12 09:38:00.000000000,1778549880000000000,8715,8719,8714,8717,503,507752,507853
2026-05-12 09:39:00.000000000,1778549940000000000,8717,8720,8714,8719,711,507853,507894
2026-05-12 09:40:00.000000000,1778550000000000000,8719,8720,8714,8719,599,507894,507912
2026-05-12 09:41:00.000000000,1778550060000000000,8719,8722,8716,8721,706,507912,508028
2026-05-12 09:42:00.000000000,1778550120000000000,8721,8722,8716,8720,1662,508028,508453
2026-05-12 09:43:00.000000000,1778550180000000000,8720,8721,8716,8721,690,508453,508522
2026-05-12 09:44:00.000000000,1778550240000000000,8721,8724,8718,8718,1405,508522,508777
2026-05-12 09:45:00.000000000,1778550300000000000,8718,8731,8718,8726,2724,508777,509596
2026-05-12 09:46:00.000000000,1778550360000000000,8726,8734,8726,8732,1885,509596,510273
2026-05-12 09:47:00.000000000,1778550420000000000,8732,8733,8729,8731,788,510273,510428
2026-05-12 09:48:00.000000000,1778550480000000000,8731,8733,8727,8728,1216,510428,510651
2026-05-12 09:49:00.000000000,1778550540000000000,8728,8729,8723,8723,881,510651,510634
2026-05-12 09:50:00.000000000,1778550600000000000,8723,8727,8721,8726,1204,510634,510949
2026-05-12 09:51:00.000000000,1778550660000000000,8726,8731,8725,8730,2011,510949,512004
2026-05-12 09:52:00.000000000,1778550720000000000,8730,8733,8730,8733,913,512004,512299
2026-05-12 09:53:00.000000000,1778550780000000000,8733,8745,8732,8742,4209,512299,513478
2026-05-12 09:54:00.000000000,1778550840000000000,8742,8744,8738,8742,2144,513478,513805
2026-05-12 09:55:00.000000000,1778550900000000000,8742,8755,8741,8747,3970,513805,514890
2026-05-12 09:56:00.000000000,1778550960000000000,8747,8747,8737,8739,2283,514890,514763
2026-05-12 09:57:00.000000000,1778551020000000000,8739,8743,8736,8742,1189,514763,514872
2026-05-12 09:58:00.000000000,1778551080000000000,8742,8746,8741,8743,1668,514872,515455
2026-05-12 09:59:00.000000000,1778551140000000000,8743,8752,8739,8750,2503,515455,516247
2026-05-12 10:00:00.000000000,1778551200000000000,8750,8763,8750,8754,5524,516247,518058
2026-05-12 10:01:00.000000000,1778551260000000000,8754,8759,8751,8752,2797,518058,519190
2026-05-12 10:02:00.000000000,1778551320000000000,8752,8764,8752,8764,2649,519190,519883
2026-05-12 10:03:00.000000000,1778551380000000000,8764,8764,8756,8761,3697,519883,520363
2026-05-12 10:04:00.000000000,1778551440000000000,8761,8772,8760,8771,2654,520363,521429
2026-05-12 10:05:00.000000000,1778551500000000000,8771,8783,8770,8782,6155,521429,522899
2026-05-12 10:06:00.000000000,1778551560000000000,8782,8785,8776,8784,3596,522899,523925
2026-05-12 10:07:00.000000000,1778551620000000000,8784,8795,8782,8791,5469,523925,524807
2026-05-12 10:08:00.000000000,1778551680000000000,8791,8792,8783,8784,1787,524807,525074
2026-05-12 10:09:00.000000000,1778551740000000000,8784,8788,8780,8787,1915,525074,525660
2026-05-12 10:10:00.000000000,1778551800000000000,8787,8788,8770,8772,3141,525660,525158
2026-05-12 10:11:00.000000000,1778551860000000000,8772,8775,8770,8771,1379,525158,525285
2026-05-12 10:12:00.000000000,1778551920000000000,8771,8773,8766,8773,1388,525285,525130
2026-05-12 10:13:00.000000000,1778551980000000000,8773,8775,8767,8775,1279,525130,525210
2026-05-12 10:14:00.000000000,1778552040000000000,8775,8777,8773,8776,1197,525210,525297
2026-05-12 10:30:00.000000000,1778553000000000000,8775,8788,8775,8786,3333,525297,525793
2026-05-12 10:31:00.000000000,1778553060000000000,8786,8798,8786,8788,3467,525793,526397
2026-05-12 10:32:00.000000000,1778553120000000000,8788,8791,8783,8791,1816,526397,526447
2026-05-12 10:33:00.000000000,1778553180000000000,8791,8800,8790,8793,2998,526447,527038
2026-05-12 10:34:00.000000000,1778553240000000000,8793,8803,8793,8798,3225,527038,528119
2026-05-12 10:35:00.000000000,1778553300000000000,8798,8803,8794,8803,2382,528119,528465
2026-05-12 10:36:00.000000000,1778553360000000000,8803,8808,8797,8808,2321,528465,529137
2026-05-12 10:37:00.000000000,1778553420000000000,8808,8816,8807,8809,3821,529137,529926
2026-05-12 10:38:00.000000000,1778553480000000000,8809,8818,8807,8808,3118,529926,530800
2026-05-12 10:39:00.000000000,1778553540000000000,8808,8809,8799,8802,2245,530800,531625
2026-05-12 10:40:00.000000000,1778553600000000000,8802,8804,8794,8802,1967,531625,531589
2026-05-12 10:41:00.000000000,1778553660000000000,8802,8802,8792,8797,1922,531589,531418
2026-05-12 10:42:00.000000000,1778553720000000000,8797,8802,8795,8801,1178,531418,531379
2026-05-12 10:43:00.000000000,1778553780000000000,8801,8802,8794,8798,1024,531379,531621
2026-05-12 10:44:00.000000000,1778553840000000000,8798,8801,8795,8801,737,531621,531779
2026-05-12 10:45:00.000000000,1778553900000000000,8801,8807,8799,8802,2413,531779,532479
2026-05-12 10:46:00.000000000,1778553960000000000,8802,8806,8796,8796,2213,532479,533090
2026-05-12 10:47:00.000000000,1778554020000000000,8796,8803,8794,8797,1595,533090,533278
2026-05-12 10:48:00.000000000,1778554080000000000,8797,8799,8790,8792,1301,533278,533359
2026-05-12 10:49:00.000000000,1778554140000000000,8792,8801,8790,8800,1972,533359,533950
2026-05-12 10:50:00.000000000,1778554200000000000,8800,8801,8792,8799,1522,533950,533933
2026-05-12 10:51:00.000000000,1778554260000000000,8799,8810,8799,8805,2177,533933,533755
2026-05-12 10:52:00.000000000,1778554320000000000,8805,8807,8801,8804,895,533755,533700
2026-05-12 10:53:00.000000000,1778554380000000000,8804,8805,8798,8800,697,533700,533742
2026-05-12 10:54:00.000000000,1778554440000000000,8800,8802,8794,8794,911,533742,533658
2026-05-12 10:55:00.000000000,1778554500000000000,8794,8795,8784,8784,1968,533658,533309
2026-05-12 10:56:00.000000000,1778554560000000000,8784,8785,8775,8779,2325,533309,532951
2026-05-12 10:57:00.000000000,1778554620000000000,8779,8782,8772,8777,2044,532951,532538
2026-05-12 10:58:00.000000000,1778554680000000000,8777,8779,8772,8773,1707,532538,532337
2026-05-12 10:59:00.000000000,1778554740000000000,8773,8773,8766,8771,2018,532337,532279
2026-05-12 11:00:00.000000000,1778554800000000000,8771,8774,8765,8769,1772,532279,532320
2026-05-12 11:01:00.000000000,1778554860000000000,8769,8776,8769,8776,1596,532320,532369
2026-05-12 11:02:00.000000000,1778554920000000000,8776,8777,8767,8769,1179,532369,532315
2026-05-12 11:03:00.000000000,1778554980000000000,8769,8769,8757,8759,1882,532315,531944
2026-05-12 11:04:00.000000000,1778555040000000000,8759,8762,8755,8762,1819,531944,531725
2026-05-12 11:05:00.000000000,1778555100000000000,8762,8764,8756,8764,989,531725,531635
2026-05-12 11:06:00.000000000,1778555160000000000,8764,8771,8762,8769,2014,531635,532036
2026-05-12 11:07:00.000000000,1778555220000000000,8769,8772,8762,8768,1223,532036,532106
2026-05-12 11:08:00.000000000,1778555280000000000,8768,8768,8761,8761,721,532106,532088
2026-05-12 11:09:00.000000000,1778555340000000000,8761,8762,8756,8756,997,532088,532243
2026-05-12 11:10:00.000000000,1778555400000000000,8756,8756,8745,8748,2993,532243,532046
2026-05-12 11:11:00.000000000,1778555460000000000,8748,8756,8744,8756,2084,532046,531703
2026-05-12 11:12:00.000000000,1778555520000000000,8756,8764,8755,8761,1823,531703,531823
2026-05-12 11:13:00.000000000,1778555580000000000,8761,8762,8758,8760,952,531823,531849
2026-05-12 11:14:00.000000000,1778555640000000000,8760,8762,8755,8757,1247,531849,531862
2026-05-12 11:15:00.000000000,1778555700000000000,8757,8763,8754,8762,1236,531862,531884
2026-05-12 11:16:00.000000000,1778555760000000000,8762,8764,8759,8763,999,531884,532056
2026-05-12 11:17:00.000000000,1778555820000000000,8763,8764,8760,8764,923,532056,532300
2026-05-12 11:18:00.000000000,1778555880000000000,8764,8769,8760,8769,984,532300,532370
2026-05-12 11:19:00.000000000,1778555940000000000,8769,8770,8765,8770,998,532370,532401
2026-05-12 11:20:00.000000000,1778556000000000000,8770,8770,8761,8761,850,532401,532530
2026-05-12 11:21:00.000000000,1778556060000000000,8761,8762,8756,8757,980,532530,532488
2026-05-12 11:22:00.000000000,1778556120000000000,8757,8757,8747,8754,1809,532488,532458
2026-05-12 11:23:00.000000000,1778556180000000000,8754,8754,8744,8745,1249,532458,532488
2026-05-12 11:24:00.000000000,1778556240000000000,8745,8754,8742,8752,1253,532488,532342
2026-05-12 11:25:00.000000000,1778556300000000000,8752,8756,8751,8752,558,532342,532293
2026-05-12 11:26:00.000000000,1778556360000000000,8752,8757,8748,8756,682,532293,532400
2026-05-12 11:27:00.000000000,1778556420000000000,8756,8756,8750,8750,590,532400,532364
2026-05-12 11:28:00.000000000,1778556480000000000,8750,8753,8747,8748,647,532364,532355
2026-05-12 11:29:00.000000000,1778556540000000000,8748,8753,8747,8748,1322,532355,532150
2026-05-12 13:30:00.000000000,1778563800000000000,8746,8758,8743,8749,4269,532150,532867
2026-05-12 13:31:00.000000000,1778563860000000000,8749,8753,8746,8752,1233,532867,532949
2026-05-12 13:32:00.000000000,1778563920000000000,8752,8752,8743,8745,1520,532949,533283
2026-05-12 13:33:00.000000000,1778563980000000000,8745,8751,8744,8750,796,533283,533467
2026-05-12 13:34:00.000000000,1778564040000000000,8750,8756,8750,8755,930,533467,533741
2026-05-12 13:35:00.000000000,1778564100000000000,8755,8755,8750,8754,787,533741,533871
2026-05-12 13:36:00.000000000,1778564160000000000,8754,8763,8753,8763,1243,533871,534094
2026-05-12 13:37:00.000000000,1778564220000000000,8763,8763,8756,8758,812,534094,534127
2026-05-12 13:38:00.000000000,1778564280000000000,8758,8762,8755,8757,838,534127,534178
2026-05-12 13:39:00.000000000,1778564340000000000,8757,8757,8750,8754,1082,534178,534269
2026-05-12 13:40:00.000000000,1778564400000000000,8754,8760,8754,8757,544,534269,534274
2026-05-12 13:41:00.000000000,1778564460000000000,8757,8758,8752,8754,710,534274,534389
2026-05-12 13:42:00.000000000,1778564520000000000,8754,8757,8753,8754,726,534389,534405
2026-05-12 13:43:00.000000000,1778564580000000000,8754,8754,8745,8749,1159,534405,534511
2026-05-12 13:44:00.000000000,1778564640000000000,8749,8752,8749,8751,616,534511,534635
2026-05-12 13:45:00.000000000,1778564700000000000,8751,8754,8750,8754,937,534635,534765
2026-05-12 13:46:00.000000000,1778564760000000000,8754,8759,8753,8757,1182,534765,535153
2026-05-12 13:47:00.000000000,1778564820000000000,8757,8757,8754,8755,413,535153,535200
2026-05-12 13:48:00.000000000,1778564880000000000,8755,8760,8755,8759,918,535200,535444
2026-05-12 13:49:00.000000000,1778564940000000000,8759,8766,8758,8766,1424,535444,535825
2026-05-12 13:50:00.000000000,1778565000000000000,8766,8772,8762,8771,1716,535825,535790
2026-05-12 13:51:00.000000000,1778565060000000000,8771,8777,8771,8773,2375,535790,536223
2026-05-12 13:52:00.000000000,1778565120000000000,8773,8774,8767,8767,1249,536223,536310
2026-05-12 13:53:00.000000000,1778565180000000000,8767,8771,8765,8765,1098,536310,536395
2026-05-12 13:54:00.000000000,1778565240000000000,8765,8777,8764,8776,1750,536395,536450
2026-05-12 13:55:00.000000000,1778565300000000000,8776,8780,8773,8774,2329,536450,536920
2026-05-12 13:56:00.000000000,1778565360000000000,8774,8775,8768,8769,759,536920,536849
2026-05-12 13:57:00.000000000,1778565420000000000,8769,8770,8759,8759,1737,536849,536760
2026-05-12 13:58:00.000000000,1778565480000000000,8759,8761,8754,8761,1992,536760,536850
2026-05-12 13:59:00.000000000,1778565540000000000,8761,8766,8761,8765,1213,536850,537050
2026-05-12 14:00:00.000000000,1778565600000000000,8765,8772,8762,8771,1241,537050,537287
2026-05-12 14:01:00.000000000,1778565660000000000,8771,8778,8770,8777,1805,537287,537762
2026-05-12 14:02:00.000000000,1778565720000000000,8777,8780,8774,8779,1494,537762,538023
2026-05-12 14:03:00.000000000,1778565780000000000,8779,8782,8776,8782,1086,538023,538091
2026-05-12 14:04:00.000000000,1778565840000000000,8782,8786,8781,8786,987,538091,538372
2026-05-12 14:05:00.000000000,1778565900000000000,8786,8792,8780,8790,1531,538372,538605
2026-05-12 14:06:00.000000000,1778565960000000000,8790,8798,8790,8791,1996,538605,539124
2026-05-12 14:07:00.000000000,1778566020000000000,8791,8797,8787,8794,1480,539124,539629
2026-05-12 14:08:00.000000000,1778566080000000000,8794,8804,8794,8802,3157,539629,540726
2026-05-12 14:09:00.000000000,1778566140000000000,8802,8806,8800,8804,2453,540726,541349
2026-05-12 14:10:00.000000000,1778566200000000000,8804,8806,8794,8795,2715,541349,541514
2026-05-12 14:11:00.000000000,1778566260000000000,8795,8799,8788,8792,1547,541514,541610
2026-05-12 14:12:00.000000000,1778566320000000000,8792,8795,8789,8793,673,541610,541794
2026-05-12 14:13:00.000000000,1778566380000000000,8793,8794,8790,8792,944,541794,542158
2026-05-12 14:14:00.000000000,1778566440000000000,8792,8794,8787,8788,1021,542158,542272
2026-05-12 14:15:00.000000000,1778566500000000000,8788,8791,8784,8791,1317,542272,542197
2026-05-12 14:16:00.000000000,1778566560000000000,8791,8796,8788,8796,1224,542197,542441
2026-05-12 14:17:00.000000000,1778566620000000000,8796,8798,8792,8798,1519,542441,542756
2026-05-12 14:18:00.000000000,1778566680000000000,8798,8802,8797,8801,1811,542756,543416
2026-05-12 14:19:00.000000000,1778566740000000000,8801,8803,8798,8801,1351,543416,543721
2026-05-12 14:20:00.000000000,1778566800000000000,8801,8806,8800,8805,1783,543721,544388
2026-05-12 14:21:00.000000000,1778566860000000000,8805,8806,8798,8799,1551,544388,544502
2026-05-12 14:22:00.000000000,1778566920000000000,8799,8800,8796,8799,1558,544502,545061
2026-05-12 14:23:00.000000000,1778566980000000000,8799,8799,8792,8794,982,545061,545120
2026-05-12 14:24:00.000000000,1778567040000000000,8794,8800,8794,8799,1619,545120,545458
2026-05-12 14:25:00.000000000,1778567100000000000,8799,8801,8797,8797,615,545458,545543
2026-05-12 14:26:00.000000000,1778567160000000000,8797,8798,8794,8796,628,545543,545570
2026-05-12 14:27:00.000000000,1778567220000000000,8796,8800,8796,8799,703,545570,545701
2026-05-12 14:28:00.000000000,1778567280000000000,8799,8801,8796,8800,896,545701,545659
2026-05-12 14:29:00.000000000,1778567340000000000,8800,8800,8795,8799,1081,545659,545503
2026-05-12 14:30:00.000000000,1778567400000000000,8799,8801,8792,8794,1314,545503,545221
2026-05-12 14:31:00.000000000,1778567460000000000,8794,8798,8790,8797,1169,545221,545301
2026-05-12 14:32:00.000000000,1778567520000000000,8797,8804,8797,8804,1225,545301,545417
2026-05-12 14:33:00.000000000,1778567580000000000,8804,8808,8802,8805,1536,545417,545620
2026-05-12 14:34:00.000000000,1778567640000000000,8805,8806,8801,8802,680,545620,545786
2026-05-12 14:35:00.000000000,1778567700000000000,8802,8802,8793,8794,2056,545786,545682
2026-05-12 14:36:00.000000000,1778567760000000000,8794,8796,8790,8791,1610,545682,545784
2026-05-12 14:37:00.000000000,1778567820000000000,8791,8795,8788,8795,1496,545784,545545
2026-05-12 14:38:00.000000000,1778567880000000000,8795,8801,8794,8798,1291,545545,545720
2026-05-12 14:39:00.000000000,1778567940000000000,8798,8805,8798,8802,1123,545720,545642
2026-05-12 14:40:00.000000000,1778568000000000000,8802,8805,8802,8804,922,545642,545738
2026-05-12 14:41:00.000000000,1778568060000000000,8804,8812,8803,8810,2697,545738,546363
2026-05-12 14:42:00.000000000,1778568120000000000,8810,8811,8807,8809,891,546363,546649
2026-05-12 14:43:00.000000000,1778568180000000000,8809,8810,8801,8802,1057,546649,546655
2026-05-12 14:44:00.000000000,1778568240000000000,8802,8804,8800,8802,1038,546655,546710
2026-05-12 14:45:00.000000000,1778568300000000000,8802,8809,8802,8807,1134,546710,546703
2026-05-12 14:46:00.000000000,1778568360000000000,8807,8809,8804,8806,1202,546703,546987
2026-05-12 14:47:00.000000000,1778568420000000000,8806,8809,8805,8806,1301,546987,547397
2026-05-12 14:48:00.000000000,1778568480000000000,8806,8807,8800,8802,2290,547397,548202
2026-05-12 14:49:00.000000000,1778568540000000000,8802,8812,8802,8811,1038,548202,548163
2026-05-12 14:50:00.000000000,1778568600000000000,8811,8816,8810,8815,1700,548163,548099
2026-05-12 14:51:00.000000000,1778568660000000000,8815,8823,8815,8822,3210,548099,548039
2026-05-12 14:52:00.000000000,1778568720000000000,8822,8831,8822,8830,2710,548039,548460
2026-05-12 14:53:00.000000000,1778568780000000000,8830,8830,8822,8823,1473,548460,548307
2026-05-12 14:54:00.000000000,1778568840000000000,8823,8823,8817,8818,1340,548307,548423
2026-05-12 14:55:00.000000000,1778568900000000000,8818,8818,8811,8813,1746,548423,547914
2026-05-12 14:56:00.000000000,1778568960000000000,8813,8819,8812,8815,1958,547914,547739
2026-05-12 14:57:00.000000000,1778569020000000000,8815,8816,8812,8813,1273,547739,547705
2026-05-12 14:58:00.000000000,1778569080000000000,8813,8814,8811,8812,1257,547705,547708
2026-05-12 14:59:00.000000000,1778569140000000000,8812,8813,8810,8811,2579,547708,546948
2026-05-12 21:00:00.000000000,1778590800000000000,8814,8839,8810,8826,11965,546948,548615
2026-05-12 21:01:00.000000000,1778590860000000000,8826,8827,8802,8808,6741,548615,548165
2026-05-12 21:02:00.000000000,1778590920000000000,8808,8816,8803,8806,4891,548165,548379
2026-05-12 21:03:00.000000000,1778590980000000000,8806,8816,8806,8816,2845,548379,548686
2026-05-12 21:04:00.000000000,1778591040000000000,8816,8819,8806,8807,3270,548686,549258
2026-05-12 21:05:00.000000000,1778591100000000000,8807,8816,8805,8808,3107,549258,549375
2026-05-12 21:06:00.000000000,1778591160000000000,8808,8810,8800,8808,3920,549375,549498
2026-05-12 21:07:00.000000000,1778591220000000000,8808,8809,8801,8803,1862,549498,549516
2026-05-12 21:08:00.000000000,1778591280000000000,8803,8809,8795,8795,3523,549516,549297
2026-05-12 21:09:00.000000000,1778591340000000000,8795,8795,8782,8785,5226,549297,548360
2026-05-12 21:10:00.000000000,1778591400000000000,8785,8790,8781,8787,2913,548360,547678
2026-05-12 21:11:00.000000000,1778591460000000000,8787,8788,8785,8786,1520,547678,547518
2026-05-12 21:12:00.000000000,1778591520000000000,8786,8788,8782,8784,1997,547518,547445
2026-05-12 21:13:00.000000000,1778591580000000000,8784,8790,8784,8786,1662,547445,547482
2026-05-12 21:14:00.000000000,1778591640000000000,8786,8788,8782,8785,1338,547482,547633
2026-05-12 21:15:00.000000000,1778591700000000000,8785,8792,8784,8786,2083,547633,547165
2026-05-12 21:16:00.000000000,1778591760000000000,8786,8804,8786,8803,2775,547165,546734
2026-05-12 21:17:00.000000000,1778591820000000000,8803,8809,8800,8809,3252,546734,547535
2026-05-12 21:18:00.000000000,1778591880000000000,8809,8811,8805,8809,2751,547535,548545
2026-05-12 21:19:00.000000000,1778591940000000000,8809,8810,8806,8810,1654,548545,548701
2026-05-12 21:20:00.000000000,1778592000000000000,8810,8811,8798,8809,2316,548701,548900
2026-05-12 21:21:00.000000000,1778592060000000000,8809,8809,8803,8806,1406,548900,548825
2026-05-12 21:22:00.000000000,1778592120000000000,8806,8808,8799,8799,963,548825,548929
2026-05-12 21:23:00.000000000,1778592180000000000,8799,8799,8794,8795,1073,548929,548812
2026-05-12 21:24:00.000000000,1778592240000000000,8795,8797,8790,8791,1455,548812,548947
2026-05-12 21:25:00.000000000,1778592300000000000,8791,8793,8790,8791,1275,548947,548771
2026-05-12 21:26:00.000000000,1778592360000000000,8791,8800,8791,8797,806,548771,548641
2026-05-12 21:27:00.000000000,1778592420000000000,8797,8805,8795,8804,1313,548641,548681
2026-05-12 21:28:00.000000000,1778592480000000000,8804,8804,8798,8799,689,548681,548801
2026-05-12 21:29:00.000000000,1778592540000000000,8799,8801,8798,8800,563,548801,548944
2026-05-12 21:30:00.000000000,1778592600000000000,8800,8802,8796,8798,1050,548944,549233
2026-05-12 21:31:00.000000000,1778592660000000000,8798,8800,8795,8797,814,549233,549193
2026-05-12 21:32:00.000000000,1778592720000000000,8797,8801,8796,8799,2056,549193,549664
2026-05-12 21:33:00.000000000,1778592780000000000,8799,8801,8792,8799,812,549664,549646
2026-05-12 21:34:00.000000000,1778592840000000000,8799,8800,8796,8798,501,549646,549692
2026-05-12 21:35:00.000000000,1778592900000000000,8798,8813,8798,8810,2460,549692,549724
2026-05-12 21:36:00.000000000,1778592960000000000,8810,8810,8805,8807,760,549724,549873
2026-05-12 21:37:00.000000000,1778593020000000000,8807,8807,8800,8800,717,549873,549806
2026-05-12 21:38:00.000000000,1778593080000000000,8800,8801,8795,8795,913,549806,549997
2026-05-12 21:39:00.000000000,1778593140000000000,8795,8795,8789,8790,1365,549997,549949
2026-05-12 21:40:00.000000000,1778593200000000000,8790,8802,8790,8802,1189,549949,550224
2026-05-12 21:41:00.000000000,1778593260000000000,8802,8805,8800,8803,966,550224,550319
2026-05-12 21:42:00.000000000,1778593320000000000,8803,8804,8800,8802,802,550319,550706
2026-05-12 21:43:00.000000000,1778593380000000000,8802,8802,8798,8799,478,550706,550585
2026-05-12 21:44:00.000000000,1778593440000000000,8799,8800,8797,8800,573,550585,550588
2026-05-12 21:45:00.000000000,1778593500000000000,8800,8800,8794,8795,602,550588,550617
2026-05-12 21:46:00.000000000,1778593560000000000,8795,8799,8795,8796,399,550617,550585
2026-05-12 21:47:00.000000000,1778593620000000000,8796,8797,8795,8796,218,550585,550607
2026-05-12 21:48:00.000000000,1778593680000000000,8796,8801,8795,8799,439,550607,550563
2026-05-12 21:49:00.000000000,1778593740000000000,8799,8800,8796,8797,359,550563,550617
2026-05-12 21:50:00.000000000,1778593800000000000,8797,8798,8795,8798,279,550617,550687
2026-05-12 21:51:00.000000000,1778593860000000000,8798,8801,8796,8800,601,550687,550547
2026-05-12 21:52:00.000000000,1778593920000000000,8800,8803,8800,8801,659,550547,550547
2026-05-12 21:53:00.000000000,1778593980000000000,8801,8801,8796,8798,423,550547,550632
2026-05-12 21:54:00.000000000,1778594040000000000,8798,8798,8795,8797,473,550632,550599
2026-05-12 21:55:00.000000000,1778594100000000000,8797,8799,8792,8792,792,550599,550497
2026-05-12 21:56:00.000000000,1778594160000000000,8792,8795,8791,8795,427,550497,550428
2026-05-12 21:57:00.000000000,1778594220000000000,8795,8795,8787,8790,1204,550428,550364
2026-05-12 21:58:00.000000000,1778594280000000000,8790,8795,8790,8793,572,550364,550412
2026-05-12 21:59:00.000000000,1778594340000000000,8793,8795,8791,8792,459,550412,550437
2026-05-12 22:00:00.000000000,1778594400000000000,8792,8797,8791,8796,692,550437,550324
2026-05-12 22:01:00.000000000,1778594460000000000,8796,8797,8789,8790,849,550324,550545
2026-05-12 22:02:00.000000000,1778594520000000000,8790,8793,8786,8787,1114,550545,550586
2026-05-12 22:03:00.000000000,1778594580000000000,8787,8788,8780,8788,2140,550586,550311
2026-05-12 22:04:00.000000000,1778594640000000000,8788,8790,8788,8790,351,550311,550295
2026-05-12 22:05:00.000000000,1778594700000000000,8790,8790,8785,8788,613,550295,550436
2026-05-12 22:06:00.000000000,1778594760000000000,8788,8791,8787,8790,457,550436,550255
2026-05-12 22:07:00.000000000,1778594820000000000,8790,8791,8789,8791,582,550255,550208
2026-05-12 22:08:00.000000000,1778594880000000000,8791,8795,8790,8793,862,550208,550109
2026-05-12 22:09:00.000000000,1778594940000000000,8793,8793,8790,8791,252,550109,550037
2026-05-12 22:10:00.000000000,1778595000000000000,8791,8792,8789,8789,530,550037,549890
2026-05-12 22:11:00.000000000,1778595060000000000,8789,8792,8788,8791,316,549890,549804
2026-05-12 22:12:00.000000000,1778595120000000000,8791,8792,8785,8788,892,549804,549653
2026-05-12 22:13:00.000000000,1778595180000000000,8788,8788,8783,8785,654,549653,549434
2026-05-12 22:14:00.000000000,1778595240000000000,8785,8787,8781,8787,1457,549434,549305
2026-05-12 22:15:00.000000000,1778595300000000000,8787,8787,8778,8779,1657,549305,548934
2026-05-12 22:16:00.000000000,1778595360000000000,8779,8784,8776,8782,1987,548934,548829
2026-05-12 22:17:00.000000000,1778595420000000000,8782,8783,8780,8780,713,548829,548659
2026-05-12 22:18:00.000000000,1778595480000000000,8780,8783,8777,8782,806,548659,548572
2026-05-12 22:19:00.000000000,1778595540000000000,8782,8783,8781,8781,340,548572,548530
2026-05-12 22:20:00.000000000,1778595600000000000,8781,8782,8778,8780,272,548530,548531
2026-05-12 22:21:00.000000000,1778595660000000000,8780,8786,8780,8784,1025,548531,548545
2026-05-12 22:22:00.000000000,1778595720000000000,8784,8784,8782,8783,198,548545,548573
2026-05-12 22:23:00.000000000,1778595780000000000,8783,8788,8783,8788,790,548573,548393
2026-05-12 22:24:00.000000000,1778595840000000000,8788,8792,8787,8791,783,548393,548187
2026-05-12 22:25:00.000000000,1778595900000000000,8791,8791,8787,8789,651,548187,548167
2026-05-12 22:26:00.000000000,1778595960000000000,8789,8793,8786,8792,716,548167,548166
2026-05-12 22:27:00.000000000,1778596020000000000,8792,8792,8789,8791,420,548166,548002
2026-05-12 22:28:00.000000000,1778596080000000000,8791,8797,8791,8795,1179,548002,547857
2026-05-12 22:29:00.000000000,1778596140000000000,8795,8797,8794,8795,809,547857,547785
2026-05-12 22:30:00.000000000,1778596200000000000,8795,8801,8795,8801,1674,547785,547485
2026-05-12 22:31:00.000000000,1778596260000000000,8801,8804,8798,8799,1198,547485,547663
2026-05-12 22:32:00.000000000,1778596320000000000,8799,8800,8794,8797,602,547663,547649
2026-05-12 22:33:00.000000000,1778596380000000000,8797,8798,8793,8795,1088,547649,547310
2026-05-12 22:34:00.000000000,1778596440000000000,8795,8798,8791,8792,712,547310,547219
2026-05-12 22:35:00.000000000,1778596500000000000,8792,8795,8790,8790,453,547219,547140
2026-05-12 22:36:00.000000000,1778596560000000000,8790,8791,8786,8786,722,547140,547064
2026-05-12 22:37:00.000000000,1778596620000000000,8786,8789,8785,8787,643,547064,546898
2026-05-12 22:38:00.000000000,1778596680000000000,8787,8789,8785,8787,466,546898,546915
2026-05-12 22:39:00.000000000,1778596740000000000,8787,8787,8784,8784,562,546915,546676
2026-05-12 22:40:00.000000000,1778596800000000000,8784,8785,8779,8781,965,546676,546445
2026-05-12 22:41:00.000000000,1778596860000000000,8781,8788,8781,8787,993,546445,546665
2026-05-12 22:42:00.000000000,1778596920000000000,8787,8789,8785,8785,412,546665,546636
2026-05-12 22:43:00.000000000,1778596980000000000,8785,8786,8782,8784,430,546636,546613
2026-05-12 22:44:00.000000000,1778597040000000000,8784,8786,8784,8786,237,546613,546580
2026-05-12 22:45:00.000000000,1778597100000000000,8786,8791,8785,8787,663,546580,546541
2026-05-12 22:46:00.000000000,1778597160000000000,8787,8788,8785,8788,372,546541,546477
2026-05-12 22:47:00.000000000,1778597220000000000,8788,8788,8786,8787,323,546477,546374
2026-05-12 22:48:00.000000000,1778597280000000000,8787,8787,8784,8786,275,546374,546289
2026-05-12 22:49:00.000000000,1778597340000000000,8786,8786,8783,8786,315,546289,546193
2026-05-12 22:50:00.000000000,1778597400000000000,8786,8786,8784,8785,445,546193,546000
2026-05-12 22:51:00.000000000,1778597460000000000,8785,8790,8785,8789,436,546000,545795
2026-05-12 22:52:00.000000000,1778597520000000000,8789,8789,8785,8786,625,545795,545730
2026-05-12 22:53:00.000000000,1778597580000000000,8786,8790,8786,8788,320,545730,545665
2026-05-12 22:54:00.000000000,1778597640000000000,8788,8789,8786,8787,233,545665,545614
2026-05-12 22:55:00.000000000,1778597700000000000,8787,8789,8786,8789,360,545614,545572
2026-05-12 22:56:00.000000000,1778597760000000000,8789,8789,8787,8788,425,545572,545597
2026-05-12 22:57:00.000000000,1778597820000000000,8788,8790,8787,8789,450,545597,545492
2026-05-12 22:58:00.000000000,1778597880000000000,8789,8790,8786,8787,559,545492,545178
2026-05-12 22:59:00.000000000,1778597940000000000,8787,8788,8780,8781,1340,545178,544481
2026-05-13 09:00:00.000000000,1778634000000000000,8771,8776,8761,8775,6374,544481,545732
2026-05-13 09:01:00.000000000,1778634060000000000,8775,8778,8766,8774,3331,545732,546199
2026-05-13 09:02:00.000000000,1778634120000000000,8774,8783,8768,8781,2656,546199,546913
2026-05-13 09:03:00.000000000,1778634180000000000,8781,8786,8775,8775,1711,546913,547012
2026-05-13 09:04:00.000000000,1778634240000000000,8775,8775,8767,8769,2102,547012,547185
2026-05-13 09:05:00.000000000,1778634300000000000,8769,8775,8768,8770,1755,547185,547466
2026-05-13 09:06:00.000000000,1778634360000000000,8770,8772,8765,8767,1960,547466,547204
2026-05-13 09:07:00.000000000,1778634420000000000,8767,8773,8765,8772,1085,547204,547102
2026-05-13 09:08:00.000000000,1778634480000000000,8772,8772,8763,8765,1803,547102,547221
2026-05-13 09:09:00.000000000,1778634540000000000,8765,8768,8758,8760,2469,547221,546875
2026-05-13 09:10:00.000000000,1778634600000000000,8760,8762,8755,8756,2291,546875,546737
2026-05-13 09:11:00.000000000,1778634660000000000,8756,8765,8756,8759,2106,546737,546940
2026-05-13 09:12:00.000000000,1778634720000000000,8759,8764,8759,8760,1286,546940,546943
2026-05-13 09:13:00.000000000,1778634780000000000,8760,8772,8760,8768,1560,546943,546755
2026-05-13 09:14:00.000000000,1778634840000000000,8768,8772,8767,8771,1166,546755,546620
2026-05-13 09:15:00.000000000,1778634900000000000,8771,8771,8763,8765,2065,546620,546481
2026-05-13 09:16:00.000000000,1778634960000000000,8765,8766,8759,8762,1125,546481,546322
2026-05-13 09:17:00.000000000,1778635020000000000,8762,8770,8758,8770,1083,546322,546256
2026-05-13 09:18:00.000000000,1778635080000000000,8770,8773,8766,8767,986,546256,546109
2026-05-13 09:19:00.000000000,1778635140000000000,8767,8769,8762,8764,1079,546109,546055
2026-05-13 09:20:00.000000000,1778635200000000000,8764,8767,8760,8764,1276,546055,546178
2026-05-13 09:21:00.000000000,1778635260000000000,8764,8764,8756,8760,1303,546178,546250
2026-05-13 09:22:00.000000000,1778635320000000000,8760,8765,8758,8762,664,546250,546383
2026-05-13 09:23:00.000000000,1778635380000000000,8762,8764,8758,8764,761,546383,546414
2026-05-13 09:24:00.000000000,1778635440000000000,8764,8768,8762,8766,1106,546414,546484
2026-05-13 09:25:00.000000000,1778635500000000000,8766,8771,8762,8764,1168,546484,546648
2026-05-13 09:26:00.000000000,1778635560000000000,8764,8766,8761,8765,982,546648,546953
2026-05-13 09:27:00.000000000,1778635620000000000,8765,8776,8765,8775,1916,546953,547373
2026-05-13 09:28:00.000000000,1778635680000000000,8775,8777,8771,8777,2140,547373,547997
2026-05-13 09:29:00.000000000,1778635740000000000,8777,8777,8768,8769,1640,547997,548497
2026-05-13 09:30:00.000000000,1778635800000000000,8769,8773,8766,8771,1184,548497,548790
2026-05-13 09:31:00.000000000,1778635860000000000,8771,8774,8765,8773,2617,548790,548594
2026-05-13 09:32:00.000000000,1778635920000000000,8773,8784,8773,8781,2140,548594,548790
2026-05-13 09:33:00.000000000,1778635980000000000,8781,8797,8780,8791,3959,548790,548844
2026-05-13 09:34:00.000000000,1778636040000000000,8791,8791,8781,8781,2116,548844,549160
2026-05-13 09:35:00.000000000,1778636100000000000,8781,8786,8779,8781,1303,549160,549157
2026-05-13 09:36:00.000000000,1778636160000000000,8781,8784,8778,8780,1050,549157,549059
2026-05-13 09:37:00.000000000,1778636220000000000,8780,8782,8776,8778,548,549059,549013
2026-05-13 09:38:00.000000000,1778636280000000000,8778,8783,8778,8782,866,549013,549065
2026-05-13 09:39:00.000000000,1778636340000000000,8782,8784,8779,8782,944,549065,549012
2026-05-13 09:40:00.000000000,1778636400000000000,8782,8782,8774,8776,940,549012,548894
2026-05-13 09:41:00.000000000,1778636460000000000,8776,8779,8772,8778,696,548894,548815
2026-05-13 09:42:00.000000000,1778636520000000000,8778,8783,8777,8782,663,548815,548716
2026-05-13 09:43:00.000000000,1778636580000000000,8782,8783,8778,8781,348,548716,548727
2026-05-13 09:44:00.000000000,1778636640000000000,8781,8784,8780,8783,424,548727,548901
2026-05-13 09:45:00.000000000,1778636700000000000,8783,8783,8776,8779,823,548901,548913
2026-05-13 09:46:00.000000000,1778636760000000000,8779,8782,8778,8780,475,548913,548813
2026-05-13 09:47:00.000000000,1778636820000000000,8780,8783,8777,8783,544,548813,548749
2026-05-13 09:48:00.000000000,1778636880000000000,8783,8787,8777,8778,936,548749,548705
2026-05-13 09:49:00.000000000,1778636940000000000,8778,8778,8773,8776,690,548705,548636
2026-05-13 09:50:00.000000000,1778637000000000000,8776,8783,8775,8782,556,548636,548531
2026-05-13 09:51:00.000000000,1778637060000000000,8782,8783,8777,8778,440,548531,548527
2026-05-13 09:52:00.000000000,1778637120000000000,8778,8780,8776,8780,455,548527,548394
2026-05-13 09:53:00.000000000,1778637180000000000,8780,8786,8777,8784,681,548394,548433
2026-05-13 09:54:00.000000000,1778637240000000000,8784,8784,8780,8783,383,548433,548454
2026-05-13 09:55:00.000000000,1778637300000000000,8783,8791,8783,8786,1456,548454,548084
2026-05-13 09:56:00.000000000,1778637360000000000,8786,8789,8781,8788,681,548084,547968
2026-05-13 09:57:00.000000000,1778637420000000000,8788,8789,8783,8784,494,547968,547998
2026-05-13 09:58:00.000000000,1778637480000000000,8784,8785,8780,8782,689,547998,547984
2026-05-13 09:59:00.000000000,1778637540000000000,8782,8783,8779,8781,397,547984,547982
2026-05-13 10:00:00.000000000,1778637600000000000,8781,8786,8779,8785,904,547982,547863
2026-05-13 10:01:00.000000000,1778637660000000000,8785,8787,8784,8785,693,547863,547912
2026-05-13 10:02:00.000000000,1778637720000000000,8785,8789,8780,8788,815,547912,547861
2026-05-13 10:03:00.000000000,1778637780000000000,8788,8795,8786,8793,1207,547861,547821
2026-05-13 10:04:00.000000000,1778637840000000000,8793,8794,8787,8790,879,547821,547823
2026-05-13 10:05:00.000000000,1778637900000000000,8790,8794,8790,8792,719,547823,547916
2026-05-13 10:06:00.000000000,1778637960000000000,8792,8795,8790,8795,542,547916,547839
2026-05-13 10:07:00.000000000,1778638020000000000,8795,8802,8794,8800,2343,547839,548161
2026-05-13 10:08:00.000000000,1778638080000000000,8800,8804,8799,8801,1295,548161,548043
2026-05-13 10:09:00.000000000,1778638140000000000,8801,8801,8797,8799,735,548043,548065
2026-05-13 10:10:00.000000000,1778638200000000000,8799,8800,8792,8796,907,548065,548040
2026-05-13 10:11:00.000000000,1778638260000000000,8796,8802,8793,8794,620,548040,548161
2026-05-13 10:12:00.000000000,1778638320000000000,8794,8797,8788,8797,958,548161,548076
2026-05-13 10:13:00.000000000,1778638380000000000,8797,8805,8797,8803,2056,548076,548810
2026-05-13 10:14:00.000000000,1778638440000000000,8803,8803,8798,8801,697,548810,548851
2026-05-13 10:30:00.000000000,1778639400000000000,8800,8806,8796,8796,2118,548851,549197
2026-05-13 10:31:00.000000000,1778639460000000000,8796,8798,8791,8797,1032,549197,549169
2026-05-13 10:32:00.000000000,1778639520000000000,8797,8797,8793,8793,496,549169,549142
2026-05-13 10:33:00.000000000,1778639580000000000,8793,8800,8793,8797,580,549142,549094
2026-05-13 10:34:00.000000000,1778639640000000000,8797,8798,8795,8797,290,549094,549108
2026-05-13 10:35:00.000000000,1778639700000000000,8797,8801,8795,8799,657,549108,549240
2026-05-13 10:36:00.000000000,1778639760000000000,8799,8801,8798,8799,511,549240,549279
2026-05-13 10:37:00.000000000,1778639820000000000,8799,8806,8798,8803,1100,549279,549415
2026-05-13 10:38:00.000000000,1778639880000000000,8803,8805,8801,8801,478,549415,549538
2026-05-13 10:39:00.000000000,1778639940000000000,8801,8803,8800,8800,461,549538,549559
2026-05-13 10:40:00.000000000,1778640000000000000,8800,8801,8798,8801,573,549559,549591
2026-05-13 10:41:00.000000000,1778640060000000000,8801,8806,8801,8804,540,549591,549638
2026-05-13 10:42:00.000000000,1778640120000000000,8804,8810,8804,8806,1475,549638,549483
2026-05-13 10:43:00.000000000,1778640180000000000,8806,8810,8804,8807,663,549483,549510
2026-05-13 10:44:00.000000000,1778640240000000000,8807,8810,8803,8806,602,549510,549536
2026-05-13 10:45:00.000000000,1778640300000000000,8806,8808,8800,8801,609,549536,549501
2026-05-13 10:46:00.000000000,1778640360000000000,8801,8801,8797,8798,699,549501,549309
2026-05-13 10:47:00.000000000,1778640420000000000,8798,8802,8796,8796,747,549309,549301
2026-05-13 10:48:00.000000000,1778640480000000000,8796,8800,8794,8797,1057,549301,549030
2026-05-13 10:49:00.000000000,1778640540000000000,8797,8799,8795,8798,408,549030,549026
2026-05-13 10:50:00.000000000,1778640600000000000,8798,8801,8793,8800,803,549026,548989
2026-05-13 10:51:00.000000000,1778640660000000000,8800,8800,8795,8795,556,548989,548899
2026-05-13 10:52:00.000000000,1778640720000000000,8795,8796,8784,8785,1874,548899,548600
2026-05-13 10:53:00.000000000,1778640780000000000,8785,8786,8780,8786,1507,548600,548284
2026-05-13 10:54:00.000000000,1778640840000000000,8786,8789,8779,8780,803,548284,548155
2026-05-13 10:55:00.000000000,1778640900000000000,8780,8781,8772,8773,2141,548155,548190
2026-05-13 10:56:00.000000000,1778640960000000000,8773,8773,8755,8759,5459,548190,548508
2026-05-13 10:57:00.000000000,1778641020000000000,8759,8759,8745,8753,3707,548508,548122
2026-05-13 10:58:00.000000000,1778641080000000000,8753,8759,8751,8757,2283,548122,548009
2026-05-13 10:59:00.000000000,1778641140000000000,8757,8763,8752,8762,1898,548009,547861
2026-05-13 11:00:00.000000000,1778641200000000000,8762,8765,8759,8759,1910,547861,547585
2026-05-13 11:01:00.000000000,1778641260000000000,8759,8768,8759,8768,951,547585,547705
2026-05-13 11:02:00.000000000,1778641320000000000,8768,8771,8764,8764,1233,547705,547599
2026-05-13 11:03:00.000000000,1778641380000000000,8764,8773,8762,8771,937,547599,547597
2026-05-13 11:04:00.000000000,1778641440000000000,8771,8776,8769,8775,1344,547597,547822
2026-05-13 11:05:00.000000000,1778641500000000000,8775,8775,8762,8764,1126,547822,547791
2026-05-13 11:06:00.000000000,1778641560000000000,8764,8764,8760,8760,962,547791,547515
2026-05-13 11:07:00.000000000,1778641620000000000,8760,8764,8759,8762,714,547515,547631
2026-05-13 11:08:00.000000000,1778641680000000000,8762,8762,8758,8760,1458,547631,548165
2026-05-13 11:09:00.000000000,1778641740000000000,8760,8764,8759,8762,1118,548165,548494
2026-05-13 11:10:00.000000000,1778641800000000000,8762,8767,8757,8763,1632,548494,548912
2026-05-13 11:11:00.000000000,1778641860000000000,8763,8764,8758,8761,656,548912,549007
2026-05-13 11:12:00.000000000,1778641920000000000,8761,8766,8758,8764,734,549007,549155
2026-05-13 11:13:00.000000000,1778641980000000000,8764,8764,8755,8758,1118,549155,549421
2026-05-13 11:14:00.000000000,1778642040000000000,8758,8761,8758,8761,725,549421,549652
2026-05-13 11:15:00.000000000,1778642100000000000,8761,8762,8759,8761,612,549652,549743
2026-05-13 11:16:00.000000000,1778642160000000000,8761,8765,8760,8761,595,549743,549679
2026-05-13 11:17:00.000000000,1778642220000000000,8761,8767,8761,8766,509,549679,549626
2026-05-13 11:18:00.000000000,1778642280000000000,8766,8769,8765,8767,492,549626,549679
2026-05-13 11:19:00.000000000,1778642340000000000,8767,8770,8764,8767,725,549679,549677
2026-05-13 11:20:00.000000000,1778642400000000000,8767,8769,8763,8765,647,549677,549610
2026-05-13 11:21:00.000000000,1778642460000000000,8765,8769,8765,8766,745,549610,549680
2026-05-13 11:22:00.000000000,1778642520000000000,8766,8767,8758,8759,651,549680,549639
2026-05-13 11:23:00.000000000,1778642580000000000,8759,8760,8754,8754,659,549639,549690
2026-05-13 11:24:00.000000000,1778642640000000000,8754,8758,8752,8756,526,549690,549697
2026-05-13 11:25:00.000000000,1778642700000000000,8756,8760,8753,8754,812,549697,549550
2026-05-13 11:26:00.000000000,1778642760000000000,8754,8754,8739,8742,3817,549550,549243
2026-05-13 11:27:00.000000000,1778642820000000000,8742,8746,8741,8744,1054,549243,549158
2026-05-13 11:28:00.000000000,1778642880000000000,8744,8751,8744,8751,1291,549158,548865
2026-05-13 11:29:00.000000000,1778642940000000000,8751,8754,8750,8754,1203,548865,548673
2026-05-13 13:30:00.000000000,1778650200000000000,8743,8749,8738,8744,4325,548673,548584
2026-05-13 13:31:00.000000000,1778650260000000000,8744,8744,8732,8733,3124,548584,548614
2026-05-13 13:32:00.000000000,1778650320000000000,8733,8739,8730,8737,1520,548614,548477
2026-05-13 13:33:00.000000000,1778650380000000000,8737,8737,8722,8724,3211,548477,547723
2026-05-13 13:34:00.000000000,1778650440000000000,8724,8728,8717,8720,3395,547723,547077
2026-05-13 13:35:00.000000000,1778650500000000000,8720,8725,8720,8721,1767,547077,547076
2026-05-13 13:36:00.000000000,1778650560000000000,8721,8724,8719,8724,1144,547076,546996
2026-05-13 13:37:00.000000000,1778650620000000000,8724,8731,8723,8728,1792,546996,547008
2026-05-13 13:38:00.000000000,1778650680000000000,8728,8729,8723,8726,1474,547008,547292
2026-05-13 13:39:00.000000000,1778650740000000000,8726,8731,8724,8729,755,547292,547299
2026-05-13 13:40:00.000000000,1778650800000000000,8729,8735,8729,8733,1248,547299,547345
2026-05-13 13:41:00.000000000,1778650860000000000,8733,8733,8729,8731,1079,547345,547311
2026-05-13 13:42:00.000000000,1778650920000000000,8731,8735,8727,8734,827,547311,547139
2026-05-13 13:43:00.000000000,1778650980000000000,8734,8741,8734,8738,1609,547139,547116
2026-05-13 13:44:00.000000000,1778651040000000000,8738,8740,8736,8738,507,547116,547158
2026-05-13 13:45:00.000000000,1778651100000000000,8738,8738,8730,8732,845,547158,547209
2026-05-13 13:46:00.000000000,1778651160000000000,8732,8736,8731,8735,653,547209,547281
2026-05-13 13:47:00.000000000,1778651220000000000,8735,8741,8735,8739,1194,547281,547280
2026-05-13 13:48:00.000000000,1778651280000000000,8739,8741,8734,8735,1017,547280,547431
2026-05-13 13:49:00.000000000,1778651340000000000,8735,8740,8735,8740,534,547431,547475
2026-05-13 13:50:00.000000000,1778651400000000000,8740,8741,8735,8735,652,547475,547601
2026-05-13 13:51:00.000000000,1778651460000000000,8735,8738,8732,8737,727,547601,547713
2026-05-13 13:52:00.000000000,1778651520000000000,8737,8737,8731,8737,1112,547713,547888
2026-05-13 13:53:00.000000000,1778651580000000000,8737,8744,8737,8741,858,547888,547937
2026-05-13 13:54:00.000000000,1778651640000000000,8741,8743,8738,8743,679,547937,548039
2026-05-13 13:55:00.000000000,1778651700000000000,8743,8745,8740,8743,641,548039,547964
2026-05-13 13:56:00.000000000,1778651760000000000,8743,8750,8743,8746,1748,547964,547997
2026-05-13 13:57:00.000000000,1778651820000000000,8746,8750,8744,8746,974,547997,547970
2026-05-13 13:58:00.000000000,1778651880000000000,8746,8751,8744,8749,1006,547970,547875
2026-05-13 13:59:00.000000000,1778651940000000000,8749,8750,8747,8747,597,547875,547792
2026-05-13 14:00:00.000000000,1778652000000000000,8747,8749,8743,8746,1334,547792,547848
2026-05-13 14:01:00.000000000,1778652060000000000,8746,8751,8746,8747,990,547848,547781
2026-05-13 14:02:00.000000000,1778652120000000000,8747,8756,8746,8754,1246,547781,547727
2026-05-13 14:03:00.000000000,1778652180000000000,8754,8757,8753,8754,944,547727,547587
2026-05-13 14:04:00.000000000,1778652240000000000,8754,8756,8750,8751,1242,547587,547322
2026-05-13 14:05:00.000000000,1778652300000000000,8751,8754,8749,8753,645,547322,547289
2026-05-13 14:06:00.000000000,1778652360000000000,8753,8753,8746,8748,800,547289,547309
2026-05-13 14:07:00.000000000,1778652420000000000,8748,8753,8745,8753,1190,547309,547110
2026-05-13 14:08:00.000000000,1778652480000000000,8753,8760,8752,8760,2098,547110,546896
2026-05-13 14:09:00.000000000,1778652540000000000,8760,8767,8759,8765,2121,546896,546730
2026-05-13 14:10:00.000000000,1778652600000000000,8765,8770,8764,8767,2202,546730,547022
2026-05-13 14:11:00.000000000,1778652660000000000,8767,8775,8767,8774,2339,547022,547627
2026-05-13 14:12:00.000000000,1778652720000000000,8774,8774,8764,8768,2537,547627,548011
2026-05-13 14:13:00.000000000,1778652780000000000,8768,8772,8767,8770,1331,548011,548248
2026-05-13 14:14:00.000000000,1778652840000000000,8770,8778,8768,8777,1743,548248,548411
2026-05-13 14:15:00.000000000,1778652900000000000,8777,8782,8774,8777,2464,548411,548879
2026-05-13 14:16:00.000000000,1778652960000000000,8777,8781,8776,8780,1941,548879,549474
2026-05-13 14:17:00.000000000,1778653020000000000,8780,8787,8780,8783,2383,549474,550030
2026-05-13 14:18:00.000000000,1778653080000000000,8783,8784,8775,8776,2369,550030,550341
2026-05-13 14:19:00.000000000,1778653140000000000,8776,8776,8772,8773,1415,550341,550356
2026-05-13 14:20:00.000000000,1778653200000000000,8773,8777,8770,8774,1404,550356,550278
2026-05-13 14:21:00.000000000,1778653260000000000,8774,8778,8772,8778,938,550278,550418
2026-05-13 14:22:00.000000000,1778653320000000000,8778,8780,8773,8774,1114,550418,550510
2026-05-13 14:23:00.000000000,1778653380000000000,8774,8779,8773,8777,1078,550510,550259
2026-05-13 14:24:00.000000000,1778653440000000000,8777,8778,8775,8776,641,550259,550406
2026-05-13 14:25:00.000000000,1778653500000000000,8776,8779,8776,8776,1407,550406,550353
2026-05-13 14:26:00.000000000,1778653560000000000,8776,8778,8774,8775,556,550353,550309
2026-05-13 14:27:00.000000000,1778653620000000000,8775,8779,8774,8774,722,550309,550392
2026-05-13 14:28:00.000000000,1778653680000000000,8774,8774,8767,8769,1379,550392,550258
2026-05-13 14:29:00.000000000,1778653740000000000,8769,8772,8769,8770,608,550258,550112
2026-05-13 14:30:00.000000000,1778653800000000000,8770,8771,8763,8763,1465,550112,549851
2026-05-13 14:31:00.000000000,1778653860000000000,8763,8775,8763,8775,1903,549851,549496
2026-05-13 14:32:00.000000000,1778653920000000000,8775,8780,8775,8777,1653,549496,549732
2026-05-13 14:33:00.000000000,1778653980000000000,8777,8777,8771,8773,506,549732,549624
2026-05-13 14:34:00.000000000,1778654040000000000,8773,8778,8773,8776,489,549624,549476
2026-05-13 14:35:00.000000000,1778654100000000000,8776,8779,8774,8777,711,549476,549248
2026-05-13 14:36:00.000000000,1778654160000000000,8777,8777,8772,8775,696,549248,549168
2026-05-13 14:37:00.000000000,1778654220000000000,8775,8777,8770,8776,666,549168,549281
2026-05-13 14:38:00.000000000,1778654280000000000,8776,8777,8772,8774,563,549281,549254
2026-05-13 14:39:00.000000000,1778654340000000000,8774,8775,8771,8775,1045,549254,549403
2026-05-13 14:40:00.000000000,1778654400000000000,8775,8777,8772,8777,389,549403,549383
2026-05-13 14:41:00.000000000,1778654460000000000,8777,8783,8777,8783,1631,549383,549098
2026-05-13 14:42:00.000000000,1778654520000000000,8783,8799,8783,8798,4044,549098,549573
2026-05-13 14:43:00.000000000,1778654580000000000,8798,8800,8795,8796,2937,549573,549710
2026-05-13 14:44:00.000000000,1778654640000000000,8796,8802,8793,8797,2273,549710,549726
2026-05-13 14:45:00.000000000,1778654700000000000,8797,8816,8797,8811,4979,549726,550476
2026-05-13 14:46:00.000000000,1778654760000000000,8811,8814,8806,8806,2809,550476,550640
2026-05-13 14:47:00.000000000,1778654820000000000,8806,8814,8806,8813,3293,550640,550915
2026-05-13 14:48:00.000000000,1778654880000000000,8813,8823,8811,8811,4708,550915,551960
2026-05-13 14:49:00.000000000,1778654940000000000,8811,8818,8810,8817,3550,551960,552668
2026-05-13 14:50:00.000000000,1778655000000000000,8817,8819,8810,8814,2962,552668,553253
2026-05-13 14:51:00.000000000,1778655060000000000,8814,8817,8813,8814,1123,553253,553246
2026-05-13 14:52:00.000000000,1778655120000000000,8814,8816,8810,8811,1802,553246,552918
2026-05-13 14:53:00.000000000,1778655180000000000,8811,8813,8805,8805,1622,552918,552951
2026-05-13 14:54:00.000000000,1778655240000000000,8805,8814,8804,8813,2467,552951,552501
2026-05-13 14:55:00.000000000,1778655300000000000,8813,8815,8811,8813,1885,552501,552300
2026-05-13 14:56:00.000000000,1778655360000000000,8813,8820,8813,8816,2915,552300,552362
2026-05-13 14:57:00.000000000,1778655420000000000,8816,8822,8812,8813,2273,552362,552624
2026-05-13 14:58:00.000000000,1778655480000000000,8813,8816,8810,8813,2328,552624,552070
2026-05-13 14:59:00.000000000,1778655540000000000,8813,8820,8812,8818,2431,552070,551625
2026-05-13 21:00:00.000000000,1778677200000000000,8841,8865,8833,8859,13619,551625,553123
2026-05-13 21:01:00.000000000,1778677260000000000,8859,8860,8831,8833,6741,553123,552696
2026-05-13 21:02:00.000000000,1778677320000000000,8833,8848,8833,8841,4320,552696,553318
2026-05-13 21:03:00.000000000,1778677380000000000,8841,8854,8837,8854,3296,553318,553442
2026-05-13 21:04:00.000000000,1778677440000000000,8854,8856,8842,8849,4205,553442,553625
2026-05-13 21:05:00.000000000,1778677500000000000,8849,8858,8846,8857,2840,553625,554308
2026-05-13 21:06:00.000000000,1778677560000000000,8857,8868,8857,8861,4553,554308,555375
2026-05-13 21:07:00.000000000,1778677620000000000,8861,8865,8854,8855,3270,555375,555867
2026-05-13 21:08:00.000000000,1778677680000000000,8855,8859,8851,8857,2121,555867,555896
2026-05-13 21:09:00.000000000,1778677740000000000,8857,8859,8851,8857,2915,555896,555857
2026-05-13 21:10:00.000000000,1778677800000000000,8857,8868,8857,8861,3443,555857,556401
2026-05-13 21:11:00.000000000,1778677860000000000,8861,8863,8859,8860,1598,556401,556829
2026-05-13 21:12:00.000000000,1778677920000000000,8860,8871,8860,8868,4049,556829,557722
2026-05-13 21:13:00.000000000,1778677980000000000,8868,8876,8864,8872,3432,557722,558794
2026-05-13 21:14:00.000000000,1778678040000000000,8872,8873,8867,8869,2048,558794,559198
2026-05-13 21:15:00.000000000,1778678100000000000,8869,8877,8869,8876,3161,559198,560056
2026-05-13 21:16:00.000000000,1778678160000000000,8876,8888,8875,8887,3713,560056,560930
2026-05-13 21:17:00.000000000,1778678220000000000,8887,8887,8877,8882,3743,560930,562123
2026-05-13 21:18:00.000000000,1778678280000000000,8882,8898,8877,8898,5625,562123,563834
2026-05-13 21:19:00.000000000,1778678340000000000,8898,8904,8895,8897,5939,563834,565810
2026-05-13 21:20:00.000000000,1778678400000000000,8897,8905,8897,8898,2754,565810,566393
2026-05-13 21:21:00.000000000,1778678460000000000,8898,8907,8897,8906,3239,566393,566989
2026-05-13 21:22:00.000000000,1778678520000000000,8906,8912,8901,8902,3176,566989,567515
2026-05-13 21:23:00.000000000,1778678580000000000,8902,8904,8889,8889,4328,567515,567002
2026-05-13 21:24:00.000000000,1778678640000000000,8889,8890,8878,8886,4688,567002,567533
2026-05-13 21:25:00.000000000,1778678700000000000,8886,8887,8881,8881,1737,567533,567615
2026-05-13 21:26:00.000000000,1778678760000000000,8881,8887,8880,8883,2944,567615,567759
2026-05-13 21:27:00.000000000,1778678820000000000,8883,8893,8883,8890,2145,567759,568299
2026-05-13 21:28:00.000000000,1778678880000000000,8890,8891,8886,8886,1530,568299,568821
2026-05-13 21:29:00.000000000,1778678940000000000,8886,8889,8886,8888,1380,568821,569442
2026-05-13 21:30:00.000000000,1778679000000000000,8888,8889,8882,8883,2169,569442,570300
2026-05-13 21:31:00.000000000,1778679060000000000,8883,8884,8879,8883,1397,570300,570245
2026-05-13 21:32:00.000000000,1778679120000000000,8883,8883,8871,8874,2598,570245,569754
2026-05-13 21:33:00.000000000,1778679180000000000,8874,8874,8866,8868,2538,569754,569394
2026-05-13 21:34:00.000000000,1778679240000000000,8868,8870,8863,8864,1843,569394,569203
2026-05-13 21:35:00.000000000,1778679300000000000,8864,8865,8852,8853,3045,569203,568854
2026-05-13 21:36:00.000000000,1778679360000000000,8853,8859,8850,8850,3433,568854,568664
2026-05-13 21:37:00.000000000,1778679420000000000,8850,8857,8847,8848,3029,568664,568389
2026-05-13 21:38:00.000000000,1778679480000000000,8848,8850,8847,8847,2014,568389,568243
2026-05-13 21:39:00.000000000,1778679540000000000,8847,8847,8839,8846,3392,568243,567889
2026-05-13 21:40:00.000000000,1778679600000000000,8846,8846,8840,8844,1482,567889,567770
2026-05-13 21:41:00.000000000,1778679660000000000,8844,8846,8837,8843,2364,567770,567739
2026-05-13 21:42:00.000000000,1778679720000000000,8843,8849,8841,8848,1593,567739,567655
2026-05-13 21:43:00.000000000,1778679780000000000,8848,8851,8845,8849,1989,567655,567890
2026-05-13 21:44:00.000000000,1778679840000000000,8849,8856,8847,8852,1737,567890,567892
2026-05-13 21:45:00.000000000,1778679900000000000,8852,8854,8848,8849,1369,567892,567876
2026-05-13 21:46:00.000000000,1778679960000000000,8849,8854,8848,8853,868,567876,567908
2026-05-13 21:47:00.000000000,1778680020000000000,8853,8854,8842,8844,1875,567908,567475
2026-05-13 21:48:00.000000000,1778680080000000000,8844,8850,8844,8848,1003,567475,567448
2026-05-13 21:49:00.000000000,1778680140000000000,8848,8854,8846,8854,1396,567448,567696
2026-05-13 21:50:00.000000000,1778680200000000000,8854,8860,8853,8857,1661,567696,567564
2026-05-13 21:51:00.000000000,1778680260000000000,8857,8857,8854,8854,510,567564,567688
2026-05-13 21:52:00.000000000,1778680320000000000,8854,8856,8851,8851,1590,567688,567636
2026-05-13 21:53:00.000000000,1778680380000000000,8851,8857,8850,8852,689,567636,567679
2026-05-13 21:54:00.000000000,1778680440000000000,8852,8857,8852,8856,615,567679,567738
2026-05-13 21:55:00.000000000,1778680500000000000,8856,8863,8855,8863,934,567738,567716
2026-05-13 21:56:00.000000000,1778680560000000000,8863,8866,8863,8865,1023,567716,567723
2026-05-13 21:57:00.000000000,1778680620000000000,8865,8869,8861,8868,1012,567723,567688
2026-05-13 21:58:00.000000000,1778680680000000000,8868,8868,8863,8864,719,567688,567644
2026-05-13 21:59:00.000000000,1778680740000000000,8864,8865,8861,8865,1356,567644,568132
2026-05-13 22:00:00.000000000,1778680800000000000,8865,8868,8861,8865,1639,568132,568016
2026-05-13 22:01:00.000000000,1778680860000000000,8865,8867,8861,8861,1023,568016,567828
2026-05-13 22:02:00.000000000,1778680920000000000,8861,8862,8853,8855,2274,567828,567277
2026-05-13 22:03:00.000000000,1778680980000000000,8855,8858,8852,8858,1222,567277,567287
2026-05-13 22:04:00.000000000,1778681040000000000,8858,8858,8852,8855,1252,567287,567245
2026-05-13 22:05:00.000000000,1778681100000000000,8855,8858,8854,8857,367,567245,567201
2026-05-13 22:06:00.000000000,1778681160000000000,8857,8861,8856,8858,900,567201,567125
2026-05-13 22:07:00.000000000,1778681220000000000,8858,8858,8854,8857,431,567125,567171
2026-05-13 22:08:00.000000000,1778681280000000000,8857,8861,8857,8860,650,567171,567322
2026-05-13 22:09:00.000000000,1778681340000000000,8860,8870,8857,8870,1147,567322,567443
2026-05-13 22:10:00.000000000,1778681400000000000,8870,8872,8868,8870,1673,567443,567704
2026-05-13 22:11:00.000000000,1778681460000000000,8870,8871,8868,8869,842,567704,567660
2026-05-13 22:12:00.000000000,1778681520000000000,8869,8872,8866,8866,863,567660,567747
2026-05-13 22:13:00.000000000,1778681580000000000,8866,8866,8863,8866,658,567747,567798
2026-05-13 22:14:00.000000000,1778681640000000000,8866,8869,8865,8866,544,567798,567864
2026-05-13 22:15:00.000000000,1778681700000000000,8866,8866,8856,8857,1565,567864,567996
2026-05-13 22:16:00.000000000,1778681760000000000,8857,8858,8853,8856,992,567996,568041
2026-05-13 22:17:00.000000000,1778681820000000000,8856,8859,8855,8858,597,568041,568114
2026-05-13 22:18:00.000000000,1778681880000000000,8858,8862,8857,8861,493,568114,568251
2026-05-13 22:19:00.000000000,1778681940000000000,8861,8864,8860,8864,455,568251,568240
2026-05-13 22:20:00.000000000,1778682000000000000,8864,8865,8861,8863,421,568240,568246
2026-05-13 22:21:00.000000000,1778682060000000000,8863,8868,8862,8866,584,568246,568146
2026-05-13 22:22:00.000000000,1778682120000000000,8866,8867,8863,8863,789,568146,568427
2026-05-13 22:23:00.000000000,1778682180000000000,8863,8864,8858,8858,672,568427,568258
2026-05-13 22:24:00.000000000,1778682240000000000,8858,8859,8855,8857,842,568258,567898
2026-05-13 22:25:00.000000000,1778682300000000000,8857,8857,8852,8854,1896,567898,567560
2026-05-13 22:26:00.000000000,1778682360000000000,8854,8861,8853,8860,629,567560,567457
2026-05-13 22:27:00.000000000,1778682420000000000,8860,8864,8860,8863,885,567457,567565
2026-05-13 22:28:00.000000000,1778682480000000000,8863,8863,8858,8860,692,567565,567550
2026-05-13 22:29:00.000000000,1778682540000000000,8860,8861,8855,8855,494,567550,567355
2026-05-13 22:30:00.000000000,1778682600000000000,8855,8858,8854,8858,858,567355,567279
2026-05-13 22:31:00.000000000,1778682660000000000,8858,8858,8853,8857,738,567279,567324
2026-05-13 22:32:00.000000000,1778682720000000000,8857,8860,8856,8858,575,567324,567289
2026-05-13 22:33:00.000000000,1778682780000000000,8858,8860,8856,8856,420,567289,567143
2026-05-13 22:34:00.000000000,1778682840000000000,8856,8856,8853,8853,548,567143,567128
2026-05-13 22:35:00.000000000,1778682900000000000,8853,8855,8852,8853,544,567128,567083
2026-05-13 22:36:00.000000000,1778682960000000000,8853,8855,8851,8851,768,567083,567200
2026-05-13 22:37:00.000000000,1778683020000000000,8851,8854,8847,8847,1641,567200,566921
2026-05-13 22:38:00.000000000,1778683080000000000,8847,8851,8844,8850,1180,566921,566666
2026-05-13 22:39:00.000000000,1778683140000000000,8850,8852,8848,8852,644,566666,566693
2026-05-13 22:40:00.000000000,1778683200000000000,8852,8853,8850,8852,376,566693,566571
2026-05-13 22:41:00.000000000,1778683260000000000,8852,8852,8851,8852,300,566571,566455
2026-05-13 22:42:00.000000000,1778683320000000000,8852,8852,8843,8844,965,566455,566516
2026-05-13 22:43:00.000000000,1778683380000000000,8844,8847,8840,8842,758,566516,566463
2026-05-13 22:44:00.000000000,1778683440000000000,8842,8845,8842,8845,558,566463,566541
2026-05-13 22:45:00.000000000,1778683500000000000,8845,8846,8841,8841,427,566541,566550
2026-05-13 22:46:00.000000000,1778683560000000000,8841,8844,8840,8842,810,566550,566496
2026-05-13 22:47:00.000000000,1778683620000000000,8842,8843,8833,8834,1836,566496,565952
2026-05-13 22:48:00.000000000,1778683680000000000,8834,8839,8832,8838,1405,565952,565721
2026-05-13 22:49:00.000000000,1778683740000000000,8838,8840,8835,8835,923,565721,565744
2026-05-13 22:50:00.000000000,1778683800000000000,8835,8839,8835,8836,1087,565744,565889
2026-05-13 22:51:00.000000000,1778683860000000000,8836,8839,8835,8839,1531,565889,565858
2026-05-13 22:52:00.000000000,1778683920000000000,8839,8840,8836,8837,638,565858,565681
2026-05-13 22:53:00.000000000,1778683980000000000,8837,8837,8825,8827,2168,565681,564986
2026-05-13 22:54:00.000000000,1778684040000000000,8827,8832,8826,8831,1059,564986,564671
2026-05-13 22:55:00.000000000,1778684100000000000,8831,8832,8818,8819,2743,564671,563939
2026-05-13 22:56:00.000000000,1778684160000000000,8819,8823,8818,8818,1045,563939,563902
2026-05-13 22:57:00.000000000,1778684220000000000,8818,8821,8816,8818,1029,563902,563639
2026-05-13 22:58:00.000000000,1778684280000000000,8818,8820,8814,8817,1798,563639,562846
2026-05-13 22:59:00.000000000,1778684340000000000,8817,8825,8817,8823,2021,562846,562299
2026-05-14 09:00:00.000000000,1778720400000000000,8807,8814,8792,8812,7904,562299,561764
2026-05-14 09:01:00.000000000,1778720460000000000,8812,8827,8810,8823,3871,561764,562014
2026-05-14 09:02:00.000000000,1778720520000000000,8823,8826,8819,8822,1808,562014,562046
2026-05-14 09:03:00.000000000,1778720580000000000,8822,8827,8818,8821,1794,562046,562179
2026-05-14 09:04:00.000000000,1778720640000000000,8821,8821,8810,8812,3341,562179,561963
2026-05-14 09:05:00.000000000,1778720700000000000,8812,8818,8801,8805,4139,561963,561540
2026-05-14 09:06:00.000000000,1778720760000000000,8805,8807,8794,8798,3049,561540,561086
2026-05-14 09:07:00.000000000,1778720820000000000,8798,8798,8791,8793,2215,561086,560936
2026-05-14 09:08:00.000000000,1778720880000000000,8793,8798,8788,8794,3299,560936,560042
2026-05-14 09:09:00.000000000,1778720940000000000,8794,8799,8794,8796,1842,560042,559677
2026-05-14 09:10:00.000000000,1778721000000000000,8796,8803,8795,8800,1577,559677,559763
2026-05-14 09:11:00.000000000,1778721060000000000,8800,8801,8789,8792,1943,559763,559734
2026-05-14 09:12:00.000000000,1778721120000000000,8792,8794,8786,8788,1488,559734,559662
2026-05-14 09:13:00.000000000,1778721180000000000,8788,8788,8780,8783,2974,559662,559929
2026-05-14 09:14:00.000000000,1778721240000000000,8783,8786,8780,8784,1831,559929,560323
2026-05-14 09:15:00.000000000,1778721300000000000,8784,8786,8775,8780,2153,560323,560104
2026-05-14 09:16:00.000000000,1778721360000000000,8780,8785,8776,8785,1560,560104,560248
2026-05-14 09:17:00.000000000,1778721420000000000,8785,8786,8772,8773,2696,560248,559452
2026-05-14 09:18:00.000000000,1778721480000000000,8773,8775,8767,8770,3678,559452,558914
2026-05-14 09:19:00.000000000,1778721540000000000,8770,8774,8766,8766,1924,558914,558611
2026-05-14 09:20:00.000000000,1778721600000000000,8766,8766,8754,8756,4308,558611,558147
2026-05-14 09:21:00.000000000,1778721660000000000,8756,8760,8752,8756,4587,558147,557194
2026-05-14 09:22:00.000000000,1778721720000000000,8756,8770,8755,8764,4617,557194,556490
2026-05-14 09:23:00.000000000,1778721780000000000,8764,8764,8756,8764,1823,556490,556498
2026-05-14 09:24:00.000000000,1778721840000000000,8764,8765,8762,8763,774,556498,556436
2026-05-14 09:25:00.000000000,1778721900000000000,8763,8766,8760,8766,1924,556436,556259
2026-05-14 09:26:00.000000000,1778721960000000000,8766,8768,8763,8763,1244,556259,556144
2026-05-14 09:27:00.000000000,1778722020000000000,8763,8763,8756,8760,1487,556144,555928
2026-05-14 09:28:00.000000000,1778722080000000000,8760,8761,8757,8761,1041,555928,555685
2026-05-14 09:29:00.000000000,1778722140000000000,8761,8765,8760,8765,979,555685,555526
2026-05-14 09:30:00.000000000,1778722200000000000,8765,8773,8757,8761,3360,555526,556036
2026-05-14 09:31:00.000000000,1778722260000000000,8761,8761,8747,8748,3018,556036,555580
2026-05-14 09:32:00.000000000,1778722320000000000,8748,8752,8746,8751,957,555580,555483
2026-05-14 09:33:00.000000000,1778722380000000000,8751,8754,8743,8743,1937,555483,555189
2026-05-14 09:34:00.000000000,1778722440000000000,8743,8749,8740,8748,1838,555189,554634
2026-05-14 09:35:00.000000000,1778722500000000000,8748,8751,8742,8742,1458,554634,554527
2026-05-14 09:36:00.000000000,1778722560000000000,8742,8746,8742,8745,1084,554527,554558
2026-05-14 09:37:00.000000000,1778722620000000000,8745,8748,8743,8747,730,554558,554576
2026-05-14 09:38:00.000000000,1778722680000000000,8747,8748,8744,8748,698,554576,554469
2026-05-14 09:39:00.000000000,1778722740000000000,8748,8750,8740,8750,1523,554469,554552
2026-05-14 09:40:00.000000000,1778722800000000000,8750,8750,8741,8744,996,554552,554606
2026-05-14 09:41:00.000000000,1778722860000000000,8744,8744,8732,8736,2394,554606,554836
2026-05-14 09:42:00.000000000,1778722920000000000,8736,8743,8735,8737,1684,554836,555256
2026-05-14 09:43:00.000000000,1778722980000000000,8737,8737,8730,8732,2026,555256,554850
2026-05-14 09:44:00.000000000,1778723040000000000,8732,8732,8724,8728,2457,554850,554659
2026-05-14 09:45:00.000000000,1778723100000000000,8728,8732,8725,8729,1442,554659,554663
2026-05-14 09:46:00.000000000,1778723160000000000,8729,8730,8726,8729,775,554663,554598
2026-05-14 09:47:00.000000000,1778723220000000000,8729,8729,8724,8725,1645,554598,554400
2026-05-14 09:48:00.000000000,1778723280000000000,8725,8729,8723,8728,2169,554400,554233
2026-05-14 09:49:00.000000000,1778723340000000000,8728,8737,8727,8737,3849,554233,553795
2026-05-14 09:50:00.000000000,1778723400000000000,8737,8740,8734,8735,1814,553795,553821
2026-05-14 09:51:00.000000000,1778723460000000000,8735,8736,8730,8731,838,553821,553901
2026-05-14 09:52:00.000000000,1778723520000000000,8731,8731,8716,8719,5570,553901,553303
2026-05-14 09:53:00.000000000,1778723580000000000,8719,8723,8718,8723,1581,553303,552977
2026-05-14 09:54:00.000000000,1778723640000000000,8723,8723,8712,8717,2491,552977,552594
2026-05-14 09:55:00.000000000,1778723700000000000,8717,8724,8717,8722,1220,552594,552657
2026-05-14 09:56:00.000000000,1778723760000000000,8722,8724,8717,8721,1347,552657,552893
2026-05-14 09:57:00.000000000,1778723820000000000,8721,8727,8718,8726,1080,552893,552919
2026-05-14 09:58:00.000000000,1778723880000000000,8726,8726,8722,8725,1027,552919,552846
2026-05-14 09:59:00.000000000,1778723940000000000,8725,8733,8722,8731,2162,552846,552464
2026-05-14 10:00:00.000000000,1778724000000000000,8731,8736,8728,8733,1903,552464,552498
2026-05-14 10:01:00.000000000,1778724060000000000,8733,8734,8730,8730,1041,552498,552483
2026-05-14 10:02:00.000000000,1778724120000000000,8730,8731,8724,8726,1088,552483,552577
2026-05-14 10:03:00.000000000,1778724180000000000,8726,8732,8725,8730,633,552577,552514
2026-05-14 10:04:00.000000000,1778724240000000000,8730,8730,8720,8720,912,552514,552481
2026-05-14 10:05:00.000000000,1778724300000000000,8720,8724,8715,8715,1915,552481,552313
2026-05-14 10:06:00.000000000,1778724360000000000,8715,8716,8706,8709,3153,552313,552071
2026-05-14 10:07:00.000000000,1778724420000000000,8709,8710,8704,8705,2600,552071,551514
2026-05-14 10:08:00.000000000,1778724480000000000,8705,8705,8695,8701,5086,551514,550837
2026-05-14 10:09:00.000000000,1778724540000000000,8701,8706,8699,8706,1878,550837,551052
2026-05-14 10:10:00.000000000,1778724600000000000,8706,8709,8703,8707,1428,551052,550936
2026-05-14 10:11:00.000000000,1778724660000000000,8707,8711,8702,8709,2146,550936,550663
2026-05-14 10:12:00.000000000,1778724720000000000,8709,8710,8702,8703,2225,550663,550378
2026-05-14 10:13:00.000000000,1778724780000000000,8703,8708,8703,8706,691,550378,550294
2026-05-14 10:14:00.000000000,1778724840000000000,8706,8708,8704,8705,1022,550294,550035
2026-05-14 10:30:00.000000000,1778725800000000000,8708,8721,8708,8721,5253,550035,549160
2026-05-14 10:31:00.000000000,1778725860000000000,8721,8721,8713,8716,2143,549160,549472
2026-05-14 10:32:00.000000000,1778725920000000000,8716,8731,8716,8731,2282,549472,549542
2026-05-14 10:33:00.000000000,1778725980000000000,8731,8744,8731,8738,4710,549542,549588
2026-05-14 10:34:00.000000000,1778726040000000000,8738,8743,8736,8741,2153,549588,549723
2026-05-14 10:35:00.000000000,1778726100000000000,8741,8741,8730,8731,2473,549723,549292
2026-05-14 10:36:00.000000000,1778726160000000000,8731,8733,8725,8725,1271,549292,549399
2026-05-14 10:37:00.000000000,1778726220000000000,8725,8733,8725,8732,1006,549399,549354
2026-05-14 10:38:00.000000000,1778726280000000000,8732,8733,8725,8726,832,549354,549545
2026-05-14 10:39:00.000000000,1778726340000000000,8726,8726,8717,8717,1073,549545,549453
2026-05-14 10:40:00.000000000,1778726400000000000,8717,8720,8713,8713,1494,549453,549165
2026-05-14 10:41:00.000000000,1778726460000000000,8713,8714,8708,8710,1515,549165,549142
2026-05-14 10:42:00.000000000,1778726520000000000,8710,8711,8706,8710,846,549142,549219
2026-05-14 10:43:00.000000000,1778726580000000000,8710,8714,8710,8711,815,549219,549205
2026-05-14 10:44:00.000000000,1778726640000000000,8711,8721,8711,8718,1228,549205,549246
2026-05-14 10:45:00.000000000,1778726700000000000,8718,8721,8716,8717,1456,549246,549511
2026-05-14 10:46:00.000000000,1778726760000000000,8717,8718,8706,8707,1278,549511,549099
2026-05-14 10:47:00.000000000,1778726820000000000,8707,8709,8704,8707,1254,549099,549151
2026-05-14 10:48:00.000000000,1778726880000000000,8707,8713,8705,8713,782,549151,549399
2026-05-14 10:49:00.000000000,1778726940000000000,8713,8716,8709,8709,1193,549399,549357
2026-05-14 10:50:00.000000000,1778727000000000000,8709,8713,8705,8707,1212,549357,549238
2026-05-14 10:51:00.000000000,1778727060000000000,8707,8711,8706,8710,895,549238,549402
2026-05-14 10:52:00.000000000,1778727120000000000,8710,8713,8708,8713,747,549402,549280
2026-05-14 10:53:00.000000000,1778727180000000000,8713,8713,8708,8710,759,549280,549284
2026-05-14 10:54:00.000000000,1778727240000000000,8710,8711,8699,8701,2715,549284,549041
2026-05-14 10:55:00.000000000,1778727300000000000,8701,8709,8699,8707,1319,549041,549003
2026-05-14 10:56:00.000000000,1778727360000000000,8707,8714,8707,8709,1073,549003,548850
2026-05-14 10:57:00.000000000,1778727420000000000,8709,8713,8708,8709,543,548850,548777
2026-05-14 10:58:00.000000000,1778727480000000000,8709,8710,8704,8710,742,548777,548809
2026-05-14 10:59:00.000000000,1778727540000000000,8710,8715,8710,8714,1003,548809,548572
2026-05-14 11:00:00.000000000,1778727600000000000,8714,8720,8712,8720,2091,548572,548888
2026-05-14 11:01:00.000000000,1778727660000000000,8720,8721,8710,8716,1444,548888,549093
2026-05-14 11:02:00.000000000,1778727720000000000,8716,8720,8714,8719,921,549093,549151
2026-05-14 11:03:00.000000000,1778727780000000000,8719,8722,8715,8715,795,549151,549311
2026-05-14 11:04:00.000000000,1778727840000000000,8715,8717,8710,8711,735,549311,549278
2026-05-14 11:05:00.000000000,1778727900000000000,8711,8718,8710,8718,721,549278,549310
2026-05-14 11:06:00.000000000,1778727960000000000,8718,8720,8715,8719,544,549310,549222
2026-05-14 11:07:00.000000000,1778728020000000000,8719,8722,8719,8719,1358,549222,549437
2026-05-14 11:08:00.000000000,1778728080000000000,8719,8730,8719,8730,1232,549437,549220
2026-05-14 11:09:00.000000000,1778728140000000000,8730,8730,8726,8729,1352,549220,549009
2026-05-14 11:10:00.000000000,1778728200000000000,8729,8732,8723,8723,954,549009,548984
2026-05-14 11:11:00.000000000,1778728260000000000,8723,8724,8719,8721,986,548984,548762
2026-05-14 11:12:00.000000000,1778728320000000000,8721,8721,8711,8714,1109,548762,548642
2026-05-14 11:13:00.000000000,1778728380000000000,8714,8716,8710,8712,1830,548642,548412
2026-05-14 11:14:00.000000000,1778728440000000000,8712,8720,8712,8719,897,548412,548475
2026-05-14 11:15:00.000000000,1778728500000000000,8719,8723,8716,8716,1370,548475,548167
2026-05-14 11:16:00.000000000,1778728560000000000,8716,8716,8711,8715,545,548167,548169
2026-05-14 11:17:00.000000000,1778728620000000000,8715,8716,8710,8715,870,548169,547886
2026-05-14 11:18:00.000000000,1778728680000000000,8715,8717,8712,8717,1513,547886,547449
2026-05-14 11:19:00.000000000,1778728740000000000,8717,8719,8709,8709,731,547449,547562
2026-05-14 11:20:00.000000000,1778728800000000000,8709,8713,8708,8710,716,547562,547469
2026-05-14 11:21:00.000000000,1778728860000000000,8710,8711,8698,8704,2612,547469,547315
2026-05-14 11:22:00.000000000,1778728920000000000,8704,8705,8694,8698,2306,547315,547291
2026-05-14 11:23:00.000000000,1778728980000000000,8698,8709,8697,8706,1669,547291,547256
2026-05-14 11:24:00.000000000,1778729040000000000,8706,8706,8703,8706,738,547256,547257
2026-05-14 11:25:00.000000000,1778729100000000000,8706,8710,8703,8706,591,547257,547197
2026-05-14 11:26:00.000000000,1778729160000000000,8706,8706,8700,8702,505,547197,547064
2026-05-14 11:27:00.000000000,1778729220000000000,8702,8704,8698,8704,719,547064,547110
2026-05-14 11:28:00.000000000,1778729280000000000,8704,8708,8703,8705,632,547110,547169
2026-05-14 11:29:00.000000000,1778729340000000000,8705,8710,8705,8710,958,547169,546829
2026-05-14 13:30:00.000000000,1778736600000000000,8717,8727,8717,8726,3092,546829,546666
2026-05-14 13:31:00.000000000,1778736660000000000,8726,8736,8726,8736,2378,546666,546652
2026-05-14 13:32:00.000000000,1778736720000000000,8736,8740,8729,8735,2040,546652,546750
2026-05-14 13:33:00.000000000,1778736780000000000,8735,8738,8731,8732,1244,546750,546790
2026-05-14 13:34:00.000000000,1778736840000000000,8732,8733,8728,8729,981,546790,546727
2026-05-14 13:35:00.000000000,1778736900000000000,8729,8736,8729,8732,911,546727,546784
2026-05-14 13:36:00.000000000,1778736960000000000,8732,8737,8731,8737,780,546784,546787
2026-05-14 13:37:00.000000000,1778737020000000000,8737,8738,8728,8732,1086,546787,546664
2026-05-14 13:38:00.000000000,1778737080000000000,8732,8732,8724,8725,1367,546664,546595
2026-05-14 13:39:00.000000000,1778737140000000000,8725,8729,8724,8726,885,546595,546853
2026-05-14 13:40:00.000000000,1778737200000000000,8726,8728,8722,8725,704,546853,547069
2026-05-14 13:41:00.000000000,1778737260000000000,8725,8727,8720,8724,831,547069,547134
2026-05-14 13:42:00.000000000,1778737320000000000,8724,8725,8716,8717,1126,547134,547192
2026-05-14 13:43:00.000000000,1778737380000000000,8717,8717,8713,8716,763,547192,547263
2026-05-14 13:44:00.000000000,1778737440000000000,8716,8717,8713,8716,296,547263,547252
2026-05-14 13:45:00.000000000,1778737500000000000,8716,8716,8710,8711,1202,547252,547486
2026-05-14 13:46:00.000000000,1778737560000000000,8711,8721,8711,8720,966,547486,547279
2026-05-14 13:47:00.000000000,1778737620000000000,8720,8725,8719,8723,965,547279,547301
2026-05-14 13:48:00.000000000,1778737680000000000,8723,8724,8720,8724,693,547301,547397
2026-05-14 13:49:00.000000000,1778737740000000000,8724,8724,8718,8721,789,547397,547506
2026-05-14 13:50:00.000000000,1778737800000000000,8721,8722,8717,8719,586,547506,547534
2026-05-14 13:51:00.000000000,1778737860000000000,8719,8719,8713,8715,969,547534,547650
2026-05-14 13:52:00.000000000,1778737920000000000,8715,8716,8711,8712,790,547650,547793
2026-05-14 13:53:00.000000000,1778737980000000000,8712,8714,8710,8711,844,547793,547929
2026-05-14 13:54:00.000000000,1778738040000000000,8711,8712,8703,8703,1337,547929,547931
2026-05-14 13:55:00.000000000,1778738100000000000,8703,8706,8699,8701,2860,547931,548069
2026-05-14 13:56:00.000000000,1778738160000000000,8701,8704,8698,8698,1634,548069,548307
2026-05-14 13:57:00.000000000,1778738220000000000,8698,8701,8698,8699,993,548307,548350
2026-05-14 13:58:00.000000000,1778738280000000000,8699,8700,8691,8693,2487,548350,548016
2026-05-14 13:59:00.000000000,1778738340000000000,8693,8693,8687,8693,2574,548016,547956
2026-05-14 14:00:00.000000000,1778738400000000000,8693,8697,8683,8685,2203,547956,547982
2026-05-14 14:01:00.000000000,1778738460000000000,8685,8689,8684,8686,1497,547982,547899
2026-05-14 14:02:00.000000000,1778738520000000000,8686,8690,8681,8683,2018,547899,547925
2026-05-14 14:03:00.000000000,1778738580000000000,8683,8686,8682,8686,921,547925,548012
2026-05-14 14:04:00.000000000,1778738640000000000,8686,8693,8685,8693,1249,548012,548044
2026-05-14 14:05:00.000000000,1778738700000000000,8693,8694,8686,8687,1214,548044,547918
2026-05-14 14:06:00.000000000,1778738760000000000,8687,8694,8685,8692,1231,547918,547696
2026-05-14 14:07:00.000000000,1778738820000000000,8692,8695,8690,8694,702,547696,547648
2026-05-14 14:08:00.000000000,1778738880000000000,8694,8694,8692,8692,658,547648,547567
2026-05-14 14:09:00.000000000,1778738940000000000,8692,8697,8692,8697,537,547567,547448
2026-05-14 14:10:00.000000000,1778739000000000000,8697,8699,8690,8698,1383,547448,547504
2026-05-14 14:11:00.000000000,1778739060000000000,8698,8705,8696,8704,1459,547504,547470
2026-05-14 14:12:00.000000000,1778739120000000000,8704,8713,8704,8711,1798,547470,547183
2026-05-14 14:13:00.000000000,1778739180000000000,8711,8721,8710,8717,2403,547183,547242
2026-05-14 14:14:00.000000000,1778739240000000000,8717,8720,8714,8716,1161,547242,547024
2026-05-14 14:15:00.000000000,1778739300000000000,8716,8720,8709,8710,1625,547024,546860
2026-05-14 14:16:00.000000000,1778739360000000000,8710,8716,8709,8714,1192,546860,546755
2026-05-14 14:17:00.000000000,1778739420000000000,8714,8717,8712,8712,849,546755,546918
2026-05-14 14:18:00.000000000,1778739480000000000,8712,8718,8710,8711,1301,546918,547114
2026-05-14 14:19:00.000000000,1778739540000000000,8711,8712,8706,8710,1078,547114,547258
2026-05-14 14:20:00.000000000,1778739600000000000,8710,8717,8710,8715,758,547258,547216
2026-05-14 14:21:00.000000000,1778739660000000000,8715,8716,8703,8704,1083,547216,547173
2026-05-14 14:22:00.000000000,1778739720000000000,8704,8712,8704,8711,865,547173,547114
2026-05-14 14:23:00.000000000,1778739780000000000,8711,8719,8711,8718,732,547114,547115
2026-05-14 14:24:00.000000000,1778739840000000000,8718,8718,8714,8716,557,547115,547016
2026-05-14 14:25:00.000000000,1778739900000000000,8716,8716,8713,8713,494,547016,546954
2026-05-14 14:26:00.000000000,1778739960000000000,8713,8715,8712,8714,1185,546954,547098
2026-05-14 14:27:00.000000000,1778740020000000000,8714,8719,8714,8717,506,547098,547017
2026-05-14 14:28:00.000000000,1778740080000000000,8717,8718,8710,8712,729,547017,546934
2026-05-14 14:29:00.000000000,1778740140000000000,8712,8716,8712,8714,645,546934,546930
2026-05-14 14:30:00.000000000,1778740200000000000,8714,8715,8710,8714,772,546930,546876
2026-05-14 14:31:00.000000000,1778740260000000000,8714,8714,8711,8712,688,546876,546653
2026-05-14 14:32:00.000000000,1778740320000000000,8712,8712,8707,8710,659,546653,546666
2026-05-14 14:33:00.000000000,1778740380000000000,8710,8718,8709,8717,1072,546666,546650
2026-05-14 14:34:00.000000000,1778740440000000000,8717,8718,8712,8713,480,546650,546568
2026-05-14 14:35:00.000000000,1778740500000000000,8713,8713,8709,8711,645,546568,546545
2026-05-14 14:36:00.000000000,1778740560000000000,8711,8712,8707,8709,399,546545,546490
2026-05-14 14:37:00.000000000,1778740620000000000,8709,8710,8707,8707,532,546490,546353
2026-05-14 14:38:00.000000000,1778740680000000000,8707,8707,8699,8699,1520,546353,546566
2026-05-14 14:39:00.000000000,1778740740000000000,8699,8701,8695,8696,1224,546566,546671
2026-05-14 14:40:00.000000000,1778740800000000000,8696,8697,8691,8694,889,546671,546736
2026-05-14 14:41:00.000000000,1778740860000000000,8694,8695,8685,8687,1445,546736,546664
2026-05-14 14:42:00.000000000,1778740920000000000,8687,8688,8679,8679,2217,546664,546697
2026-05-14 14:43:00.000000000,1778740980000000000,8679,8683,8675,8678,2546,546697,546469
2026-05-14 14:44:00.000000000,1778741040000000000,8678,8680,8669,8672,2323,546469,545976
2026-05-14 14:45:00.000000000,1778741100000000000,8672,8678,8671,8671,2647,545976,546093
2026-05-14 14:46:00.000000000,1778741160000000000,8671,8672,8664,8668,2082,546093,545853
2026-05-14 14:47:00.000000000,1778741220000000000,8668,8673,8668,8671,1385,545853,545853
2026-05-14 14:48:00.000000000,1778741280000000000,8671,8678,8671,8673,1504,545853,545789
2026-05-14 14:49:00.000000000,1778741340000000000,8673,8678,8673,8676,856,545789,545625
2026-05-14 14:50:00.000000000,1778741400000000000,8676,8677,8671,8674,1141,545625,545435
2026-05-14 14:51:00.000000000,1778741460000000000,8674,8675,8670,8673,657,545435,545329
2026-05-14 14:52:00.000000000,1778741520000000000,8673,8680,8672,8680,1789,545329,545245
2026-05-14 14:53:00.000000000,1778741580000000000,8680,8680,8674,8675,912,545245,545234
2026-05-14 14:54:00.000000000,1778741640000000000,8675,8677,8672,8672,769,545234,544972
2026-05-14 14:55:00.000000000,1778741700000000000,8672,8679,8672,8675,1703,544972,544518
2026-05-14 14:56:00.000000000,1778741760000000000,8675,8679,8672,8678,1184,544518,544226
2026-05-14 14:57:00.000000000,1778741820000000000,8678,8679,8675,8677,1266,544226,543788
2026-05-14 14:58:00.000000000,1778741880000000000,8677,8685,8677,8684,1499,543788,543317
2026-05-14 14:59:00.000000000,1778741940000000000,8684,8688,8683,8686,2756,543317,542619
2026-05-14 21:00:00.000000000,1778763600000000000,8672,8702,8670,8682,8994,542619,544455
2026-05-14 21:01:00.000000000,1778763660000000000,8682,8688,8667,8672,5180,544455,544600
2026-05-14 21:02:00.000000000,1778763720000000000,8672,8682,8670,8672,3782,544600,544417
2026-05-14 21:03:00.000000000,1778763780000000000,8672,8684,8671,8672,2389,544417,544547
2026-05-14 21:04:00.000000000,1778763840000000000,8672,8682,8672,8682,2136,544547,544597
2026-05-14 21:05:00.000000000,1778763900000000000,8682,8689,8681,8689,3788,544597,544373
2026-05-14 21:06:00.000000000,1778763960000000000,8689,8710,8689,8697,5945,544373,545075
2026-05-14 21:07:00.000000000,1778764020000000000,8697,8704,8691,8704,2748,545075,545412
2026-05-14 21:08:00.000000000,1778764080000000000,8704,8705,8692,8699,2565,545412,545724
2026-05-14 21:09:00.000000000,1778764140000000000,8699,8702,8698,8701,1054,545724,545726
2026-05-14 21:10:00.000000000,1778764200000000000,8701,8701,8692,8696,1610,545726,545651
2026-05-14 21:11:00.000000000,1778764260000000000,8696,8706,8696,8705,1891,545651,546275
2026-05-14 21:12:00.000000000,1778764320000000000,8705,8707,8697,8698,2222,546275,546573
2026-05-14 21:13:00.000000000,1778764380000000000,8698,8701,8694,8701,1545,546573,546600
2026-05-14 21:14:00.000000000,1778764440000000000,8701,8711,8700,8710,2537,546600,547016
2026-05-14 21:15:00.000000000,1778764500000000000,8710,8715,8706,8714,3004,547016,547248
2026-05-14 21:16:00.000000000,1778764560000000000,8714,8714,8703,8705,2019,547248,546831
2026-05-14 21:17:00.000000000,1778764620000000000,8705,8716,8705,8713,1744,546831,546954
2026-05-14 21:18:00.000000000,1778764680000000000,8713,8722,8713,8721,2605,546954,547106
2026-05-14 21:19:00.000000000,1778764740000000000,8721,8728,8718,8728,2836,547106,546761
2026-05-14 21:20:00.000000000,1778764800000000000,8728,8742,8728,8741,5416,546761,547289
2026-05-14 21:21:00.000000000,1778764860000000000,8741,8741,8731,8732,3006,547289,547591
2026-05-14 21:22:00.000000000,1778764920000000000,8732,8732,8722,8728,2311,547591,547058
2026-05-14 21:23:00.000000000,1778764980000000000,8728,8728,8714,8716,2197,547058,546624
2026-05-14 21:24:00.000000000,1778765040000000000,8716,8719,8706,8711,2436,546624,546409
2026-05-14 21:25:00.000000000,1778765100000000000,8711,8715,8710,8714,881,546409,546574
2026-05-14 21:26:00.000000000,1778765160000000000,8714,8714,8708,8709,2186,546574,546419
2026-05-14 21:27:00.000000000,1778765220000000000,8709,8716,8709,8715,1036,546419,546488
2026-05-14 21:28:00.000000000,1778765280000000000,8715,8717,8712,8714,699,546488,546619
2026-05-14 21:29:00.000000000,1778765340000000000,8714,8723,8714,8719,1958,546619,546962
2026-05-14 21:30:00.000000000,1778765400000000000,8719,8722,8715,8719,1891,546962,547228
2026-05-14 21:31:00.000000000,1778765460000000000,8719,8721,8716,8716,773,547228,547426
2026-05-14 21:32:00.000000000,1778765520000000000,8716,8716,8710,8714,1439,547426,547524
2026-05-14 21:33:00.000000000,1778765580000000000,8714,8722,8714,8717,1036,547524,547676
2026-05-14 21:34:00.000000000,1778765640000000000,8717,8723,8716,8720,1161,547676,547756
2026-05-14 21:35:00.000000000,1778765700000000000,8720,8722,8718,8721,644,547756,547854
2026-05-14 21:36:00.000000000,1778765760000000000,8721,8724,8713,8716,1891,547854,548112
2026-05-14 21:37:00.000000000,1778765820000000000,8716,8717,8710,8714,1223,548112,548114
2026-05-14 21:38:00.000000000,1778765880000000000,8714,8716,8710,8713,1207,548114,548081
2026-05-14 21:39:00.000000000,1778765940000000000,8713,8717,8712,8716,576,548081,548132
2026-05-14 21:40:00.000000000,1778766000000000000,8716,8718,8713,8714,764,548132,547919
2026-05-14 21:41:00.000000000,1778766060000000000,8714,8722,8710,8720,1334,547919,547938
2026-05-14 21:42:00.000000000,1778766120000000000,8720,8726,8719,8723,1292,547938,547996
2026-05-14 21:43:00.000000000,1778766180000000000,8723,8723,8718,8722,915,547996,548134
2026-05-14 21:44:00.000000000,1778766240000000000,8722,8726,8719,8724,1580,548134,548399
2026-05-14 21:45:00.000000000,1778766300000000000,8724,8725,8718,8722,1369,548399,548337
2026-05-14 21:46:00.000000000,1778766360000000000,8722,8725,8720,8721,601,548337,548276
2026-05-14 21:47:00.000000000,1778766420000000000,8721,8725,8716,8724,1229,548276,548376
2026-05-14 21:48:00.000000000,1778766480000000000,8724,8731,8724,8730,2369,548376,548766
2026-05-14 21:49:00.000000000,1778766540000000000,8730,8733,8722,8729,4227,548766,549498
2026-05-14 21:50:00.000000000,1778766600000000000,8729,8730,8725,8729,1558,549498,549554
2026-05-14 21:51:00.000000000,1778766660000000000,8729,8730,8725,8726,647,549554,549541
2026-05-14 21:52:00.000000000,1778766720000000000,8726,8731,8721,8723,2046,549541,549792
2026-05-14 21:53:00.000000000,1778766780000000000,8723,8725,8722,8723,781,549792,550007
2026-05-14 21:54:00.000000000,1778766840000000000,8723,8727,8721,8723,861,550007,549986
2026-05-14 21:55:00.000000000,1778766900000000000,8723,8734,8722,8733,1336,549986,549594
2026-05-14 21:56:00.000000000,1778766960000000000,8733,8740,8732,8738,1699,549594,549866
2026-05-14 21:57:00.000000000,1778767020000000000,8738,8743,8736,8736,2169,549866,549999
2026-05-14 21:58:00.000000000,1778767080000000000,8736,8738,8731,8733,807,549999,549853
2026-05-14 21:59:00.000000000,1778767140000000000,8733,8742,8732,8738,1229,549853,550114
2026-05-14 22:00:00.000000000,1778767200000000000,8738,8747,8735,8746,3547,550114,550932
2026-05-14 22:01:00.000000000,1778767260000000000,8746,8749,8744,8747,1774,550932,550870
2026-05-14 22:02:00.000000000,1778767320000000000,8747,8748,8743,8747,971,550870,550786
2026-05-14 22:03:00.000000000,1778767380000000000,8747,8753,8743,8750,2813,550786,551186
2026-05-14 22:04:00.000000000,1778767440000000000,8750,8763,8750,8759,3086,551186,551637
2026-05-14 22:05:00.000000000,1778767500000000000,8759,8771,8757,8769,3474,551637,552107
2026-05-14 22:06:00.000000000,1778767560000000000,8769,8776,8769,8775,4213,552107,552290
2026-05-14 22:07:00.000000000,1778767620000000000,8775,8782,8773,8779,3659,552290,552524
2026-05-14 22:08:00.000000000,1778767680000000000,8779,8783,8779,8782,2187,552524,552759
2026-05-14 22:09:00.000000000,1778767740000000000,8782,8789,8781,8789,2745,552759,553049
2026-05-14 22:10:00.000000000,1778767800000000000,8789,8796,8787,8792,4835,553049,552931
2026-05-14 22:11:00.000000000,1778767860000000000,8792,8796,8789,8792,2653,552931,552978
2026-05-14 22:12:00.000000000,1778767920000000000,8792,8793,8783,8785,2402,552978,552780
2026-05-14 22:13:00.000000000,1778767980000000000,8785,8786,8780,8782,3169,552780,552642
2026-05-14 22:14:00.000000000,1778768040000000000,8782,8784,8772,8775,2733,552642,552179
2026-05-14 22:15:00.000000000,1778768100000000000,8775,8776,8770,8773,1738,552179,551925
2026-05-14 22:16:00.000000000,1778768160000000000,8773,8778,8770,8771,2313,551925,551536
2026-05-14 22:17:00.000000000,1778768220000000000,8771,8772,8766,8767,2265,551536,551155
2026-05-14 22:18:00.000000000,1778768280000000000,8767,8768,8762,8762,1719,551155,550542
2026-05-14 22:19:00.000000000,1778768340000000000,8762,8766,8761,8761,1481,550542,550176
2026-05-14 22:20:00.000000000,1778768400000000000,8761,8765,8757,8763,1611,550176,549853
2026-05-14 22:21:00.000000000,1778768460000000000,8763,8768,8762,8763,1499,549853,549820
2026-05-14 22:22:00.000000000,1778768520000000000,8763,8765,8756,8757,1312,549820,549615
2026-05-14 22:23:00.000000000,1778768580000000000,8757,8766,8753,8763,1620,549615,549480
2026-05-14 22:24:00.000000000,1778768640000000000,8763,8768,8762,8768,983,549480,549624
2026-05-14 22:25:00.000000000,1778768700000000000,8768,8778,8766,8778,2262,549624,549784
2026-05-14 22:26:00.000000000,1778768760000000000,8778,8781,8774,8780,2019,549784,550143
2026-05-14 22:27:00.000000000,1778768820000000000,8780,8786,8776,8776,1800,550143,549949
2026-05-14 22:28:00.000000000,1778768880000000000,8776,8779,8774,8775,818,549949,549919
2026-05-14 22:29:00.000000000,1778768940000000000,8775,8779,8770,8770,1172,549919,549684
2026-05-14 22:30:00.000000000,1778769000000000000,8770,8771,8767,8767,1338,549684,549485
2026-05-14 22:31:00.000000000,1778769060000000000,8767,8769,8763,8764,952,549485,549506
2026-05-14 22:32:00.000000000,1778769120000000000,8764,8768,8763,8767,674,549506,549447
2026-05-14 22:33:00.000000000,1778769180000000000,8767,8769,8763,8763,788,549447,549428
2026-05-14 22:34:00.000000000,1778769240000000000,8763,8765,8760,8762,918,549428,549246
2026-05-14 22:35:00.000000000,1778769300000000000,8762,8763,8757,8760,1055,549246,549040
2026-05-14 22:36:00.000000000,1778769360000000000,8760,8763,8757,8760,947,549040,548799
2026-05-14 22:37:00.000000000,1778769420000000000,8760,8766,8760,8765,743,548799,548764
2026-05-14 22:38:00.000000000,1778769480000000000,8765,8768,8763,8768,500,548764,548674
2026-05-14 22:39:00.000000000,1778769540000000000,8768,8770,8766,8767,679,548674,548752
2026-05-14 22:40:00.000000000,1778769600000000000,8767,8767,8762,8764,963,548752,548760
2026-05-14 22:41:00.000000000,1778769660000000000,8764,8768,8763,8767,492,548760,548789
2026-05-14 22:42:00.000000000,1778769720000000000,8767,8769,8764,8768,784,548789,548885
2026-05-14 22:43:00.000000000,1778769780000000000,8768,8772,8766,8768,1828,548885,549283
2026-05-14 22:44:00.000000000,1778769840000000000,8768,8769,8764,8765,430,549283,549239
2026-05-14 22:45:00.000000000,1778769900000000000,8765,8766,8761,8765,861,549239,549163
2026-05-14 22:46:00.000000000,1778769960000000000,8765,8767,8764,8765,413,549163,549087
2026-05-14 22:47:00.000000000,1778770020000000000,8765,8767,8761,8766,1162,549087,549332
2026-05-14 22:48:00.000000000,1778770080000000000,8766,8766,8762,8764,633,549332,549439
2026-05-14 22:49:00.000000000,1778770140000000000,8764,8768,8763,8763,513,549439,549437
2026-05-14 22:50:00.000000000,1778770200000000000,8763,8765,8760,8760,452,549437,549304
2026-05-14 22:51:00.000000000,1778770260000000000,8760,8765,8760,8763,686,549304,548997
2026-05-14 22:52:00.000000000,1778770320000000000,8763,8763,8760,8761,515,548997,548799
2026-05-14 22:53:00.000000000,1778770380000000000,8761,8762,8754,8756,1652,548799,548163
2026-05-14 22:54:00.000000000,1778770440000000000,8756,8764,8755,8763,1180,548163,547771
2026-05-14 22:55:00.000000000,1778770500000000000,8763,8768,8761,8765,1191,547771,547405
2026-05-14 22:56:00.000000000,1778770560000000000,8765,8769,8765,8767,575,547405,547301
2026-05-14 22:57:00.000000000,1778770620000000000,8767,8767,8764,8765,319,547301,547255
2026-05-14 22:58:00.000000000,1778770680000000000,8765,8765,8761,8763,708,547255,546920
2026-05-14 22:59:00.000000000,1778770740000000000,8763,8765,8758,8760,1557,546920,546229
2026-05-15 09:00:00.000000000,1778806800000000000,8784,8784,8767,8774,4674,546229,546312
2026-05-15 09:01:00.000000000,1778806860000000000,8774,8790,8774,8785,3538,546312,546549
2026-05-15 09:02:00.000000000,1778806920000000000,8785,8787,8777,8778,2742,546549,546827
2026-05-15 09:03:00.000000000,1778806980000000000,8778,8783,8773,8775,1756,546827,546977
2026-05-15 09:04:00.000000000,1778807040000000000,8775,8790,8775,8782,2962,546977,547204
2026-05-15 09:05:00.000000000,1778807100000000000,8782,8786,8778,8784,1356,547204,546930
2026-05-15 09:06:00.000000000,1778807160000000000,8784,8784,8771,8776,1739,546930,546816
2026-05-15 09:07:00.000000000,1778807220000000000,8776,8783,8775,8779,995,546816,546866
2026-05-15 09:08:00.000000000,1778807280000000000,8779,8780,8770,8770,1958,546866,546970
2026-05-15 09:09:00.000000000,1778807340000000000,8770,8773,8766,8771,2124,546970,547141
2026-05-15 09:10:00.000000000,1778807400000000000,8771,8778,8771,8772,823,547141,547102
2026-05-15 09:11:00.000000000,1778807460000000000,8772,8774,8770,8773,858,547102,547201
2026-05-15 09:12:00.000000000,1778807520000000000,8773,8782,8773,8779,856,547201,547202
2026-05-15 09:13:00.000000000,1778807580000000000,8779,8781,8775,8775,1030,547202,547139
2026-05-15 09:14:00.000000000,1778807640000000000,8775,8776,8770,8770,770,547139,547078
2026-05-15 09:15:00.000000000,1778807700000000000,8770,8772,8761,8763,1491,547078,547179
2026-05-15 09:16:00.000000000,1778807760000000000,8763,8763,8756,8761,2044,547179,547020
2026-05-15 09:17:00.000000000,1778807820000000000,8761,8767,8761,8767,1036,547020,546863
2026-05-15 09:18:00.000000000,1778807880000000000,8767,8769,8764,8768,835,546863,546939
2026-05-15 09:19:00.000000000,1778807940000000000,8768,8770,8766,8768,722,546939,547046
2026-05-15 09:20:00.000000000,1778808000000000000,8768,8771,8760,8761,1060,547046,547006
2026-05-15 09:21:00.000000000,1778808060000000000,8761,8766,8759,8763,980,547006,546995
2026-05-15 09:22:00.000000000,1778808120000000000,8763,8768,8762,8765,771,546995,547046
2026-05-15 09:23:00.000000000,1778808180000000000,8765,8769,8764,8766,764,547046,546874
2026-05-15 09:24:00.000000000,1778808240000000000,8766,8781,8764,8780,2599,546874,546720
2026-05-15 09:25:00.000000000,1778808300000000000,8780,8780,8772,8776,806,546720,546857
2026-05-15 09:26:00.000000000,1778808360000000000,8776,8787,8776,8784,1989,546857,546993
2026-05-15 09:27:00.000000000,1778808420000000000,8784,8786,8780,8786,1520,546993,547493
2026-05-15 09:28:00.000000000,1778808480000000000,8786,8786,8782,8783,917,547493,547447
2026-05-15 09:29:00.000000000,1778808540000000000,8783,8783,8773,8777,1029,547447,547449
2026-05-15 09:30:00.000000000,1778808600000000000,8777,8778,8774,8775,638,547449,547402
2026-05-15 09:31:00.000000000,1778808660000000000,8775,8782,8774,8781,682,547402,547454
2026-05-15 09:32:00.000000000,1778808720000000000,8781,8789,8780,8786,1993,547454,547652
2026-05-15 09:33:00.000000000,1778808780000000000,8786,8788,8780,8784,1114,547652,547599
2026-05-15 09:34:00.000000000,1778808840000000000,8784,8786,8779,8780,908,547599,547424
2026-05-15 09:35:00.000000000,1778808900000000000,8780,8788,8777,8785,1549,547424,547553
2026-05-15 09:36:00.000000000,1778808960000000000,8785,8786,8778,8782,2291,547553,548006
2026-05-15 09:37:00.000000000,1778809020000000000,8782,8794,8781,8793,2840,548006,548120
2026-05-15 09:38:00.000000000,1778809080000000000,8793,8793,8786,8791,1228,548120,548310
2026-05-15 09:39:00.000000000,1778809140000000000,8791,8792,8784,8784,1202,548310,548310
2026-05-15 09:40:00.000000000,1778809200000000000,8784,8786,8779,8781,1599,548310,548446
2026-05-15 09:41:00.000000000,1778809260000000000,8781,8784,8777,8783,1504,548446,548476
2026-05-15 09:42:00.000000000,1778809320000000000,8783,8783,8777,8778,621,548476,548359
2026-05-15 09:43:00.000000000,1778809380000000000,8778,8779,8773,8774,1378,548359,548329
2026-05-15 09:44:00.000000000,1778809440000000000,8774,8774,8768,8771,1801,548329,548220
2026-05-15 09:45:00.000000000,1778809500000000000,8771,8777,8771,8773,1823,548220,548399
2026-05-15 09:46:00.000000000,1778809560000000000,8773,8778,8770,8773,1085,548399,548568
2026-05-15 09:47:00.000000000,1778809620000000000,8773,8773,8762,8762,1913,548568,548417
2026-05-15 09:48:00.000000000,1778809680000000000,8762,8772,8759,8771,1649,548417,548611
2026-05-15 09:49:00.000000000,1778809740000000000,8771,8772,8764,8767,634,548611,548524
2026-05-15 09:50:00.000000000,1778809800000000000,8767,8767,8760,8762,875,548524,548596
2026-05-15 09:51:00.000000000,1778809860000000000,8762,8765,8760,8760,622,548596,548512
2026-05-15 09:52:00.000000000,1778809920000000000,8760,8762,8756,8757,1064,548512,548409
2026-05-15 09:53:00.000000000,1778809980000000000,8757,8762,8755,8755,794,548409,548366
2026-05-15 09:54:00.000000000,1778810040000000000,8755,8760,8754,8758,880,548366,548197
2026-05-15 09:55:00.000000000,1778810100000000000,8758,8764,8756,8759,1121,548197,548394
2026-05-15 09:56:00.000000000,1778810160000000000,8759,8760,8747,8748,2056,548394,548468
2026-05-15 09:57:00.000000000,1778810220000000000,8748,8754,8746,8752,1798,548468,548188
2026-05-15 09:58:00.000000000,1778810280000000000,8752,8753,8746,8749,1139,548188,548130
2026-05-15 09:59:00.000000000,1778810340000000000,8749,8756,8749,8753,1051,548130,548200
2026-05-15 10:00:00.000000000,1778810400000000000,8753,8753,8748,8751,955,548200,548069
2026-05-15 10:01:00.000000000,1778810460000000000,8751,8759,8751,8757,1145,548069,548203
2026-05-15 10:02:00.000000000,1778810520000000000,8757,8757,8754,8757,754,548203,548039
2026-05-15 10:03:00.000000000,1778810580000000000,8757,8757,8753,8754,575,548039,548010
2026-05-15 10:04:00.000000000,1778810640000000000,8754,8763,8754,8763,1383,548010,548521
2026-05-15 10:05:00.000000000,1778810700000000000,8763,8770,8763,8770,1268,548521,548618
2026-05-15 10:06:00.000000000,1778810760000000000,8770,8771,8767,8767,949,548618,548588
2026-05-15 10:07:00.000000000,1778810820000000000,8767,8770,8760,8762,851,548588,548607
2026-05-15 10:08:00.000000000,1778810880000000000,8762,8764,8760,8762,550,548607,548728
2026-05-15 10:09:00.000000000,1778810940000000000,8762,8765,8760,8762,410,548728,548712
2026-05-15 10:10:00.000000000,1778811000000000000,8762,8764,8758,8759,806,548712,548705
2026-05-15 10:11:00.000000000,1778811060000000000,8759,8759,8753,8755,958,548705,548891
2026-05-15 10:12:00.000000000,1778811120000000000,8755,8759,8755,8757,360,548891,548932
2026-05-15 10:13:00.000000000,1778811180000000000,8757,8764,8756,8762,580,548932,548988
2026-05-15 10:14:00.000000000,1778811240000000000,8762,8768,8761,8767,606,548988,548918
2026-05-15 10:30:00.000000000,1778812200000000000,8769,8785,8769,8780,4342,548918,549229
2026-05-15 10:31:00.000000000,1778812260000000000,8780,8790,8778,8790,3671,549229,549668
2026-05-15 10:32:00.000000000,1778812320000000000,8790,8802,8790,8800,5674,549668,550838
2026-05-15 10:33:00.000000000,1778812380000000000,8800,8802,8795,8799,2479,550838,551267
2026-05-15 10:34:00.000000000,1778812440000000000,8799,8805,8798,8799,3083,551267,552141
2026-05-15 10:35:00.000000000,1778812500000000000,8799,8799,8787,8790,1807,552141,551880
2026-05-15 10:36:00.000000000,1778812560000000000,8790,8794,8788,8790,911,551880,551929
2026-05-15 10:37:00.000000000,1778812620000000000,8790,8795,8789,8789,934,551929,552093
2026-05-15 10:38:00.000000000,1778812680000000000,8789,8791,8785,8787,867,552093,552075
2026-05-15 10:39:00.000000000,1778812740000000000,8787,8793,8785,8787,816,552075,552209
2026-05-15 10:40:00.000000000,1778812800000000000,8787,8790,8786,8787,448,552209,552142
2026-05-15 10:41:00.000000000,1778812860000000000,8787,8789,8782,8788,786,552142,551937
2026-05-15 10:42:00.000000000,1778812920000000000,8788,8789,8783,8783,650,551937,551944
2026-05-15 10:43:00.000000000,1778812980000000000,8783,8783,8775,8779,1393,551944,551808
2026-05-15 10:44:00.000000000,1778813040000000000,8779,8785,8777,8785,670,551808,551851
2026-05-15 10:45:00.000000000,1778813100000000000,8785,8785,8776,8776,900,551851,551890
2026-05-15 10:46:00.000000000,1778813160000000000,8776,8787,8776,8787,1336,551890,551988
2026-05-15 10:47:00.000000000,1778813220000000000,8787,8789,8784,8788,832,551988,552156
2026-05-15 10:48:00.000000000,1778813280000000000,8788,8793,8788,8792,684,552156,552201
2026-05-15 10:49:00.000000000,1778813340000000000,8792,8792,8785,8791,806,552201,552187
2026-05-15 10:50:00.000000000,1778813400000000000,8791,8796,8790,8792,806,552187,552262
2026-05-15 10:51:00.000000000,1778813460000000000,8792,8794,8775,8776,1978,552262,551988
2026-05-15 10:52:00.000000000,1778813520000000000,8776,8780,8772,8780,1997,551988,551923
2026-05-15 10:53:00.000000000,1778813580000000000,8780,8782,8777,8778,783,551923,551863
2026-05-15 10:54:00.000000000,1778813640000000000,8778,8778,8773,8774,525,551863,551909
2026-05-15 10:55:00.000000000,1778813700000000000,8774,8775,8767,8773,1679,551909,552019
2026-05-15 10:56:00.000000000,1778813760000000000,8773,8782,8773,8780,820,552019,552068
2026-05-15 10:57:00.000000000,1778813820000000000,8780,8791,8779,8791,2659,552068,552841
2026-05-15 10:58:00.000000000,1778813880000000000,8791,8795,8789,8792,1808,552841,553354
2026-05-15 10:59:00.000000000,1778813940000000000,8792,8793,8788,8789,634,553354,553397
2026-05-15 11:00:00.000000000,1778814000000000000,8789,8790,8785,8786,1503,553397,553855
2026-05-15 11:01:00.000000000,1778814060000000000,8786,8793,8786,8791,872,553855,554046
2026-05-15 11:02:00.000000000,1778814120000000000,8791,8793,8789,8789,380,554046,554090
2026-05-15 11:03:00.000000000,1778814180000000000,8789,8790,8786,8786,1010,554090,554384
2026-05-15 11:04:00.000000000,1778814240000000000,8786,8791,8781,8789,1438,554384,554423
2026-05-15 11:05:00.000000000,1778814300000000000,8789,8790,8787,8788,886,554423,554809
2026-05-15 11:06:00.000000000,1778814360000000000,8788,8793,8786,8788,968,554809,555012
2026-05-15 11:07:00.000000000,1778814420000000000,8788,8790,8786,8790,1371,555012,555343
2026-05-15 11:08:00.000000000,1778814480000000000,8790,8790,8783,8787,1171,555343,555668
2026-05-15 11:09:00.000000000,1778814540000000000,8787,8792,8782,8783,1625,555668,555745
2026-05-15 11:10:00.000000000,1778814600000000000,8783,8783,8776,8776,894,555745,555669
2026-05-15 11:11:00.000000000,1778814660000000000,8776,8781,8776,8779,885,555669,555694
2026-05-15 11:12:00.000000000,1778814720000000000,8779,8779,8773,8775,795,555694,555597
2026-05-15 11:13:00.000000000,1778814780000000000,8775,8778,8774,8776,606,555597,555555
2026-05-15 11:14:00.000000000,1778814840000000000,8776,8776,8763,8764,2422,555555,555612
2026-05-15 11:15:00.000000000,1778814900000000000,8764,8769,8762,8765,1687,555612,555269
2026-05-15 11:16:00.000000000,1778814960000000000,8765,8765,8758,8761,1846,555269,555166
2026-05-15 11:17:00.000000000,1778815020000000000,8761,8767,8758,8763,1413,555166,555257
2026-05-15 11:18:00.000000000,1778815080000000000,8763,8768,8761,8767,663,555257,555262
2026-05-15 11:19:00.000000000,1778815140000000000,8767,8767,8762,8763,568,555262,555381
2026-05-15 11:20:00.000000000,1778815200000000000,8763,8765,8762,8764,667,555381,555294
2026-05-15 11:21:00.000000000,1778815260000000000,8764,8766,8761,8765,513,555294,555382
2026-05-15 11:22:00.000000000,1778815320000000000,8765,8765,8759,8764,929,555382,555370
2026-05-15 11:23:00.000000000,1778815380000000000,8764,8764,8758,8760,559,555370,555403
2026-05-15 11:24:00.000000000,1778815440000000000,8760,8761,8754,8761,1300,555403,555342
2026-05-15 11:25:00.000000000,1778815500000000000,8761,8766,8760,8763,1258,555342,555757
2026-05-15 11:26:00.000000000,1778815560000000000,8763,8766,8762,8765,364,555757,555782
2026-05-15 11:27:00.000000000,1778815620000000000,8765,8765,8762,8763,400,555782,555706
2026-05-15 11:28:00.000000000,1778815680000000000,8763,8765,8757,8760,773,555706,555629
2026-05-15 11:29:00.000000000,1778815740000000000,8760,8763,8758,8759,834,555629,555492
2026-05-15 13:30:00.000000000,1778823000000000000,8761,8778,8761,8776,4219,555492,555729
2026-05-15 13:31:00.000000000,1778823060000000000,8776,8779,8770,8772,2829,555729,555548
2026-05-15 13:32:00.000000000,1778823120000000000,8772,8776,8769,8771,2049,555548,555716
2026-05-15 13:33:00.000000000,1778823180000000000,8771,8772,8769,8771,1597,555716,555633
2026-05-15 13:34:00.000000000,1778823240000000000,8771,8784,8771,8783,1772,555633,555659
2026-05-15 13:35:00.000000000,1778823300000000000,8783,8787,8781,8787,1670,555659,555953
2026-05-15 13:36:00.000000000,1778823360000000000,8787,8787,8780,8780,1013,555953,556078
2026-05-15 13:37:00.000000000,1778823420000000000,8780,8782,8770,8774,1644,556078,556033
2026-05-15 13:38:00.000000000,1778823480000000000,8774,8774,8765,8771,2242,556033,555984
2026-05-15 13:39:00.000000000,1778823540000000000,8771,8776,8771,8773,496,555984,556002
2026-05-15 13:40:00.000000000,1778823600000000000,8773,8778,8773,8774,765,556002,556020
2026-05-15 13:41:00.000000000,1778823660000000000,8774,8774,8769,8772,993,556020,556143
2026-05-15 13:42:00.000000000,1778823720000000000,8772,8792,8771,8790,2377,556143,556384
2026-05-15 13:43:00.000000000,1778823780000000000,8790,8791,8785,8787,1574,556384,556301
2026-05-15 13:44:00.000000000,1778823840000000000,8787,8789,8784,8785,835,556301,556328
2026-05-15 13:45:00.000000000,1778823900000000000,8785,8793,8783,8788,1663,556328,556545
2026-05-15 13:46:00.000000000,1778823960000000000,8788,8790,8784,8786,1235,556545,556851
2026-05-15 13:47:00.000000000,1778824020000000000,8786,8791,8785,8791,1366,556851,557059
2026-05-15 13:48:00.000000000,1778824080000000000,8791,8792,8787,8792,1564,557059,556791
2026-05-15 13:49:00.000000000,1778824140000000000,8792,8803,8790,8801,3556,556791,557544
2026-05-15 13:50:00.000000000,1778824200000000000,8801,8803,8788,8788,2526,557544,557772
2026-05-15 13:51:00.000000000,1778824260000000000,8788,8794,8787,8794,787,557772,557867
2026-05-15 13:52:00.000000000,1778824320000000000,8794,8795,8790,8791,992,557867,557847
2026-05-15 13:53:00.000000000,1778824380000000000,8791,8791,8786,8788,1195,557847,557713
2026-05-15 13:54:00.000000000,1778824440000000000,8788,8788,8782,8783,842,557713,557626
2026-05-15 13:55:00.000000000,1778824500000000000,8783,8784,8775,8777,1316,557626,557514
2026-05-15 13:56:00.000000000,1778824560000000000,8777,8780,8774,8778,1415,557514,557519
2026-05-15 13:57:00.000000000,1778824620000000000,8778,8782,8777,8779,542,557519,557626
2026-05-15 13:58:00.000000000,1778824680000000000,8779,8784,8775,8775,1022,557626,557637
2026-05-15 13:59:00.000000000,1778824740000000000,8775,8778,8772,8778,1146,557637,557765
2026-05-15 14:00:00.000000000,1778824800000000000,8778,8782,8775,8777,1005,557765,557961
2026-05-15 14:01:00.000000000,1778824860000000000,8777,8778,8774,8774,705,557961,557983
2026-05-15 14:02:00.000000000,1778824920000000000,8774,8780,8770,8778,1266,557983,557985
2026-05-15 14:03:00.000000000,1778824980000000000,8778,8782,8777,8779,570,557985,558053
2026-05-15 14:04:00.000000000,1778825040000000000,8779,8782,8777,8779,957,558053,558411
2026-05-15 14:05:00.000000000,1778825100000000000,8779,8792,8779,8792,2304,558411,558379
2026-05-15 14:06:00.000000000,1778825160000000000,8792,8793,8789,8790,967,558379,558284
2026-05-15 14:07:00.000000000,1778825220000000000,8790,8792,8788,8791,1145,558284,558493
2026-05-15 14:08:00.000000000,1778825280000000000,8791,8814,8790,8811,5258,558493,558670
2026-05-15 14:09:00.000000000,1778825340000000000,8811,8820,8808,8812,3716,558670,558980
2026-05-15 14:10:00.000000000,1778825400000000000,8812,8816,8809,8813,2532,558980,559209
2026-05-15 14:11:00.000000000,1778825460000000000,8813,8817,8809,8814,2727,559209,559319
2026-05-15 14:12:00.000000000,1778825520000000000,8814,8814,8800,8803,1677,559319,559009
2026-05-15 14:13:00.000000000,1778825580000000000,8803,8805,8795,8795,2037,559009,558666
2026-05-15 14:14:00.000000000,1778825640000000000,8795,8797,8791,8794,1421,558666,558428
2026-05-15 14:15:00.000000000,1778825700000000000,8794,8794,8784,8785,1948,558428,557999
2026-05-15 14:16:00.000000000,1778825760000000000,8785,8789,8780,8788,1336,557999,557798
2026-05-15 14:17:00.000000000,1778825820000000000,8788,8788,8783,8785,1119,557798,557673
2026-05-15 14:18:00.000000000,1778825880000000000,8785,8792,8785,8787,691,557673,557748
2026-05-15 14:19:00.000000000,1778825940000000000,8787,8791,8782,8783,1377,557748,557981
2026-05-15 14:20:00.000000000,1778826000000000000,8783,8786,8778,8782,1793,557981,557511
2026-05-15 14:21:00.000000000,1778826060000000000,8782,8789,8778,8787,1228,557511,557342
2026-05-15 14:22:00.000000000,1778826120000000000,8787,8790,8785,8788,848,557342,557389
2026-05-15 14:23:00.000000000,1778826180000000000,8788,8789,8784,8785,848,557389,557442
2026-05-15 14:24:00.000000000,1778826240000000000,8785,8785,8780,8784,934,557442,557299
2026-05-15 14:25:00.000000000,1778826300000000000,8784,8792,8782,8792,1533,557299,557657
2026-05-15 14:26:00.000000000,1778826360000000000,8792,8795,8790,8793,1382,557657,558039
2026-05-15 14:27:00.000000000,1778826420000000000,8793,8797,8788,8788,1151,558039,558192
2026-05-15 14:28:00.000000000,1778826480000000000,8788,8788,8781,8788,1158,558192,558324
2026-05-15 14:29:00.000000000,1778826540000000000,8788,8790,8784,8785,962,558324,558311
2026-05-15 14:30:00.000000000,1778826600000000000,8785,8788,8777,8777,1673,558311,558192
2026-05-15 14:31:00.000000000,1778826660000000000,8777,8779,8775,8778,1445,558192,557993
2026-05-15 14:32:00.000000000,1778826720000000000,8778,8779,8776,8777,595,557993,557891
2026-05-15 14:33:00.000000000,1778826780000000000,8777,8777,8769,8770,2374,557891,558246
2026-05-15 14:34:00.000000000,1778826840000000000,8770,8771,8765,8768,1575,558246,557980
2026-05-15 14:35:00.000000000,1778826900000000000,8768,8774,8768,8774,1026,557980,557930
2026-05-15 14:36:00.000000000,1778826960000000000,8774,8779,8770,8776,1288,557930,558259
2026-05-15 14:37:00.000000000,1778827020000000000,8776,8779,8774,8778,632,558259,558489
2026-05-15 14:38:00.000000000,1778827080000000000,8778,8784,8774,8780,1405,558489,558742
2026-05-15 14:39:00.000000000,1778827140000000000,8780,8782,8776,8778,815,558742,558832
2026-05-15 14:40:00.000000000,1778827200000000000,8778,8779,8774,8774,622,558832,558899
2026-05-15 14:41:00.000000000,1778827260000000000,8774,8778,8772,8776,925,558899,558957
2026-05-15 14:42:00.000000000,1778827320000000000,8776,8781,8774,8780,970,558957,559252
2026-05-15 14:43:00.000000000,1778827380000000000,8780,8780,8771,8776,1013,559252,559477
2026-05-15 14:44:00.000000000,1778827440000000000,8776,8780,8775,8776,641,559477,559472
2026-05-15 14:45:00.000000000,1778827500000000000,8776,8778,8775,8775,708,559472,559639
2026-05-15 14:46:00.000000000,1778827560000000000,8775,8778,8771,8774,1356,559639,559899
2026-05-15 14:47:00.000000000,1778827620000000000,8774,8774,8766,8769,1052,559899,559766
2026-05-15 14:48:00.000000000,1778827680000000000,8769,8776,8768,8774,1027,559766,559512
2026-05-15 14:49:00.000000000,1778827740000000000,8774,8774,8770,8770,465,559512,559407
2026-05-15 14:50:00.000000000,1778827800000000000,8770,8771,8762,8764,1303,559407,559087
2026-05-15 14:51:00.000000000,1778827860000000000,8764,8764,8739,8739,4346,559087,558237
2026-05-15 14:52:00.000000000,1778827920000000000,8739,8754,8736,8750,2864,558237,557694
2026-05-15 14:53:00.000000000,1778827980000000000,8750,8753,8746,8747,2071,557694,556826
2026-05-15 14:54:00.000000000,1778828040000000000,8747,8753,8746,8747,1826,556826,556502
2026-05-15 14:55:00.000000000,1778828100000000000,8747,8747,8741,8742,1441,556502,556030
2026-05-15 14:56:00.000000000,1778828160000000000,8742,8744,8736,8740,1879,556030,555754
2026-05-15 14:57:00.000000000,1778828220000000000,8740,8740,8735,8739,2037,555754,555756
2026-05-15 14:58:00.000000000,1778828280000000000,8739,8747,8739,8746,2120,555756,555129
2026-05-15 14:59:00.000000000,1778828340000000000,8746,8753,8744,8749,2297,555129,554526
2026-05-15 21:00:00.000000000,1778850000000000000,8787,8800,8756,8782,11379,554526,555371
2026-05-15 21:01:00.000000000,1778850060000000000,8782,8785,8771,8772,5266,555371,555825
2026-05-15 21:02:00.000000000,1778850120000000000,8772,8779,8766,8771,3697,555825,556115
2026-05-15 21:03:00.000000000,1778850180000000000,8771,8774,8767,8769,2337,556115,556324
2026-05-15 21:04:00.000000000,1778850240000000000,8769,8769,8749,8751,3869,556324,556970
2026-05-15 21:05:00.000000000,1778850300000000000,8751,8755,8743,8754,2882,556970,557344
2026-05-15 21:06:00.000000000,1778850360000000000,8754,8759,8750,8750,1962,557344,557393
2026-05-15 21:07:00.000000000,1778850420000000000,8750,8756,8746,8752,2871,557393,558146
2026-05-15 21:08:00.000000000,1778850480000000000,8752,8753,8747,8752,1812,558146,557932
2026-05-15 21:09:00.000000000,1778850540000000000,8752,8760,8752,8757,1481,557932,557695
2026-05-15 21:10:00.000000000,1778850600000000000,8757,8762,8754,8760,1801,557695,557909
2026-05-15 21:11:00.000000000,1778850660000000000,8760,8764,8750,8754,1877,557909,557885
2026-05-15 21:12:00.000000000,1778850720000000000,8754,8759,8753,8755,1462,557885,557663
2026-05-15 21:13:00.000000000,1778850780000000000,8755,8755,8746,8750,1244,557663,557952
2026-05-15 21:14:00.000000000,1778850840000000000,8750,8751,8744,8746,1340,557952,558344
2026-05-15 21:15:00.000000000,1778850900000000000,8746,8751,8736,8740,3692,558344,559209
2026-05-15 21:16:00.000000000,1778850960000000000,8740,8751,8740,8746,1802,559209,559460
2026-05-15 21:17:00.000000000,1778851020000000000,8746,8749,8741,8742,1009,559460,559648
2026-05-15 21:18:00.000000000,1778851080000000000,8742,8744,8737,8739,1571,559648,560054
2026-05-15 21:19:00.000000000,1778851140000000000,8739,8741,8730,8736,2613,560054,560053
2026-05-15 21:20:00.000000000,1778851200000000000,8736,8742,8735,8735,1752,560053,560037
2026-05-15 21:21:00.000000000,1778851260000000000,8735,8735,8729,8731,1449,560037,560379
2026-05-15 21:22:00.000000000,1778851320000000000,8731,8738,8731,8736,1459,560379,560489
2026-05-15 21:23:00.000000000,1778851380000000000,8736,8739,8733,8738,1146,560489,560474
2026-05-15 21:24:00.000000000,1778851440000000000,8738,8745,8736,8745,1543,560474,560302
2026-05-15 21:25:00.000000000,1778851500000000000,8745,8745,8739,8741,1636,560302,559985
2026-05-15 21:26:00.000000000,1778851560000000000,8741,8756,8741,8755,2089,559985,559754
2026-05-15 21:27:00.000000000,1778851620000000000,8755,8755,8751,8754,1394,559754,559684
2026-05-15 21:28:00.000000000,1778851680000000000,8754,8758,8746,8752,1919,559684,559757
2026-05-15 21:29:00.000000000,1778851740000000000,8752,8754,8750,8751,780,559757,559926
2026-05-15 21:30:00.000000000,1778851800000000000,8751,8752,8745,8749,1256,559926,559834
2026-05-15 21:31:00.000000000,1778851860000000000,8749,8750,8734,8737,2434,559834,560104
2026-05-15 21:32:00.000000000,1778851920000000000,8737,8743,8737,8743,1244,560104,560082
2026-05-15 21:33:00.000000000,1778851980000000000,8743,8743,8738,8738,845,560082,560037
2026-05-15 21:34:00.000000000,1778852040000000000,8738,8740,8735,8739,778,560037,560195
2026-05-15 21:35:00.000000000,1778852100000000000,8739,8743,8737,8743,1061,560195,560199
2026-05-15 21:36:00.000000000,1778852160000000000,8743,8746,8743,8743,888,560199,560151
2026-05-15 21:37:00.000000000,1778852220000000000,8743,8752,8740,8752,1397,560151,560040
2026-05-15 21:38:00.000000000,1778852280000000000,8752,8756,8747,8748,1134,560040,560090
2026-05-15 21:39:00.000000000,1778852340000000000,8748,8751,8747,8748,299,560090,560124
2026-05-15 21:40:00.000000000,1778852400000000000,8748,8749,8740,8742,927,560124,559995
2026-05-15 21:41:00.000000000,1778852460000000000,8742,8744,8738,8740,1388,559995,560082
2026-05-15 21:42:00.000000000,1778852520000000000,8740,8742,8738,8741,662,560082,559978
2026-05-15 21:43:00.000000000,1778852580000000000,8741,8751,8740,8750,1169,559978,559990
2026-05-15 21:44:00.000000000,1778852640000000000,8750,8752,8747,8750,1077,559990,560054
2026-05-15 21:45:00.000000000,1778852700000000000,8750,8753,8748,8748,867,560054,559944
2026-05-15 21:46:00.000000000,1778852760000000000,8748,8749,8744,8746,905,559944,559978
2026-05-15 21:47:00.000000000,1778852820000000000,8746,8747,8730,8730,1400,559978,559922
2026-05-15 21:48:00.000000000,1778852880000000000,8730,8740,8730,8739,1473,559922,559835
2026-05-15 21:49:00.000000000,1778852940000000000,8739,8741,8736,8737,1033,559835,559722
2026-05-15 21:50:00.000000000,1778853000000000000,8737,8745,8735,8745,858,559722,559608
2026-05-15 21:51:00.000000000,1778853060000000000,8745,8747,8742,8745,951,559608,559698
2026-05-15 21:52:00.000000000,1778853120000000000,8745,8747,8742,8742,445,559698,559761
2026-05-15 21:53:00.000000000,1778853180000000000,8742,8744,8740,8740,728,559761,559924
2026-05-15 21:54:00.000000000,1778853240000000000,8740,8741,8735,8741,836,559924,560044
2026-05-15 21:55:00.000000000,1778853300000000000,8741,8745,8740,8743,873,560044,560088
2026-05-15 21:56:00.000000000,1778853360000000000,8743,8743,8737,8739,1104,560088,560670
2026-05-15 21:57:00.000000000,1778853420000000000,8739,8740,8735,8740,851,560670,560702
2026-05-15 21:58:00.000000000,1778853480000000000,8740,8740,8732,8736,803,560702,560734
2026-05-15 21:59:00.000000000,1778853540000000000,8736,8736,8733,8734,360,560734,560774
2026-05-15 22:00:00.000000000,1778853600000000000,8734,8742,8732,8740,1294,560774,560721
2026-05-15 22:01:00.000000000,1778853660000000000,8740,8744,8739,8742,761,560721,560742
2026-05-15 22:02:00.000000000,1778853720000000000,8742,8744,8737,8737,515,560742,560648
2026-05-15 22:03:00.000000000,1778853780000000000,8737,8738,8735,8736,400,560648,560668
2026-05-15 22:04:00.000000000,1778853840000000000,8736,8741,8734,8734,663,560668,560614
2026-05-15 22:05:00.000000000,1778853900000000000,8734,8734,8725,8730,1872,560614,560904
2026-05-15 22:06:00.000000000,1778853960000000000,8730,8734,8730,8733,748,560904,560978
2026-05-15 22:07:00.000000000,1778854020000000000,8733,8736,8724,8726,1173,560978,561004
2026-05-15 22:08:00.000000000,1778854080000000000,8726,8727,8721,8721,1184,561004,560871
2026-05-15 22:09:00.000000000,1778854140000000000,8721,8727,8721,8726,723,560871,560960
2026-05-15 22:10:00.000000000,1778854200000000000,8726,8730,8720,8722,1315,560960,561086
2026-05-15 22:11:00.000000000,1778854260000000000,8722,8728,8721,8726,962,561086,561319
2026-05-15 22:12:00.000000000,1778854320000000000,8726,8729,8720,8721,889,561319,561315
2026-05-15 22:13:00.000000000,1778854380000000000,8721,8723,8720,8722,834,561315,561214
2026-05-15 22:14:00.000000000,1778854440000000000,8722,8725,8718,8725,1262,561214,560845
2026-05-15 22:15:00.000000000,1778854500000000000,8725,8725,8721,8721,524,560845,560885
2026-05-15 22:16:00.000000000,1778854560000000000,8721,8726,8718,8724,802,560885,560929
2026-05-15 22:17:00.000000000,1778854620000000000,8724,8725,8722,8724,458,560929,560970
2026-05-15 22:18:00.000000000,1778854680000000000,8724,8726,8721,8722,530,560970,560928
2026-05-15 22:19:00.000000000,1778854740000000000,8722,8732,8719,8731,1740,560928,560728
2026-05-15 22:20:00.000000000,1778854800000000000,8731,8731,8723,8723,926,560728,560666
2026-05-15 22:21:00.000000000,1778854860000000000,8723,8734,8723,8734,915,560666,560593
2026-05-15 22:22:00.000000000,1778854920000000000,8734,8734,8730,8734,1030,560593,560610
2026-05-15 22:23:00.000000000,1778854980000000000,8734,8739,8734,8738,1289,560610,560525
2026-05-15 22:24:00.000000000,1778855040000000000,8738,8738,8735,8737,540,560525,560511
2026-05-15 22:25:00.000000000,1778855100000000000,8737,8751,8737,8746,2067,560511,560359
2026-05-15 22:26:00.000000000,1778855160000000000,8746,8752,8742,8750,1538,560359,560417
2026-05-15 22:27:00.000000000,1778855220000000000,8750,8756,8747,8753,1475,560417,560359
2026-05-15 22:28:00.000000000,1778855280000000000,8753,8755,8748,8748,1078,560359,560468
2026-05-15 22:29:00.000000000,1778855340000000000,8748,8752,8747,8751,894,560468,560629
2026-05-15 22:30:00.000000000,1778855400000000000,8751,8753,8748,8751,773,560629,560675
2026-05-15 22:31:00.000000000,1778855460000000000,8751,8751,8748,8751,737,560675,560821
2026-05-15 22:32:00.000000000,1778855520000000000,8751,8758,8751,8755,1217,560821,560977
2026-05-15 22:33:00.000000000,1778855580000000000,8755,8755,8751,8755,551,560977,560936
2026-05-15 22:34:00.000000000,1778855640000000000,8755,8761,8751,8761,1046,560936,560900
2026-05-15 22:35:00.000000000,1778855700000000000,8761,8762,8753,8756,958,560900,560826
2026-05-15 22:36:00.000000000,1778855760000000000,8756,8758,8755,8757,501,560826,560856
2026-05-15 22:37:00.000000000,1778855820000000000,8757,8762,8757,8760,872,560856,560636
2026-05-15 22:38:00.000000000,1778855880000000000,8760,8761,8754,8754,674,560636,560452
2026-05-15 22:39:00.000000000,1778855940000000000,8754,8756,8752,8753,681,560452,560298
2026-05-15 22:40:00.000000000,1778856000000000000,8753,8758,8750,8756,881,560298,560201
2026-05-15 22:41:00.000000000,1778856060000000000,8756,8761,8756,8761,623,560201,560354
2026-05-15 22:42:00.000000000,1778856120000000000,8761,8766,8760,8761,1451,560354,560139
2026-05-15 22:43:00.000000000,1778856180000000000,8761,8762,8759,8760,399,560139,560097
2026-05-15 22:44:00.000000000,1778856240000000000,8760,8760,8754,8756,1089,560097,560093
2026-05-15 22:45:00.000000000,1778856300000000000,8756,8768,8756,8762,1447,560093,559940
2026-05-15 22:46:00.000000000,1778856360000000000,8762,8763,8757,8758,761,559940,559898
2026-05-15 22:47:00.000000000,1778856420000000000,8758,8760,8756,8759,495,559898,559817
2026-05-15 22:48:00.000000000,1778856480000000000,8759,8761,8757,8761,488,559817,559725
2026-05-15 22:49:00.000000000,1778856540000000000,8761,8763,8759,8762,476,559725,559681
2026-05-15 22:50:00.000000000,1778856600000000000,8762,8766,8762,8766,1150,559681,559378
2026-05-15 22:51:00.000000000,1778856660000000000,8766,8766,8762,8763,942,559378,559282
2026-05-15 22:52:00.000000000,1778856720000000000,8763,8764,8758,8759,640,559282,559063
2026-05-15 22:53:00.000000000,1778856780000000000,8759,8760,8755,8756,659,559063,558869
2026-05-15 22:54:00.000000000,1778856840000000000,8756,8756,8751,8752,764,558869,558481
2026-05-15 22:55:00.000000000,1778856900000000000,8752,8756,8751,8755,664,558481,558441
2026-05-15 22:56:00.000000000,1778856960000000000,8755,8755,8750,8752,669,558441,558174
2026-05-15 22:57:00.000000000,1778857020000000000,8752,8754,8751,8754,490,558174,558008
2026-05-15 22:58:00.000000000,1778857080000000000,8754,8755,8748,8751,1157,558008,557264
2026-05-15 22:59:00.000000000,1778857140000000000,8751,8758,8751,8758,1650,557264,556620
2026-05-18 09:00:00.000000000,1779066000000000000,8790,8841,8790,8832,23451,556620,558255
2026-05-18 09:01:00.000000000,1779066060000000000,8832,8835,8819,8830,8307,558255,558406
2026-05-18 09:02:00.000000000,1779066120000000000,8830,8832,8817,8828,6418,558406,557959
2026-05-18 09:03:00.000000000,1779066180000000000,8828,8864,8828,8851,9691,557959,558626
2026-05-18 09:04:00.000000000,1779066240000000000,8851,8861,8850,8855,5643,558626,558920
2026-05-18 09:05:00.000000000,1779066300000000000,8855,8876,8855,8869,6992,558920,559388
2026-05-18 09:06:00.000000000,1779066360000000000,8869,8877,8866,8875,4207,559388,559380
2026-05-18 09:07:00.000000000,1779066420000000000,8875,8880,8863,8880,4512,559380,558788
2026-05-18 09:08:00.000000000,1779066480000000000,8880,8914,8880,8911,11034,558788,561931
2026-05-18 09:09:00.000000000,1779066540000000000,8911,8930,8911,8912,8737,561931,563447
2026-05-18 09:10:00.000000000,1779066600000000000,8912,8912,8892,8893,6924,563447,563675
2026-05-18 09:11:00.000000000,1779066660000000000,8893,8898,8882,8890,5878,563675,563262
2026-05-18 09:12:00.000000000,1779066720000000000,8890,8893,8880,8888,4590,563262,563078
2026-05-18 09:13:00.000000000,1779066780000000000,8888,8894,8881,8884,3652,563078,563125
2026-05-18 09:14:00.000000000,1779066840000000000,8884,8885,8873,8879,3623,563125,563202
2026-05-18 09:15:00.000000000,1779066900000000000,8879,8884,8871,8871,4784,563202,563922
2026-05-18 09:16:00.000000000,1779066960000000000,8871,8883,8865,8883,3497,563922,563872
2026-05-18 09:17:00.000000000,1779067020000000000,8883,8891,8880,8883,3413,563872,564461
2026-05-18 09:18:00.000000000,1779067080000000000,8883,8898,8882,8897,2587,564461,564927
2026-05-18 09:19:00.000000000,1779067140000000000,8897,8900,8889,8891,2019,564927,565496
2026-05-18 09:20:00.000000000,1779067200000000000,8891,8912,8886,8910,4060,565496,566666
2026-05-18 09:21:00.000000000,1779067260000000000,8910,8916,8905,8905,4176,566666,567409
2026-05-18 09:22:00.000000000,1779067320000000000,8905,8911,8899,8905,1980,567409,567784
2026-05-18 09:23:00.000000000,1779067380000000000,8905,8916,8904,8914,1999,567784,568408
2026-05-18 09:24:00.000000000,1779067440000000000,8914,8915,8901,8904,1579,568408,568336
2026-05-18 09:25:00.000000000,1779067500000000000,8904,8922,8904,8912,3156,568336,569009
2026-05-18 09:26:00.000000000,1779067560000000000,8912,8923,8910,8917,3298,569009,568909
2026-05-18 09:27:00.000000000,1779067620000000000,8917,8922,8915,8920,2033,568909,569229
2026-05-18 09:28:00.000000000,1779067680000000000,8920,8935,8919,8934,3854,569229,569853
2026-05-18 09:29:00.000000000,1779067740000000000,8934,8939,8930,8936,4143,569853,571134
2026-05-18 09:30:00.000000000,1779067800000000000,8936,8943,8933,8941,3340,571134,572115
2026-05-18 09:31:00.000000000,1779067860000000000,8941,8951,8936,8942,4087,572115,573584
2026-05-18 09:32:00.000000000,1779067920000000000,8942,8945,8935,8935,2707,573584,574051
2026-05-18 09:33:00.000000000,1779067980000000000,8935,8936,8931,8932,2031,574051,574169
2026-05-18 09:34:00.000000000,1779068040000000000,8932,8938,8926,8934,2684,574169,574048
2026-05-18 09:35:00.000000000,1779068100000000000,8934,8942,8932,8932,2427,574048,573993
2026-05-18 09:36:00.000000000,1779068160000000000,8932,8939,8928,8936,1970,573993,573958
2026-05-18 09:37:00.000000000,1779068220000000000,8936,8948,8934,8937,2264,573958,574180
2026-05-18 09:38:00.000000000,1779068280000000000,8937,8941,8932,8933,1330,574180,574340
2026-05-18 09:39:00.000000000,1779068340000000000,8933,8934,8924,8931,1674,574340,574333
2026-05-18 09:40:00.000000000,1779068400000000000,8931,8931,8919,8922,1753,574333,574198
2026-05-18 09:41:00.000000000,1779068460000000000,8922,8927,8918,8919,1801,574198,573897
2026-05-18 09:42:00.000000000,1779068520000000000,8919,8925,8914,8918,1438,573897,573625
2026-05-18 09:43:00.000000000,1779068580000000000,8918,8930,8917,8925,1367,573625,573605
2026-05-18 09:44:00.000000000,1779068640000000000,8925,8929,8920,8923,1432,573605,573821
2026-05-18 09:45:00.000000000,1779068700000000000,8923,8923,8912,8913,2192,573821,573791
2026-05-18 09:46:00.000000000,1779068760000000000,8913,8916,8910,8916,2837,573791,573504
2026-05-18 09:47:00.000000000,1779068820000000000,8916,8916,8903,8906,2202,573504,573037
2026-05-18 09:48:00.000000000,1779068880000000000,8906,8908,8895,8898,3342,573037,572403
2026-05-18 09:49:00.000000000,1779068940000000000,8898,8901,8892,8897,1589,572403,572109
2026-05-18 09:50:00.000000000,1779069000000000000,8897,8898,8890,8890,1429,572109,571804
2026-05-18 09:51:00.000000000,1779069060000000000,8890,8899,8888,8889,2358,571804,572104
2026-05-18 09:52:00.000000000,1779069120000000000,8889,8895,8888,8895,1545,572104,572233
2026-05-18 09:53:00.000000000,1779069180000000000,8895,8902,8894,8901,1808,572233,572255
2026-05-18 09:54:00.000000000,1779069240000000000,8901,8901,8893,8899,623,572255,572177
2026-05-18 09:55:00.000000000,1779069300000000000,8899,8910,8899,8905,1663,572177,572185
2026-05-18 09:56:00.000000000,1779069360000000000,8905,8911,8902,8906,763,572185,572130
2026-05-18 09:57:00.000000000,1779069420000000000,8906,8908,8899,8900,943,572130,572166
2026-05-18 09:58:00.000000000,1779069480000000000,8900,8910,8898,8909,1425,572166,572629
2026-05-18 09:59:00.000000000,1779069540000000000,8909,8915,8907,8914,1387,572629,572987
2026-05-18 10:00:00.000000000,1779069600000000000,8914,8931,8912,8931,2880,572987,573477
2026-05-18 10:01:00.000000000,1779069660000000000,8931,8940,8930,8938,2580,573477,573785
2026-05-18 10:02:00.000000000,1779069720000000000,8938,8943,8938,8938,3125,573785,574865
2026-05-18 10:03:00.000000000,1779069780000000000,8938,9000,8938,8960,10595,574865,575612
2026-05-18 10:04:00.000000000,1779069840000000000,8960,8962,8953,8956,2378,575612,576386
2026-05-18 10:05:00.000000000,1779069900000000000,8956,8970,8956,8965,3233,576386,577087
2026-05-18 10:06:00.000000000,1779069960000000000,8965,8976,8964,8976,3496,577087,577481
2026-05-18 10:07:00.000000000,1779070020000000000,8976,8979,8972,8972,2949,577481,578448
2026-05-18 10:08:00.000000000,1779070080000000000,8972,8993,8969,8991,5228,578448,580063
2026-05-18 10:09:00.000000000,1779070140000000000,8991,8992,8987,8990,2700,580063,581031
2026-05-18 10:10:00.000000000,1779070200000000000,8990,9002,8990,8995,7020,581031,582913
2026-05-18 10:11:00.000000000,1779070260000000000,8995,8997,8987,8988,2458,582913,583394
2026-05-18 10:12:00.000000000,1779070320000000000,8988,8988,8980,8985,2794,583394,583423
2026-05-18 10:13:00.000000000,1779070380000000000,8985,8993,8983,8988,2050,583423,583792
2026-05-18 10:14:00.000000000,1779070440000000000,8988,8994,8984,8990,1872,583792,584378
2026-05-18 10:30:00.000000000,1779071400000000000,8990,9004,8984,8990,5387,584378,586089
2026-05-18 10:31:00.000000000,1779071460000000000,8990,8995,8983,8987,2966,586089,586902
2026-05-18 10:32:00.000000000,1779071520000000000,8987,8992,8981,8991,2487,586902,587060
2026-05-18 10:33:00.000000000,1779071580000000000,8991,8998,8990,8995,1800,587060,587587
2026-05-18 10:34:00.000000000,1779071640000000000,8995,8997,8991,8995,1326,587587,588179
2026-05-18 10:35:00.000000000,1779071700000000000,8995,8996,8991,8996,2020,588179,588711
2026-05-18 10:36:00.000000000,1779071760000000000,8996,9011,8996,9008,4977,588711,590250
2026-05-18 10:37:00.000000000,1779071820000000000,9008,9010,8996,8999,2349,590250,590554
2026-05-18 10:38:00.000000000,1779071880000000000,8999,8999,8986,8991,2534,590554,590626
2026-05-18 10:39:00.000000000,1779071940000000000,8991,8995,8989,8993,1201,590626,590584
2026-05-18 10:40:00.000000000,1779072000000000000,8993,8997,8985,8987,1725,590584,590830
2026-05-18 10:41:00.000000000,1779072060000000000,8987,8996,8986,8995,1195,590830,591063
2026-05-18 10:42:00.000000000,1779072120000000000,8995,9008,8994,9007,1636,591063,591402
2026-05-18 10:43:00.000000000,1779072180000000000,9007,9014,9004,9010,3066,591402,592214
2026-05-18 10:44:00.000000000,1779072240000000000,9010,9011,9004,9004,1034,592214,592401
2026-05-18 10:45:00.000000000,1779072300000000000,9004,9010,9004,9008,1952,592401,592517
2026-05-18 10:46:00.000000000,1779072360000000000,9008,9015,9008,9012,2230,592517,593112
2026-05-18 10:47:00.000000000,1779072420000000000,9012,9020,9012,9018,1968,593112,593905
2026-05-18 10:48:00.000000000,1779072480000000000,9018,9026,9014,9017,3604,593905,594164
2026-05-18 10:49:00.000000000,1779072540000000000,9017,9022,9012,9021,1636,594164,594498
2026-05-18 10:50:00.000000000,1779072600000000000,9021,9022,9015,9015,1227,594498,594922
2026-05-18 10:51:00.000000000,1779072660000000000,9015,9018,9008,9010,2549,594922,594580
2026-05-18 10:52:00.000000000,1779072720000000000,9010,9011,9000,9001,1922,594580,594447
2026-05-18 10:53:00.000000000,1779072780000000000,9001,9001,8993,8996,2341,594447,593954
2026-05-18 10:54:00.000000000,1779072840000000000,8996,9003,8995,9000,1408,593954,594377
2026-05-18 10:55:00.000000000,1779072900000000000,9000,9007,8999,9006,2113,594377,594526
2026-05-18 10:56:00.000000000,1779072960000000000,9006,9014,9003,9013,1605,594526,595042
2026-05-18 10:57:00.000000000,1779073020000000000,9013,9014,9009,9010,772,595042,595034
2026-05-18 10:58:00.000000000,1779073080000000000,9010,9014,9006,9006,1157,595034,595562
2026-05-18 10:59:00.000000000,1779073140000000000,9006,9006,9003,9005,779,595562,595692
2026-05-18 11:00:00.000000000,1779073200000000000,9005,9005,8999,9001,1596,595692,595508
2026-05-18 11:01:00.000000000,1779073260000000000,9001,9003,8997,9003,960,595508,595452
2026-05-18 11:02:00.000000000,1779073320000000000,9003,9007,9001,9002,815,595452,595410
2026-05-18 11:03:00.000000000,1779073380000000000,9002,9004,8998,9000,686,595410,595443
2026-05-18 11:04:00.000000000,1779073440000000000,9000,9002,8999,8999,553,595443,595494
2026-05-18 11:05:00.000000000,1779073500000000000,8999,9000,8995,8996,1017,595494,595470
2026-05-18 11:06:00.000000000,1779073560000000000,8996,8996,8991,8994,1259,595470,595298
2026-05-18 11:07:00.000000000,1779073620000000000,8994,9000,8994,8998,1135,595298,595397
2026-05-18 11:08:00.000000000,1779073680000000000,8998,8999,8992,8994,740,595397,595540
2026-05-18 11:09:00.000000000,1779073740000000000,8994,8995,8988,8992,1356,595540,595412
2026-05-18 11:10:00.000000000,1779073800000000000,8992,8993,8989,8990,667,595412,595529
2026-05-18 11:11:00.000000000,1779073860000000000,8990,8991,8981,8982,2014,595529,594733
2026-05-18 11:12:00.000000000,1779073920000000000,8982,8983,8976,8979,2116,594733,594027
2026-05-18 11:13:00.000000000,1779073980000000000,8979,8986,8979,8983,852,594027,593890
2026-05-18 11:14:00.000000000,1779074040000000000,8983,8985,8977,8978,961,593890,594062
2026-05-18 11:15:00.000000000,1779074100000000000,8978,8982,8975,8982,3574,594062,594344
2026-05-18 11:16:00.000000000,1779074160000000000,8982,8996,8981,8993,1946,594344,594626
2026-05-18 11:17:00.000000000,1779074220000000000,8993,8995,8991,8994,746,594626,594767
2026-05-18 11:18:00.000000000,1779074280000000000,8994,8996,8990,8994,816,594767,594814
2026-05-18 11:19:00.000000000,1779074340000000000,8994,8994,8991,8991,509,594814,594843
2026-05-18 11:20:00.000000000,1779074400000000000,8991,8995,8982,8984,1319,594843,594817
2026-05-18 11:21:00.000000000,1779074460000000000,8984,8985,8978,8981,1253,594817,594513
2026-05-18 11:22:00.000000000,1779074520000000000,8981,8981,8975,8976,785,594513,594492
2026-05-18 11:23:00.000000000,1779074580000000000,8976,8977,8971,8971,1478,594492,594248
2026-05-18 11:24:00.000000000,1779074640000000000,8971,8975,8967,8973,1829,594248,594154
2026-05-18 11:25:00.000000000,1779074700000000000,8973,8981,8973,8975,1623,594154,594380
2026-05-18 11:26:00.000000000,1779074760000000000,8975,8984,8975,8984,1377,594380,594359
2026-05-18 11:27:00.000000000,1779074820000000000,8984,8986,8977,8979,893,594359,594106
2026-05-18 11:28:00.000000000,1779074880000000000,8979,8984,8978,8982,717,594106,594095
2026-05-18 11:29:00.000000000,1779074940000000000,8982,8991,8982,8989,1020,594095,593810
2026-05-18 13:30:00.000000000,1779082200000000000,8988,8988,8975,8982,2495,593810,593906
2026-05-18 13:31:00.000000000,1779082260000000000,8982,8991,8980,8990,1753,593906,594046
2026-05-18 13:32:00.000000000,1779082320000000000,8990,8995,8988,8991,1044,594046,594288
2026-05-18 13:33:00.000000000,1779082380000000000,8991,8992,8987,8990,917,594288,594636
2026-05-18 13:34:00.000000000,1779082440000000000,8990,8990,8984,8985,837,594636,594798
2026-05-18 13:35:00.000000000,1779082500000000000,8985,8988,8984,8986,593,594798,594875
2026-05-18 13:36:00.000000000,1779082560000000000,8986,8986,8980,8982,641,594875,594896
2026-05-18 13:37:00.000000000,1779082620000000000,8982,8984,8980,8982,850,594896,594782
2026-05-18 13:38:00.000000000,1779082680000000000,8982,8989,8981,8984,617,594782,594816
2026-05-18 13:39:00.000000000,1779082740000000000,8984,8985,8976,8977,1151,594816,594783
2026-05-18 13:40:00.000000000,1779082800000000000,8977,8982,8976,8977,987,594783,595018
2026-05-18 13:41:00.000000000,1779082860000000000,8977,8983,8976,8977,1526,595018,595150
2026-05-18 13:42:00.000000000,1779082920000000000,8977,8978,8971,8973,965,595150,595152
2026-05-18 13:43:00.000000000,1779082980000000000,8973,8980,8973,8979,1094,595152,595116
2026-05-18 13:44:00.000000000,1779083040000000000,8979,8986,8978,8983,1167,595116,595278
2026-05-18 13:45:00.000000000,1779083100000000000,8983,8985,8980,8983,1180,595278,595493
2026-05-18 13:46:00.000000000,1779083160000000000,8983,8984,8976,8978,710,595493,595571
2026-05-18 13:47:00.000000000,1779083220000000000,8978,8978,8966,8968,1747,595571,595158
2026-05-18 13:48:00.000000000,1779083280000000000,8968,8975,8966,8973,1149,595158,595152
2026-05-18 13:49:00.000000000,1779083340000000000,8973,8973,8969,8970,691,595152,595050
2026-05-18 13:50:00.000000000,1779083400000000000,8970,8981,8970,8978,911,595050,594830
2026-05-18 13:51:00.000000000,1779083460000000000,8978,8979,8974,8978,363,594830,594828
2026-05-18 13:52:00.000000000,1779083520000000000,8978,8978,8973,8974,475,594828,594768
2026-05-18 13:53:00.000000000,1779083580000000000,8974,8974,8968,8969,854,594768,594731
2026-05-18 13:54:00.000000000,1779083640000000000,8969,8972,8969,8970,719,594731,594675
2026-05-18 13:55:00.000000000,1779083700000000000,8970,8974,8967,8974,890,594675,594828
2026-05-18 13:56:00.000000000,1779083760000000000,8974,8978,8973,8976,1309,594828,594895
2026-05-18 13:57:00.000000000,1779083820000000000,8976,8976,8967,8968,872,594895,594724
2026-05-18 13:58:00.000000000,1779083880000000000,8968,8973,8967,8970,803,594724,594488
2026-05-18 13:59:00.000000000,1779083940000000000,8970,8974,8969,8971,960,594488,594465
2026-05-18 14:00:00.000000000,1779084000000000000,8971,8971,8958,8958,2484,594465,594050
2026-05-18 14:01:00.000000000,1779084060000000000,8958,8961,8949,8959,4210,594050,593111
2026-05-18 14:02:00.000000000,1779084120000000000,8959,8959,8946,8947,2347,593111,592321
2026-05-18 14:03:00.000000000,1779084180000000000,8947,8947,8931,8934,4828,592321,590711
2026-05-18 14:04:00.000000000,1779084240000000000,8934,8934,8928,8932,3056,590711,590290
2026-05-18 14:05:00.000000000,1779084300000000000,8932,8943,8927,8939,3247,590290,589790
2026-05-18 14:06:00.000000000,1779084360000000000,8939,8939,8932,8935,1839,589790,589258
2026-05-18 14:07:00.000000000,1779084420000000000,8935,8937,8929,8930,2165,589258,588949
2026-05-18 14:08:00.000000000,1779084480000000000,8930,8938,8927,8938,1673,588949,588688
2026-05-18 14:09:00.000000000,1779084540000000000,8938,8942,8931,8931,1512,588688,588459
2026-05-18 14:10:00.000000000,1779084600000000000,8931,8938,8931,8935,1013,588459,588454
2026-05-18 14:11:00.000000000,1779084660000000000,8935,8944,8934,8942,1190,588454,588167
2026-05-18 14:12:00.000000000,1779084720000000000,8942,8945,8940,8943,983,588167,588101
2026-05-18 14:13:00.000000000,1779084780000000000,8943,8947,8941,8945,758,588101,587925
2026-05-18 14:14:00.000000000,1779084840000000000,8945,8946,8943,8945,680,587925,587674
2026-05-18 14:15:00.000000000,1779084900000000000,8945,8946,8937,8938,1058,587674,587678
2026-05-18 14:16:00.000000000,1779084960000000000,8938,8943,8937,8943,711,587678,587672
2026-05-18 14:17:00.000000000,1779085020000000000,8943,8945,8939,8944,506,587672,587599
2026-05-18 14:18:00.000000000,1779085080000000000,8944,8945,8940,8944,530,587599,587536
2026-05-18 14:19:00.000000000,1779085140000000000,8944,8947,8943,8944,900,587536,587540
2026-05-18 14:20:00.000000000,1779085200000000000,8944,8950,8944,8948,1552,587540,587618
2026-05-18 14:21:00.000000000,1779085260000000000,8948,8955,8947,8953,1113,587618,587522
2026-05-18 14:22:00.000000000,1779085320000000000,8953,8959,8953,8957,1209,587522,587348
2026-05-18 14:23:00.000000000,1779085380000000000,8957,8958,8954,8954,692,587348,587285
2026-05-18 14:24:00.000000000,1779085440000000000,8954,8957,8951,8951,507,587285,587226
2026-05-18 14:25:00.000000000,1779085500000000000,8951,8952,8941,8943,1029,587226,587163
2026-05-18 14:26:00.000000000,1779085560000000000,8943,8949,8943,8949,561,587163,587026
2026-05-18 14:27:00.000000000,1779085620000000000,8949,8955,8949,8952,535,587026,587047
2026-05-18 14:28:00.000000000,1779085680000000000,8952,8953,8947,8948,320,587047,587078
2026-05-18 14:29:00.000000000,1779085740000000000,8948,8948,8943,8947,674,587078,587190
2026-05-18 14:30:00.000000000,1779085800000000000,8947,8957,8945,8954,1065,587190,587365
2026-05-18 14:31:00.000000000,1779085860000000000,8954,8956,8953,8955,571,587365,587390
2026-05-18 14:32:00.000000000,1779085920000000000,8955,8955,8952,8952,420,587390,587266
2026-05-18 14:33:00.000000000,1779085980000000000,8952,8954,8952,8952,294,587266,587194
2026-05-18 14:34:00.000000000,1779086040000000000,8952,8959,8952,8957,871,587194,587298
2026-05-18 14:35:00.000000000,1779086100000000000,8957,8962,8957,8962,1411,587298,587382
2026-05-18 14:36:00.000000000,1779086160000000000,8962,8962,8955,8958,957,587382,587366
2026-05-18 14:37:00.000000000,1779086220000000000,8958,8960,8957,8957,371,587366,587294
2026-05-18 14:38:00.000000000,1779086280000000000,8957,8959,8955,8956,636,587294,587269
2026-05-18 14:39:00.000000000,1779086340000000000,8956,8959,8956,8956,585,587269,587202
2026-05-18 14:40:00.000000000,1779086400000000000,8956,8957,8948,8951,913,587202,587125
2026-05-18 14:41:00.000000000,1779086460000000000,8951,8951,8943,8946,1014,587125,587101
2026-05-18 14:42:00.000000000,1779086520000000000,8946,8948,8943,8945,752,587101,587043
2026-05-18 14:43:00.000000000,1779086580000000000,8945,8946,8942,8942,553,587043,586976
2026-05-18 14:44:00.000000000,1779086640000000000,8942,8946,8942,8942,1202,586976,587045
2026-05-18 14:45:00.000000000,1779086700000000000,8942,8946,8939,8939,1547,587045,587114
2026-05-18 14:46:00.000000000,1779086760000000000,8939,8939,8934,8936,1052,587114,586766
2026-05-18 14:47:00.000000000,1779086820000000000,8936,8936,8930,8932,1101,586766,586449
2026-05-18 14:48:00.000000000,1779086880000000000,8932,8939,8931,8939,872,586449,586362
2026-05-18 14:49:00.000000000,1779086940000000000,8939,8941,8934,8941,690,586362,586344
2026-05-18 14:50:00.000000000,1779087000000000000,8941,8945,8940,8943,924,586344,586122
2026-05-18 14:51:00.000000000,1779087060000000000,8943,8943,8939,8941,561,586122,586171
2026-05-18 14:52:00.000000000,1779087120000000000,8941,8941,8937,8938,631,586171,586057
2026-05-18 14:53:00.000000000,1779087180000000000,8938,8943,8938,8940,1099,586057,586368
2026-05-18 14:54:00.000000000,1779087240000000000,8940,8941,8937,8940,677,586368,586214
2026-05-18 14:55:00.000000000,1779087300000000000,8940,8941,8937,8939,863,586214,586062
2026-05-18 14:56:00.000000000,1779087360000000000,8939,8944,8939,8942,1733,586062,585870
2026-05-18 14:57:00.000000000,1779087420000000000,8942,8942,8937,8938,1234,585870,585287
2026-05-18 14:58:00.000000000,1779087480000000000,8938,8940,8935,8939,1635,585287,584464
2026-05-18 14:59:00.000000000,1779087540000000000,8939,8950,8938,8940,2802,584464,583653
2026-05-18 21:00:00.000000000,1779109200000000000,8814,8850,8791,8800,27555,583653,581327
2026-05-18 21:01:00.000000000,1779109260000000000,8800,8810,8777,8796,14049,581327,577458
2026-05-18 21:02:00.000000000,1779109320000000000,8796,8829,8796,8818,10534,577458,577635
2026-05-18 21:03:00.000000000,1779109380000000000,8818,8840,8818,8827,8489,577635,578212
2026-05-18 21:04:00.000000000,1779109440000000000,8827,8830,8820,8827,6407,578212,577948
2026-05-18 21:05:00.000000000,1779109500000000000,8827,8827,8814,8814,5986,577948,577290
2026-05-18 21:06:00.000000000,1779109560000000000,8814,8822,8806,8822,4727,577290,577113
2026-05-18 21:07:00.000000000,1779109620000000000,8822,8830,8821,8824,2554,577113,577114
2026-05-18 21:08:00.000000000,1779109680000000000,8824,8833,8820,8822,2741,577114,577150
2026-05-18 21:09:00.000000000,1779109740000000000,8822,8822,8813,8817,2983,577150,577155
2026-05-18 21:10:00.000000000,1779109800000000000,8817,8828,8815,8824,3426,577155,576775
2026-05-18 21:11:00.000000000,1779109860000000000,8824,8825,8795,8796,6098,576775,575369
2026-05-18 21:12:00.000000000,1779109920000000000,8796,8799,8772,8782,10156,575369,572925
2026-05-18 21:13:00.000000000,1779109980000000000,8782,8786,8777,8781,4423,572925,572769
2026-05-18 21:14:00.000000000,1779110040000000000,8781,8782,8768,8772,4387,572769,572054
2026-05-18 21:15:00.000000000,1779110100000000000,8772,8776,8762,8766,5479,572054,571489
2026-05-18 21:16:00.000000000,1779110160000000000,8766,8779,8764,8776,3679,571489,571314
2026-05-18 21:17:00.000000000,1779110220000000000,8776,8780,8774,8778,2267,571314,571157
2026-05-18 21:18:00.000000000,1779110280000000000,8778,8787,8778,8785,2441,571157,571163
2026-05-18 21:19:00.000000000,1779110340000000000,8785,8788,8768,8774,3606,571163,571261
2026-05-18 21:20:00.000000000,1779110400000000000,8774,8776,8771,8772,2139,571261,570940
2026-05-18 21:21:00.000000000,1779110460000000000,8772,8776,8768,8774,2183,570940,570666
2026-05-18 21:22:00.000000000,1779110520000000000,8774,8776,8770,8772,2151,570666,570297
2026-05-18 21:23:00.000000000,1779110580000000000,8772,8775,8759,8762,2765,570297,570163
2026-05-18 21:24:00.000000000,1779110640000000000,8762,8768,8760,8767,1403,570163,570325
2026-05-18 21:25:00.000000000,1779110700000000000,8767,8773,8767,8771,1905,570325,570318
2026-05-18 21:26:00.000000000,1779110760000000000,8771,8777,8763,8767,2277,570318,570054
2026-05-18 21:27:00.000000000,1779110820000000000,8767,8772,8766,8772,1059,570054,570109
2026-05-18 21:28:00.000000000,1779110880000000000,8772,8779,8767,8776,2498,570109,569706
2026-05-18 21:29:00.000000000,1779110940000000000,8776,8783,8772,8782,2831,569706,569905
2026-05-18 21:30:00.000000000,1779111000000000000,8782,8790,8772,8772,6503,569905,569602
2026-05-18 21:31:00.000000000,1779111060000000000,8772,8773,8766,8768,3919,569602,569415
2026-05-18 21:32:00.000000000,1779111120000000000,8768,8779,8767,8775,2645,569415,570123
2026-05-18 21:33:00.000000000,1779111180000000000,8775,8779,8774,8778,960,570123,570110
2026-05-18 21:34:00.000000000,1779111240000000000,8778,8780,8775,8780,1539,570110,570124
2026-05-18 21:35:00.000000000,1779111300000000000,8780,8781,8776,8776,1417,570124,570211
2026-05-18 21:36:00.000000000,1779111360000000000,8776,8791,8776,8789,2367,570211,570180
2026-05-18 21:37:00.000000000,1779111420000000000,8789,8789,8779,8784,1714,570180,570059
2026-05-18 21:38:00.000000000,1779111480000000000,8784,8791,8784,8788,1411,570059,570289
2026-05-18 21:39:00.000000000,1779111540000000000,8788,8788,8782,8782,885,570289,570350
2026-05-18 21:40:00.000000000,1779111600000000000,8782,8792,8781,8791,1158,570350,570208
2026-05-18 21:41:00.000000000,1779111660000000000,8791,8796,8791,8795,1658,570208,570256
2026-05-18 21:42:00.000000000,1779111720000000000,8795,8804,8792,8804,2351,570256,570467
2026-05-18 21:43:00.000000000,1779111780000000000,8804,8808,8796,8799,3619,570467,569930
2026-05-18 21:44:00.000000000,1779111840000000000,8799,8805,8795,8805,3127,569930,569841
2026-05-18 21:45:00.000000000,1779111900000000000,8805,8808,8796,8796,2599,569841,569894
2026-05-18 21:46:00.000000000,1779111960000000000,8796,8799,8795,8795,1243,569894,569820
2026-05-18 21:47:00.000000000,1779112020000000000,8795,8796,8785,8787,1531,569820,569630
2026-05-18 21:48:00.000000000,1779112080000000000,8787,8788,8782,8786,1723,569630,569432
2026-05-18 21:49:00.000000000,1779112140000000000,8786,8787,8785,8786,655,569432,569342
2026-05-18 21:50:00.000000000,1779112200000000000,8786,8787,8781,8781,1022,569342,569277
2026-05-18 21:51:00.000000000,1779112260000000000,8781,8786,8781,8785,730,569277,569235
2026-05-18 21:52:00.000000000,1779112320000000000,8785,8785,8775,8777,1871,569235,569473
2026-05-18 21:53:00.000000000,1779112380000000000,8777,8781,8775,8775,1168,569473,569683
2026-05-18 21:54:00.000000000,1779112440000000000,8775,8777,8765,8768,2381,569683,569858
2026-05-18 21:55:00.000000000,1779112500000000000,8768,8773,8767,8773,1682,569858,570027
2026-05-18 21:56:00.000000000,1779112560000000000,8773,8774,8769,8774,825,570027,570018
2026-05-18 21:57:00.000000000,1779112620000000000,8774,8780,8773,8780,1278,570018,569932
2026-05-18 21:58:00.000000000,1779112680000000000,8780,8780,8776,8777,1131,569932,570048
2026-05-18 21:59:00.000000000,1779112740000000000,8777,8779,8773,8776,1061,570048,570062
2026-05-18 22:00:00.000000000,1779112800000000000,8776,8782,8774,8780,1687,570062,569691
2026-05-18 22:01:00.000000000,1779112860000000000,8780,8784,8777,8783,1136,569691,569785
2026-05-18 22:02:00.000000000,1779112920000000000,8783,8790,8782,8790,1307,569785,569763
2026-05-18 22:03:00.000000000,1779112980000000000,8790,8795,8788,8795,1559,569763,569868
2026-05-18 22:04:00.000000000,1779113040000000000,8795,8806,8795,8804,3078,569868,569882
2026-05-18 22:05:00.000000000,1779113100000000000,8804,8818,8802,8815,3474,569882,569869
2026-05-18 22:06:00.000000000,1779113160000000000,8815,8816,8810,8810,2435,569869,569684
2026-05-18 22:07:00.000000000,1779113220000000000,8810,8823,8810,8822,2615,569684,569974
2026-05-18 22:08:00.000000000,1779113280000000000,8822,8825,8817,8819,2292,569974,569987
2026-05-18 22:09:00.000000000,1779113340000000000,8819,8819,8815,8816,1069,569987,569857
2026-05-18 22:10:00.000000000,1779113400000000000,8816,8821,8815,8815,1919,569857,569941
2026-05-18 22:11:00.000000000,1779113460000000000,8815,8818,8815,8816,1248,569941,569552
2026-05-18 22:12:00.000000000,1779113520000000000,8816,8817,8810,8811,1029,569552,569379
2026-05-18 22:13:00.000000000,1779113580000000000,8811,8819,8806,8817,2007,569379,568957
2026-05-18 22:14:00.000000000,1779113640000000000,8817,8823,8815,8823,1829,568957,569274
2026-05-18 22:15:00.000000000,1779113700000000000,8823,8831,8818,8821,2916,569274,569705
2026-05-18 22:16:00.000000000,1779113760000000000,8821,8824,8817,8821,1242,569705,569638
2026-05-18 22:17:00.000000000,1779113820000000000,8821,8822,8817,8820,774,569638,569389
2026-05-18 22:18:00.000000000,1779113880000000000,8820,8821,8816,8821,701,569389,569401
2026-05-18 22:19:00.000000000,1779113940000000000,8821,8826,8820,8821,833,569401,569368
2026-05-18 22:20:00.000000000,1779114000000000000,8821,8822,8816,8821,708,569368,569277
2026-05-18 22:21:00.000000000,1779114060000000000,8821,8832,8821,8830,1527,569277,569564
2026-05-18 22:22:00.000000000,1779114120000000000,8830,8837,8828,8836,2048,569564,569712
2026-05-18 22:23:00.000000000,1779114180000000000,8836,8839,8833,8839,1022,569712,569876
2026-05-18 22:24:00.000000000,1779114240000000000,8839,8840,8836,8838,1799,569876,570036
2026-05-18 22:25:00.000000000,1779114300000000000,8838,8845,8835,8844,1889,570036,570356
2026-05-18 22:26:00.000000000,1779114360000000000,8844,8844,8841,8841,947,570356,570497
2026-05-18 22:27:00.000000000,1779114420000000000,8841,8848,8837,8838,1288,570497,570234
2026-05-18 22:28:00.000000000,1779114480000000000,8838,8843,8837,8840,871,570234,570265
2026-05-18 22:29:00.000000000,1779114540000000000,8840,8853,8840,8847,2540,570265,570765
2026-05-18 22:30:00.000000000,1779114600000000000,8847,8850,8844,8850,1274,570765,570740
2026-05-18 22:31:00.000000000,1779114660000000000,8850,8852,8846,8851,968,570740,570768
2026-05-18 22:32:00.000000000,1779114720000000000,8851,8856,8850,8855,1439,570768,570803
2026-05-18 22:33:00.000000000,1779114780000000000,8855,8865,8855,8865,1965,570803,570715
2026-05-18 22:34:00.000000000,1779114840000000000,8865,8866,8855,8855,2279,570715,570688
2026-05-18 22:35:00.000000000,1779114900000000000,8855,8863,8854,8860,925,570688,570636
2026-05-18 22:36:00.000000000,1779114960000000000,8860,8861,8853,8854,1124,570636,570484
2026-05-18 22:37:00.000000000,1779115020000000000,8854,8854,8847,8848,1654,570484,570249
2026-05-18 22:38:00.000000000,1779115080000000000,8848,8854,8848,8850,660,570249,570276
2026-05-18 22:39:00.000000000,1779115140000000000,8850,8856,8850,8852,997,570276,570421
2026-05-18 22:40:00.000000000,1779115200000000000,8852,8862,8852,8856,1489,570421,570391
2026-05-18 22:41:00.000000000,1779115260000000000,8856,8857,8852,8853,871,570391,570271
2026-05-18 22:42:00.000000000,1779115320000000000,8853,8859,8853,8857,833,570271,570302
2026-05-18 22:43:00.000000000,1779115380000000000,8857,8859,8853,8859,965,570302,570491
2026-05-18 22:44:00.000000000,1779115440000000000,8859,8860,8857,8858,571,570491,570282
2026-05-18 22:45:00.000000000,1779115500000000000,8858,8861,8855,8860,811,570282,570376
2026-05-18 22:46:00.000000000,1779115560000000000,8860,8863,8857,8859,979,570376,570225
2026-05-18 22:47:00.000000000,1779115620000000000,8859,8860,8856,8858,492,570225,570193
2026-05-18 22:48:00.000000000,1779115680000000000,8858,8859,8855,8856,532,570193,570171
2026-05-18 22:49:00.000000000,1779115740000000000,8856,8858,8854,8855,687,570171,570192
2026-05-18 22:50:00.000000000,1779115800000000000,8855,8859,8855,8855,408,570192,570146
2026-05-18 22:51:00.000000000,1779115860000000000,8855,8857,8855,8855,441,570146,570038
2026-05-18 22:52:00.000000000,1779115920000000000,8855,8856,8853,8854,441,570038,570002
2026-05-18 22:53:00.000000000,1779115980000000000,8854,8863,8853,8861,1156,570002,569566
2026-05-18 22:54:00.000000000,1779116040000000000,8861,8861,8856,8858,711,569566,569291
2026-05-18 22:55:00.000000000,1779116100000000000,8858,8858,8853,8853,1034,569291,568864
2026-05-18 22:56:00.000000000,1779116160000000000,8853,8855,8853,8855,387,568864,568721
2026-05-18 22:57:00.000000000,1779116220000000000,8855,8861,8854,8859,757,568721,568357
2026-05-18 22:58:00.000000000,1779116280000000000,8859,8860,8856,8859,987,568357,567848
2026-05-18 22:59:00.000000000,1779116340000000000,8859,8860,8856,8860,2130,567848,566993
2026-05-19 09:00:00.000000000,1779152400000000000,8851,8855,8841,8843,8085,566993,568530
2026-05-19 09:01:00.000000000,1779152460000000000,8843,8850,8843,8849,3056,568530,568803
2026-05-19 09:02:00.000000000,1779152520000000000,8849,8853,8841,8842,3256,568803,568674
2026-05-19 09:03:00.000000000,1779152580000000000,8842,8853,8842,8845,2442,568674,568595
2026-05-19 09:04:00.000000000,1779152640000000000,8845,8851,8842,8851,1708,568595,568439
2026-05-19 09:05:00.000000000,1779152700000000000,8851,8859,8851,8858,1835,568439,568635
2026-05-19 09:06:00.000000000,1779152760000000000,8858,8869,8856,8868,2417,568635,569019
2026-05-19 09:07:00.000000000,1779152820000000000,8868,8873,8867,8868,3999,569019,569048
2026-05-19 09:08:00.000000000,1779152880000000000,8868,8872,8865,8872,1567,569048,569266
2026-05-19 09:09:00.000000000,1779152940000000000,8872,8874,8869,8872,1755,569266,569026
2026-05-19 09:10:00.000000000,1779153000000000000,8872,8873,8861,8872,1879,569026,569012
2026-05-19 09:11:00.000000000,1779153060000000000,8872,8873,8865,8872,938,569012,568973
2026-05-19 09:12:00.000000000,1779153120000000000,8872,8878,8871,8876,1318,568973,569249
2026-05-19 09:13:00.000000000,1779153180000000000,8876,8877,8873,8876,723,569249,569251
2026-05-19 09:14:00.000000000,1779153240000000000,8876,8890,8876,8890,3860,569251,569936
2026-05-19 09:15:00.000000000,1779153300000000000,8890,8897,8890,8893,4416,569936,570456
2026-05-19 09:16:00.000000000,1779153360000000000,8893,8900,8890,8898,2313,570456,570840
2026-05-19 09:17:00.000000000,1779153420000000000,8898,8902,8893,8894,2491,570840,571270
2026-05-19 09:18:00.000000000,1779153480000000000,8894,8898,8891,8897,1412,571270,571479
2026-05-19 09:19:00.000000000,1779153540000000000,8897,8898,8894,8896,1026,571479,571655
2026-05-19 09:20:00.000000000,1779153600000000000,8896,8903,8894,8901,1339,571655,571947
2026-05-19 09:21:00.000000000,1779153660000000000,8901,8905,8899,8903,1255,571947,572192
2026-05-19 09:22:00.000000000,1779153720000000000,8903,8906,8901,8905,1314,572192,572496
2026-05-19 09:23:00.000000000,1779153780000000000,8905,8906,8900,8902,1309,572496,572831
2026-05-19 09:24:00.000000000,1779153840000000000,8902,8915,8901,8909,3457,572831,573225
2026-05-19 09:25:00.000000000,1779153900000000000,8909,8910,8896,8896,1636,573225,573164
2026-05-19 09:26:00.000000000,1779153960000000000,8896,8898,8891,8896,1986,573164,573185
2026-05-19 09:27:00.000000000,1779154020000000000,8896,8898,8893,8897,1363,573185,573704
2026-05-19 09:28:00.000000000,1779154080000000000,8897,8902,8897,8900,1158,573704,573834
2026-05-19 09:29:00.000000000,1779154140000000000,8900,8903,8899,8900,649,573834,573829
2026-05-19 09:30:00.000000000,1779154200000000000,8900,8901,8887,8894,2579,573829,573879
2026-05-19 09:31:00.000000000,1779154260000000000,8894,8898,8892,8898,926,573879,574183
2026-05-19 09:32:00.000000000,1779154320000000000,8898,8900,8895,8898,743,574183,574378
2026-05-19 09:33:00.000000000,1779154380000000000,8898,8900,8893,8893,653,574378,574438
2026-05-19 09:34:00.000000000,1779154440000000000,8893,8897,8892,8895,574,574438,574469
2026-05-19 09:35:00.000000000,1779154500000000000,8895,8897,8892,8893,489,574469,574397
2026-05-19 09:36:00.000000000,1779154560000000000,8893,8895,8884,8887,1612,574397,574375
2026-05-19 09:37:00.000000000,1779154620000000000,8887,8888,8882,8884,1309,574375,574217
2026-05-19 09:38:00.000000000,1779154680000000000,8884,8889,8882,8887,1576,574217,574180
2026-05-19 09:39:00.000000000,1779154740000000000,8887,8887,8876,8882,1870,574180,573655
2026-05-19 09:40:00.000000000,1779154800000000000,8882,8882,8879,8879,725,573655,573615
2026-05-19 09:41:00.000000000,1779154860000000000,8879,8881,8876,8880,735,573615,573617
2026-05-19 09:42:00.000000000,1779154920000000000,8880,8886,8880,8881,1107,573617,573757
2026-05-19 09:43:00.000000000,1779154980000000000,8881,8883,8879,8880,442,573757,573827
2026-05-19 09:44:00.000000000,1779155040000000000,8880,8883,8879,8883,764,573827,573714
2026-05-19 09:45:00.000000000,1779155100000000000,8883,8884,8879,8884,858,573714,573746
2026-05-19 09:46:00.000000000,1779155160000000000,8884,8890,8884,8890,1011,573746,573921
2026-05-19 09:47:00.000000000,1779155220000000000,8890,8891,8887,8888,753,573921,573996
2026-05-19 09:48:00.000000000,1779155280000000000,8888,8888,8882,8884,659,573996,574062
2026-05-19 09:49:00.000000000,1779155340000000000,8884,8886,8878,8878,884,574062,573979
2026-05-19 09:50:00.000000000,1779155400000000000,8878,8879,8869,8870,1898,573979,573561
2026-05-19 09:51:00.000000000,1779155460000000000,8870,8872,8866,8871,2071,573561,573722
2026-05-19 09:52:00.000000000,1779155520000000000,8871,8874,8869,8869,1059,573722,573822
2026-05-19 09:53:00.000000000,1779155580000000000,8869,8874,8867,8868,887,573822,573815
2026-05-19 09:54:00.000000000,1779155640000000000,8868,8870,8854,8855,2216,573815,573709
2026-05-19 09:55:00.000000000,1779155700000000000,8855,8861,8851,8858,2873,573709,574281
2026-05-19 09:56:00.000000000,1779155760000000000,8858,8858,8851,8853,1403,574281,574274
2026-05-19 09:57:00.000000000,1779155820000000000,8853,8857,8851,8854,1691,574274,574242
2026-05-19 09:58:00.000000000,1779155880000000000,8854,8854,8844,8845,2504,574242,573913
2026-05-19 09:59:00.000000000,1779155940000000000,8845,8853,8844,8851,1371,573913,574101
2026-05-19 10:00:00.000000000,1779156000000000000,8851,8854,8844,8845,2459,574101,574192
2026-05-19 10:01:00.000000000,1779156060000000000,8845,8845,8839,8841,2268,574192,574427
2026-05-19 10:02:00.000000000,1779156120000000000,8841,8842,8837,8841,1235,574427,574498
2026-05-19 10:03:00.000000000,1779156180000000000,8841,8848,8841,8847,1582,574498,574405
2026-05-19 10:04:00.000000000,1779156240000000000,8847,8854,8844,8852,1754,574405,574527
2026-05-19 10:05:00.000000000,1779156300000000000,8852,8858,8849,8858,1323,574527,574621
2026-05-19 10:06:00.000000000,1779156360000000000,8858,8862,8853,8860,1819,574621,575110
2026-05-19 10:07:00.000000000,1779156420000000000,8860,8869,8857,8868,2212,575110,574845
2026-05-19 10:08:00.000000000,1779156480000000000,8868,8870,8865,8867,1360,574845,575235
2026-05-19 10:09:00.000000000,1779156540000000000,8867,8872,8863,8870,1791,575235,575562
2026-05-19 10:10:00.000000000,1779156600000000000,8870,8881,8869,8878,1930,575562,576061
2026-05-19 10:11:00.000000000,1779156660000000000,8878,8882,8875,8880,1391,576061,576260
2026-05-19 10:12:00.000000000,1779156720000000000,8880,8880,8867,8867,2099,576260,576000
2026-05-19 10:13:00.000000000,1779156780000000000,8867,8868,8862,8864,1512,576000,575509
2026-05-19 10:14:00.000000000,1779156840000000000,8864,8866,8862,8863,1377,575509,575073
2026-05-19 10:30:00.000000000,1779157800000000000,8864,8875,8858,8858,2773,575073,574560
2026-05-19 10:31:00.000000000,1779157860000000000,8858,8859,8851,8858,2040,574560,574251
2026-05-19 10:32:00.000000000,1779157920000000000,8858,8865,8858,8861,929,574251,574294
2026-05-19 10:33:00.000000000,1779157980000000000,8861,8865,8858,8863,665,574294,574329
2026-05-19 10:34:00.000000000,1779158040000000000,8863,8874,8863,8871,1202,574329,574649
2026-05-19 10:35:00.000000000,1779158100000000000,8871,8873,8867,8869,652,574649,574715
2026-05-19 10:36:00.000000000,1779158160000000000,8869,8879,8869,8879,1150,574715,575049
2026-05-19 10:37:00.000000000,1779158220000000000,8879,8879,8871,8871,896,575049,575203
2026-05-19 10:38:00.000000000,1779158280000000000,8871,8875,8869,8872,694,575203,575276
2026-05-19 10:39:00.000000000,1779158340000000000,8872,8874,8865,8866,645,575276,575274
2026-05-19 10:40:00.000000000,1779158400000000000,8866,8873,8866,8870,796,575274,575631
2026-05-19 10:41:00.000000000,1779158460000000000,8870,8882,8870,8874,1902,575631,576271
2026-05-19 10:42:00.000000000,1779158520000000000,8874,8875,8871,8872,712,576271,576378
2026-05-19 10:43:00.000000000,1779158580000000000,8872,8882,8871,8881,1260,576378,576604
2026-05-19 10:44:00.000000000,1779158640000000000,8881,8882,8877,8881,413,576604,576638
2026-05-19 10:45:00.000000000,1779158700000000000,8881,8885,8878,8883,1122,576638,576854
2026-05-19 10:46:00.000000000,1779158760000000000,8883,8894,8883,8894,2565,576854,576999
2026-05-19 10:47:00.000000000,1779158820000000000,8894,8896,8891,8895,1595,576999,577395
2026-05-19 10:48:00.000000000,1779158880000000000,8895,8904,8895,8899,3262,577395,578326
2026-05-19 10:49:00.000000000,1779158940000000000,8899,8906,8899,8903,1533,578326,578559
2026-05-19 10:50:00.000000000,1779159000000000000,8903,8905,8888,8891,3723,578559,577866
2026-05-19 10:51:00.000000000,1779159060000000000,8891,8895,8888,8893,2040,577866,578122
2026-05-19 10:52:00.000000000,1779159120000000000,8893,8901,8893,8899,1276,578122,578244
2026-05-19 10:53:00.000000000,1779159180000000000,8899,8908,8899,8907,2298,578244,578979
2026-05-19 10:54:00.000000000,1779159240000000000,8907,8909,8902,8903,1090,578979,578972
2026-05-19 10:55:00.000000000,1779159300000000000,8903,8909,8903,8906,1553,578972,579215
2026-05-19 10:56:00.000000000,1779159360000000000,8906,8919,8905,8915,2699,579215,579777
2026-05-19 10:57:00.000000000,1779159420000000000,8915,8916,8909,8913,1485,579777,579672
2026-05-19 10:58:00.000000000,1779159480000000000,8913,8920,8908,8912,1666,579672,579666
2026-05-19 10:59:00.000000000,1779159540000000000,8912,8914,8910,8913,623,579666,579743
2026-05-19 11:00:00.000000000,1779159600000000000,8913,8928,8911,8927,3365,579743,580289
2026-05-19 11:01:00.000000000,1779159660000000000,8927,8934,8927,8930,3080,580289,580803
2026-05-19 11:02:00.000000000,1779159720000000000,8930,8940,8928,8937,2274,580803,581649
2026-05-19 11:03:00.000000000,1779159780000000000,8937,8939,8933,8938,3257,581649,582364
2026-05-19 11:04:00.000000000,1779159840000000000,8938,8943,8931,8931,1998,582364,582649
2026-05-19 11:05:00.000000000,1779159900000000000,8931,8936,8926,8927,1811,582649,582569
2026-05-19 11:06:00.000000000,1779159960000000000,8927,8927,8919,8919,2473,582569,582476
2026-05-19 11:07:00.000000000,1779160020000000000,8919,8922,8916,8920,1418,582476,582496
2026-05-19 11:08:00.000000000,1779160080000000000,8920,8926,8919,8921,832,582496,582606
2026-05-19 11:09:00.000000000,1779160140000000000,8921,8921,8913,8917,1338,582606,582809
2026-05-19 11:10:00.000000000,1779160200000000000,8917,8919,8916,8919,716,582809,583022
2026-05-19 11:11:00.000000000,1779160260000000000,8919,8920,8910,8912,1261,583022,582832
2026-05-19 11:12:00.000000000,1779160320000000000,8912,8914,8910,8912,698,582832,582866
2026-05-19 11:13:00.000000000,1779160380000000000,8912,8917,8912,8913,863,582866,583065
2026-05-19 11:14:00.000000000,1779160440000000000,8913,8920,8913,8919,507,583065,583249
2026-05-19 11:15:00.000000000,1779160500000000000,8919,8921,8915,8919,660,583249,583303
2026-05-19 11:16:00.000000000,1779160560000000000,8919,8924,8915,8917,1123,583303,583515
2026-05-19 11:17:00.000000000,1779160620000000000,8917,8920,8913,8914,805,583515,583553
2026-05-19 11:18:00.000000000,1779160680000000000,8914,8918,8911,8917,993,583553,583487
2026-05-19 11:19:00.000000000,1779160740000000000,8917,8918,8909,8912,1449,583487,583386
2026-05-19 11:20:00.000000000,1779160800000000000,8912,8917,8912,8914,786,583386,583634
2026-05-19 11:21:00.000000000,1779160860000000000,8914,8924,8913,8924,870,583634,583968
2026-05-19 11:22:00.000000000,1779160920000000000,8924,8929,8923,8926,2138,583968,584647
2026-05-19 11:23:00.000000000,1779160980000000000,8926,8932,8926,8931,1433,584647,584977
2026-05-19 11:24:00.000000000,1779161040000000000,8931,8933,8928,8930,1773,584977,585741
2026-05-19 11:25:00.000000000,1779161100000000000,8930,8934,8925,8932,1836,585741,586612
2026-05-19 11:26:00.000000000,1779161160000000000,8932,8934,8927,8930,700,586612,586761
2026-05-19 11:27:00.000000000,1779161220000000000,8930,8930,8923,8925,723,586761,586757
2026-05-19 11:28:00.000000000,1779161280000000000,8925,8927,8921,8926,790,586757,586632
2026-05-19 11:29:00.000000000,1779161340000000000,8926,8932,8926,8930,1382,586632,586453
2026-05-19 13:30:00.000000000,1779168600000000000,8936,8942,8934,8936,3498,586453,586733
2026-05-19 13:31:00.000000000,1779168660000000000,8936,8940,8934,8939,1743,586733,586321
2026-05-19 13:32:00.000000000,1779168720000000000,8939,8939,8928,8935,2470,586321,586294
2026-05-19 13:33:00.000000000,1779168780000000000,8935,8940,8933,8938,1237,586294,586567
2026-05-19 13:34:00.000000000,1779168840000000000,8938,8954,8938,8947,4288,586567,587324
2026-05-19 13:35:00.000000000,1779168900000000000,8947,8951,8943,8945,2417,587324,587434
2026-05-19 13:36:00.000000000,1779168960000000000,8945,8945,8939,8941,1223,587434,587544
2026-05-19 13:37:00.000000000,1779169020000000000,8941,8942,8930,8931,1802,587544,587347
2026-05-19 13:38:00.000000000,1779169080000000000,8931,8933,8926,8927,1626,587347,587257
2026-05-19 13:39:00.000000000,1779169140000000000,8927,8936,8927,8931,2071,587257,587339
2026-05-19 13:40:00.000000000,1779169200000000000,8931,8935,8930,8931,1162,587339,587275
2026-05-19 13:41:00.000000000,1779169260000000000,8931,8936,8930,8932,1598,587275,587224
2026-05-19 13:42:00.000000000,1779169320000000000,8932,8932,8921,8924,2648,587224,586508
2026-05-19 13:43:00.000000000,1779169380000000000,8924,8934,8924,8933,952,586508,586505
2026-05-19 13:44:00.000000000,1779169440000000000,8933,8938,8933,8937,721,586505,586805
2026-05-19 13:45:00.000000000,1779169500000000000,8937,8940,8931,8932,1218,586805,587019
2026-05-19 13:46:00.000000000,1779169560000000000,8932,8932,8927,8930,1183,587019,587245
2026-05-19 13:47:00.000000000,1779169620000000000,8930,8932,8928,8929,614,587245,587345
2026-05-19 13:48:00.000000000,1779169680000000000,8929,8936,8929,8932,665,587345,587508
2026-05-19 13:49:00.000000000,1779169740000000000,8932,8935,8931,8935,664,587508,587668
2026-05-19 13:50:00.000000000,1779169800000000000,8935,8935,8929,8931,531,587668,587760
2026-05-19 13:51:00.000000000,1779169860000000000,8931,8941,8929,8941,1006,587760,587984
2026-05-19 13:52:00.000000000,1779169920000000000,8941,8941,8938,8940,546,587984,588181
2026-05-19 13:53:00.000000000,1779169980000000000,8940,8944,8939,8940,883,588181,588334
2026-05-19 13:54:00.000000000,1779170040000000000,8940,8941,8937,8938,472,588334,588479
2026-05-19 13:55:00.000000000,1779170100000000000,8938,8940,8936,8937,464,588479,588530
2026-05-19 13:56:00.000000000,1779170160000000000,8937,8938,8933,8933,744,588530,588587
2026-05-19 13:57:00.000000000,1779170220000000000,8933,8934,8929,8932,779,588587,588741
2026-05-19 13:58:00.000000000,1779170280000000000,8932,8942,8932,8939,1532,588741,589042
2026-05-19 13:59:00.000000000,1779170340000000000,8939,8944,8938,8942,649,589042,589116
2026-05-19 14:00:00.000000000,1779170400000000000,8942,8947,8938,8943,1547,589116,589618
2026-05-19 14:01:00.000000000,1779170460000000000,8943,8953,8943,8953,2310,589618,590379
2026-05-19 14:02:00.000000000,1779170520000000000,8953,8956,8950,8951,2071,590379,590530
2026-05-19 14:03:00.000000000,1779170580000000000,8951,8953,8948,8950,1075,590530,591066
2026-05-19 14:04:00.000000000,1779170640000000000,8950,8954,8950,8953,916,591066,591284
2026-05-19 14:05:00.000000000,1779170700000000000,8953,8954,8947,8947,1690,591284,591347
2026-05-19 14:06:00.000000000,1779170760000000000,8947,8948,8943,8945,1251,591347,591364
2026-05-19 14:07:00.000000000,1779170820000000000,8945,8945,8939,8940,948,591364,591573
2026-05-19 14:08:00.000000000,1779170880000000000,8940,8945,8938,8938,753,591573,591604
2026-05-19 14:09:00.000000000,1779170940000000000,8938,8940,8935,8936,1308,591604,591589
2026-05-19 14:10:00.000000000,1779171000000000000,8936,8939,8931,8932,1299,591589,591658
2026-05-19 14:11:00.000000000,1779171060000000000,8932,8940,8932,8934,1766,591658,591304
2026-05-19 14:12:00.000000000,1779171120000000000,8934,8935,8928,8930,1500,591304,591090
2026-05-19 14:13:00.000000000,1779171180000000000,8930,8933,8925,8933,1290,591090,591054
2026-05-19 14:14:00.000000000,1779171240000000000,8933,8933,8927,8928,577,591054,590932
2026-05-19 14:15:00.000000000,1779171300000000000,8928,8932,8924,8927,1442,590932,590679
2026-05-19 14:16:00.000000000,1779171360000000000,8927,8934,8926,8931,944,590679,590681
2026-05-19 14:17:00.000000000,1779171420000000000,8931,8931,8925,8927,738,590681,590573
2026-05-19 14:18:00.000000000,1779171480000000000,8927,8932,8925,8928,789,590573,590488
2026-05-19 14:19:00.000000000,1779171540000000000,8928,8931,8926,8928,829,590488,590438
2026-05-19 14:20:00.000000000,1779171600000000000,8928,8928,8921,8924,1031,590438,590354
2026-05-19 14:21:00.000000000,1779171660000000000,8924,8926,8921,8922,1232,590354,590468
2026-05-19 14:22:00.000000000,1779171720000000000,8922,8936,8922,8934,1799,590468,590439
2026-05-19 14:23:00.000000000,1779171780000000000,8934,8935,8928,8928,646,590439,590411
2026-05-19 14:24:00.000000000,1779171840000000000,8928,8934,8928,8932,688,590411,590294
2026-05-19 14:25:00.000000000,1779171900000000000,8932,8933,8927,8932,913,590294,590665
2026-05-19 14:26:00.000000000,1779171960000000000,8932,8938,8931,8937,812,590665,590795
2026-05-19 14:27:00.000000000,1779172020000000000,8937,8940,8936,8939,467,590795,590829
2026-05-19 14:28:00.000000000,1779172080000000000,8939,8947,8939,8942,1277,590829,590912
2026-05-19 14:29:00.000000000,1779172140000000000,8942,8946,8942,8945,1079,590912,590993
2026-05-19 14:30:00.000000000,1779172200000000000,8945,8948,8942,8948,893,590993,591190
2026-05-19 14:31:00.000000000,1779172260000000000,8948,8949,8943,8946,1069,591190,591350
2026-05-19 14:32:00.000000000,1779172320000000000,8946,8946,8938,8941,927,591350,591376
2026-05-19 14:33:00.000000000,1779172380000000000,8941,8950,8940,8949,1424,591376,591990
2026-05-19 14:34:00.000000000,1779172440000000000,8949,8958,8948,8956,3183,591990,592911
2026-05-19 14:35:00.000000000,1779172500000000000,8956,8959,8953,8959,2212,592911,594002
2026-05-19 14:36:00.000000000,1779172560000000000,8959,8960,8955,8956,1083,594002,594171
2026-05-19 14:37:00.000000000,1779172620000000000,8956,8960,8954,8957,1473,594171,594523
2026-05-19 14:38:00.000000000,1779172680000000000,8957,8960,8954,8954,842,594523,594715
2026-05-19 14:39:00.000000000,1779172740000000000,8954,8957,8954,8955,610,594715,594774
2026-05-19 14:40:00.000000000,1779172800000000000,8955,8955,8950,8952,1075,594774,594834
2026-05-19 14:41:00.000000000,1779172860000000000,8952,8956,8951,8955,595,594834,594935
2026-05-19 14:42:00.000000000,1779172920000000000,8955,8956,8952,8952,1016,594935,595022
2026-05-19 14:43:00.000000000,1779172980000000000,8952,8952,8944,8944,2205,595022,594284
2026-05-19 14:44:00.000000000,1779173040000000000,8944,8952,8944,8951,690,594284,594207
2026-05-19 14:45:00.000000000,1779173100000000000,8951,8954,8950,8950,786,594207,594287
2026-05-19 14:46:00.000000000,1779173160000000000,8950,8954,8948,8953,957,594287,594411
2026-05-19 14:47:00.000000000,1779173220000000000,8953,8953,8948,8948,557,594411,594394
2026-05-19 14:48:00.000000000,1779173280000000000,8948,8949,8945,8945,746,594394,594358
2026-05-19 14:49:00.000000000,1779173340000000000,8945,8949,8945,8947,439,594358,594244
2026-05-19 14:50:00.000000000,1779173400000000000,8947,8948,8941,8943,975,594244,593934
2026-05-19 14:51:00.000000000,1779173460000000000,8943,8945,8943,8944,567,593934,593868
2026-05-19 14:52:00.000000000,1779173520000000000,8944,8948,8942,8943,1325,593868,593613
2026-05-19 14:53:00.000000000,1779173580000000000,8943,8944,8940,8940,1218,593613,593490
2026-05-19 14:54:00.000000000,1779173640000000000,8940,8945,8940,8944,1015,593490,593312
2026-05-19 14:55:00.000000000,1779173700000000000,8944,8948,8943,8948,1133,593312,593224
2026-05-19 14:56:00.000000000,1779173760000000000,8948,8948,8941,8944,852,593224,592949
2026-05-19 14:57:00.000000000,1779173820000000000,8944,8945,8940,8940,1035,592949,592970
2026-05-19 14:58:00.000000000,1779173880000000000,8940,8945,8940,8944,1267,592970,592675
2026-05-19 14:59:00.000000000,1779173940000000000,8944,8946,8943,8944,1971,592675,592010
2026-05-19 21:00:00.000000000,1779195600000000000,8969,8978,8954,8958,12012,592010,592102
2026-05-19 21:01:00.000000000,1779195660000000000,8958,8962,8950,8954,4597,592102,592332
2026-05-19 21:02:00.000000000,1779195720000000000,8954,8960,8945,8947,3529,592332,591872
2026-05-19 21:03:00.000000000,1779195780000000000,8947,8951,8942,8945,2759,591872,591576
2026-05-19 21:04:00.000000000,1779195840000000000,8945,8955,8941,8955,2685,591576,591644
2026-05-19 21:05:00.000000000,1779195900000000000,8955,8963,8955,8959,2420,591644,592015
2026-05-19 21:06:00.000000000,1779195960000000000,8959,8967,8959,8965,1837,592015,592446
2026-05-19 21:07:00.000000000,1779196020000000000,8965,8977,8964,8977,2621,592446,593485
2026-05-19 21:08:00.000000000,1779196080000000000,8977,8980,8970,8972,2541,593485,593963
2026-05-19 21:09:00.000000000,1779196140000000000,8972,8976,8963,8964,2168,593963,594123
2026-05-19 21:10:00.000000000,1779196200000000000,8964,8972,8964,8972,2031,594123,594909
2026-05-19 21:11:00.000000000,1779196260000000000,8972,8984,8970,8982,2894,594909,595781
2026-05-19 21:12:00.000000000,1779196320000000000,8982,8987,8981,8985,2875,595781,596656
2026-05-19 21:13:00.000000000,1779196380000000000,8985,8994,8985,8992,3202,596656,597577
2026-05-19 21:14:00.000000000,1779196440000000000,8992,8995,8987,8988,2902,597577,598253
2026-05-19 21:15:00.000000000,1779196500000000000,8988,8988,8979,8986,3594,598253,598630
2026-05-19 21:16:00.000000000,1779196560000000000,8986,8998,8984,8997,3637,598630,599110
2026-05-19 21:17:00.000000000,1779196620000000000,8997,9015,8996,9013,10403,599110,602828
2026-05-19 21:18:00.000000000,1779196680000000000,9013,9020,9009,9015,5816,602828,604238
2026-05-19 21:19:00.000000000,1779196740000000000,9015,9024,9010,9018,6097,604238,605767
2026-05-19 21:20:00.000000000,1779196800000000000,9018,9035,9012,9031,5886,605767,607675
2026-05-19 21:21:00.000000000,1779196860000000000,9031,9036,9025,9032,5058,607675,608090
2026-05-19 21:22:00.000000000,1779196920000000000,9032,9043,9028,9042,4239,608090,609121
2026-05-19 21:23:00.000000000,1779196980000000000,9042,9047,9037,9040,4603,609121,609605
2026-05-19 21:24:00.000000000,1779197040000000000,9040,9041,9031,9041,3633,609605,610082
2026-05-19 21:25:00.000000000,1779197100000000000,9041,9052,9041,9051,5043,610082,611238
2026-05-19 21:26:00.000000000,1779197160000000000,9051,9061,9045,9058,4321,611238,612086
2026-05-19 21:27:00.000000000,1779197220000000000,9058,9063,9051,9051,5883,612086,614224
2026-05-19 21:28:00.000000000,1779197280000000000,9051,9063,9051,9062,3453,614224,615181
2026-05-19 21:29:00.000000000,1779197340000000000,9062,9077,9062,9074,5565,615181,616248
2026-05-19 21:30:00.000000000,1779197400000000000,9074,9076,9065,9066,5532,616248,616833
2026-05-19 21:31:00.000000000,1779197460000000000,9066,9083,9063,9082,5121,616833,617898
2026-05-19 21:32:00.000000000,1779197520000000000,9082,9088,9076,9080,5660,617898,618622
2026-05-19 21:33:00.000000000,1779197580000000000,9080,9080,9061,9064,4869,618622,618229
2026-05-19 21:34:00.000000000,1779197640000000000,9064,9065,9055,9062,5186,618229,619387
2026-05-19 21:35:00.000000000,1779197700000000000,9062,9064,9052,9057,4036,619387,619581
2026-05-19 21:36:00.000000000,1779197760000000000,9057,9063,9048,9051,4668,619581,620108
2026-05-19 21:37:00.000000000,1779197820000000000,9051,9057,9044,9056,3998,620108,619973
2026-05-19 21:38:00.000000000,1779197880000000000,9056,9061,9050,9061,2519,619973,620678
2026-05-19 21:39:00.000000000,1779197940000000000,9061,9061,9053,9054,2041,620678,621012
2026-05-19 21:40:00.000000000,1779198000000000000,9054,9063,9051,9063,2202,621012,620996
2026-05-19 21:41:00.000000000,1779198060000000000,9063,9067,9059,9065,1735,620996,621076
2026-05-19 21:42:00.000000000,1779198120000000000,9065,9072,9064,9072,2415,621076,621139
2026-05-19 21:43:00.000000000,1779198180000000000,9072,9072,9051,9051,3346,621139,621404
2026-05-19 21:44:00.000000000,1779198240000000000,9051,9053,9045,9048,2724,621404,620832
2026-05-19 21:45:00.000000000,1779198300000000000,9048,9050,9042,9046,3673,620832,620898
2026-05-19 21:46:00.000000000,1779198360000000000,9046,9053,9045,9053,1999,620898,621151
2026-05-19 21:47:00.000000000,1779198420000000000,9053,9053,9036,9037,2340,621151,620862
2026-05-19 21:48:00.000000000,1779198480000000000,9037,9039,9031,9032,2857,620862,620102
2026-05-19 21:49:00.000000000,1779198540000000000,9032,9034,9027,9029,3017,620102,619657
2026-05-19 21:50:00.000000000,1779198600000000000,9029,9029,9013,9017,5525,619657,618246
2026-05-19 21:51:00.000000000,1779198660000000000,9017,9024,9014,9019,3844,618246,618044
2026-05-19 21:52:00.000000000,1779198720000000000,9019,9024,9014,9017,1739,618044,617885
2026-05-19 21:53:00.000000000,1779198780000000000,9017,9018,9009,9010,2373,617885,617691
2026-05-19 21:54:00.000000000,1779198840000000000,9010,9011,9006,9010,2918,617691,617797
2026-05-19 21:55:00.000000000,1779198900000000000,9010,9012,9007,9008,1787,617797,617780
2026-05-19 21:56:00.000000000,1779198960000000000,9008,9025,9006,9023,3928,617780,617643
2026-05-19 21:57:00.000000000,1779199020000000000,9023,9023,9017,9018,1752,617643,617985
2026-05-19 21:58:00.000000000,1779199080000000000,9018,9019,9013,9015,1619,617985,618208
2026-05-19 21:59:00.000000000,1779199140000000000,9015,9020,9012,9020,1244,618208,618308
2026-05-19 22:00:00.000000000,1779199200000000000,9020,9024,9019,9021,1751,618308,618490
2026-05-19 22:01:00.000000000,1779199260000000000,9021,9025,9016,9016,2242,618490,618774
2026-05-19 22:02:00.000000000,1779199320000000000,9016,9022,9013,9019,1515,618774,618574
2026-05-19 22:03:00.000000000,1779199380000000000,9019,9023,9018,9023,1351,618574,618620
2026-05-19 22:04:00.000000000,1779199440000000000,9023,9023,9005,9006,3395,618620,618090
2026-05-19 22:05:00.000000000,1779199500000000000,9006,9017,9006,9016,1946,618090,617835
2026-05-19 22:06:00.000000000,1779199560000000000,9016,9016,9010,9014,1326,617835,618171
2026-05-19 22:07:00.000000000,1779199620000000000,9014,9031,9013,9029,2910,618171,618391
2026-05-19 22:08:00.000000000,1779199680000000000,9029,9037,9028,9036,3593,618391,619639
2026-05-19 22:09:00.000000000,1779199740000000000,9036,9036,9029,9034,1722,619639,619994
2026-05-19 22:10:00.000000000,1779199800000000000,9034,9040,9031,9032,1630,619994,620173
2026-05-19 22:11:00.000000000,1779199860000000000,9032,9032,9027,9032,1102,620173,620401
2026-05-19 22:12:00.000000000,1779199920000000000,9032,9038,9029,9033,1518,620401,620757
2026-05-19 22:13:00.000000000,1779199980000000000,9033,9040,9032,9039,1170,620757,620888
2026-05-19 22:14:00.000000000,1779200040000000000,9039,9045,9038,9044,1484,620888,620848
2026-05-19 22:15:00.000000000,1779200100000000000,9044,9044,9034,9035,1226,620848,620963
2026-05-19 22:16:00.000000000,1779200160000000000,9035,9036,9028,9030,1236,620963,620849
2026-05-19 22:17:00.000000000,1779200220000000000,9030,9033,9023,9028,2203,620849,620871
2026-05-19 22:18:00.000000000,1779200280000000000,9028,9031,9024,9028,705,620871,620960
2026-05-19 22:19:00.000000000,1779200340000000000,9028,9033,9025,9028,957,620960,620750
2026-05-19 22:20:00.000000000,1779200400000000000,9028,9031,9025,9030,651,620750,620634
2026-05-19 22:21:00.000000000,1779200460000000000,9030,9030,9025,9028,810,620634,620571
2026-05-19 22:22:00.000000000,1779200520000000000,9028,9031,9019,9022,1562,620571,620116
2026-05-19 22:23:00.000000000,1779200580000000000,9022,9022,9014,9019,1983,620116,619837
2026-05-19 22:24:00.000000000,1779200640000000000,9019,9022,9016,9019,820,619837,619775
2026-05-19 22:25:00.000000000,1779200700000000000,9019,9020,9017,9017,633,619775,619604
2026-05-19 22:26:00.000000000,1779200760000000000,9017,9017,9010,9011,2019,619604,619417
2026-05-19 22:27:00.000000000,1779200820000000000,9011,9015,9010,9014,847,619417,619347
2026-05-19 22:28:00.000000000,1779200880000000000,9014,9014,9001,9004,2543,619347,618893
2026-05-19 22:29:00.000000000,1779200940000000000,9004,9008,9003,9006,936,618893,618825
2026-05-19 22:30:00.000000000,1779201000000000000,9006,9006,8996,8999,3235,618825,617906
2026-05-19 22:31:00.000000000,1779201060000000000,8999,9004,8997,9003,1642,617906,617783
2026-05-19 22:32:00.000000000,1779201120000000000,9003,9004,8999,9002,849,617783,617627
2026-05-19 22:33:00.000000000,1779201180000000000,9002,9006,9001,9001,1048,617627,617579
2026-05-19 22:34:00.000000000,1779201240000000000,9001,9007,8996,9006,1960,617579,617434
2026-05-19 22:35:00.000000000,1779201300000000000,9006,9007,9002,9004,882,617434,617339
2026-05-19 22:36:00.000000000,1779201360000000000,9004,9006,8998,9004,1293,617339,617341
2026-05-19 22:37:00.000000000,1779201420000000000,9004,9004,8998,8998,703,617341,617363
2026-05-19 22:38:00.000000000,1779201480000000000,8998,9003,8997,9000,1254,617363,617249
2026-05-19 22:39:00.000000000,1779201540000000000,9000,9000,8990,8992,2759,617249,616748
2026-05-19 22:40:00.000000000,1779201600000000000,8992,8992,8981,8987,4795,616748,615482
2026-05-19 22:41:00.000000000,1779201660000000000,8987,8994,8987,8991,3026,615482,615636
2026-05-19 22:42:00.000000000,1779201720000000000,8991,8998,8989,8998,3011,615636,615428
2026-05-19 22:43:00.000000000,1779201780000000000,8998,9001,8994,8999,1622,615428,615136
2026-05-19 22:44:00.000000000,1779201840000000000,8999,8999,8995,8997,837,615136,614959
2026-05-19 22:45:00.000000000,1779201900000000000,8997,9001,8996,8998,1324,614959,614950
2026-05-19 22:46:00.000000000,1779201960000000000,8998,8998,8994,8995,694,614950,614822
2026-05-19 22:47:00.000000000,1779202020000000000,8995,8998,8993,8998,785,614822,614888
2026-05-19 22:48:00.000000000,1779202080000000000,8998,9003,8997,8998,1804,614888,614757
2026-05-19 22:49:00.000000000,1779202140000000000,8998,9002,8996,9000,860,614757,614371
2026-05-19 22:50:00.000000000,1779202200000000000,9000,9001,8998,8999,565,614371,614215
2026-05-19 22:51:00.000000000,1779202260000000000,8999,9007,8999,9002,1808,614215,613968
2026-05-19 22:52:00.000000000,1779202320000000000,9002,9004,8999,8999,550,613968,613846
2026-05-19 22:53:00.000000000,1779202380000000000,8999,9001,8995,8997,1358,613846,613261
2026-05-19 22:54:00.000000000,1779202440000000000,8997,8999,8995,8998,946,613261,613066
2026-05-19 22:55:00.000000000,1779202500000000000,8998,9000,8996,8997,553,613066,612799
2026-05-19 22:56:00.000000000,1779202560000000000,8997,8998,8995,8996,659,612799,612398
2026-05-19 22:57:00.000000000,1779202620000000000,8996,8998,8995,8997,592,612398,612060
2026-05-19 22:58:00.000000000,1779202680000000000,8997,8998,8987,8988,2089,612060,610801
2026-05-19 22:59:00.000000000,1779202740000000000,8988,8995,8988,8995,2820,610801,609335
2026-05-20 09:00:00.000000000,1779238800000000000,8990,8999,8984,8998,5135,609335,608045
2026-05-20 09:01:00.000000000,1779238860000000000,8998,9014,8998,9006,5155,608045,607539
2026-05-20 09:02:00.000000000,1779238920000000000,9006,9014,9003,9006,3501,607539,607419
2026-05-20 09:03:00.000000000,1779238980000000000,9006,9012,9001,9007,1736,607419,607669
2026-05-20 09:04:00.000000000,1779239040000000000,9007,9009,8996,8997,1697,607669,607778
2026-05-20 09:05:00.000000000,1779239100000000000,8997,8999,8986,8987,2372,607778,607754
2026-05-20 09:06:00.000000000,1779239160000000000,8987,8987,8974,8980,3862,607754,607087
2026-05-20 09:07:00.000000000,1779239220000000000,8980,8986,8975,8985,1730,607087,607128
2026-05-20 09:08:00.000000000,1779239280000000000,8985,8990,8977,8979,2141,607128,607187
2026-05-20 09:09:00.000000000,1779239340000000000,8979,8980,8974,8976,1728,607187,607009
2026-05-20 09:10:00.000000000,1779239400000000000,8976,8979,8968,8974,2239,607009,606856
2026-05-20 09:11:00.000000000,1779239460000000000,8974,8978,8972,8973,1307,606856,606723
2026-05-20 09:12:00.000000000,1779239520000000000,8973,8977,8970,8976,1888,606723,606539
2026-05-20 09:13:00.000000000,1779239580000000000,8976,8981,8972,8981,1649,606539,606398
2026-05-20 09:14:00.000000000,1779239640000000000,8981,8990,8979,8984,1886,606398,606348
2026-05-20 09:15:00.000000000,1779239700000000000,8984,8985,8972,8978,1336,606348,606375
2026-05-20 09:16:00.000000000,1779239760000000000,8978,8982,8972,8974,783,606375,606360
2026-05-20 09:17:00.000000000,1779239820000000000,8974,8975,8968,8971,1076,606360,606172
2026-05-20 09:18:00.000000000,1779239880000000000,8971,8971,8965,8970,1149,606172,605953
2026-05-20 09:19:00.000000000,1779239940000000000,8970,8977,8970,8975,858,605953,605864
2026-05-20 09:20:00.000000000,1779240000000000000,8975,8981,8971,8971,1280,605864,605706
2026-05-20 09:21:00.000000000,1779240060000000000,8971,8973,8966,8972,1179,605706,605667
2026-05-20 09:22:00.000000000,1779240120000000000,8972,8982,8971,8982,1182,605667,605831
2026-05-20 09:23:00.000000000,1779240180000000000,8982,8984,8974,8976,1383,605831,605561
2026-05-20 09:24:00.000000000,1779240240000000000,8976,8982,8975,8979,742,605561,605594
2026-05-20 09:25:00.000000000,1779240300000000000,8979,8988,8979,8987,876,605594,605707
2026-05-20 09:26:00.000000000,1779240360000000000,8987,8996,8987,8991,1860,605707,605637
2026-05-20 09:27:00.000000000,1779240420000000000,8991,9000,8990,8997,1105,605637,605590
2026-05-20 09:28:00.000000000,1779240480000000000,8997,8998,8990,8996,917,605590,605577
2026-05-20 09:29:00.000000000,1779240540000000000,8996,9000,8994,9000,1048,605577,605573
2026-05-20 09:30:00.000000000,1779240600000000000,9000,9002,8996,9000,1090,605573,605676
2026-05-20 09:31:00.000000000,1779240660000000000,9000,9002,8994,9001,757,605676,605653
2026-05-20 09:32:00.000000000,1779240720000000000,9001,9008,9000,9006,1279,605653,605674
2026-05-20 09:33:00.000000000,1779240780000000000,9006,9013,9001,9009,1874,605674,605514
2026-05-20 09:34:00.000000000,1779240840000000000,9009,9011,9007,9008,1401,605514,605459
2026-05-20 09:35:00.000000000,1779240900000000000,9008,9019,9004,9016,1862,605459,605309
2026-05-20 09:36:00.000000000,1779240960000000000,9016,9023,9015,9022,2386,605309,605332
2026-05-20 09:37:00.000000000,1779241020000000000,9022,9024,9016,9019,2272,605332,605167
2026-05-20 09:38:00.000000000,1779241080000000000,9019,9029,9019,9022,1848,605167,605488
2026-05-20 09:39:00.000000000,1779241140000000000,9022,9032,9022,9027,2231,605488,605595
2026-05-20 09:40:00.000000000,1779241200000000000,9027,9029,9021,9024,1641,605595,605525
2026-05-20 09:41:00.000000000,1779241260000000000,9024,9024,9006,9006,2183,605525,605621
2026-05-20 09:42:00.000000000,1779241320000000000,9006,9007,8997,8998,1991,605621,605485
2026-05-20 09:43:00.000000000,1779241380000000000,8998,9000,8992,8992,1631,605485,605382
2026-05-20 09:44:00.000000000,1779241440000000000,8992,9006,8992,9002,1780,605382,605645
2026-05-20 09:45:00.000000000,1779241500000000000,9002,9006,8997,9005,2034,605645,605911
2026-05-20 09:46:00.000000000,1779241560000000000,9005,9015,9001,9003,2734,605911,606676
2026-05-20 09:47:00.000000000,1779241620000000000,9003,9004,8998,9001,912,606676,606650
2026-05-20 09:48:00.000000000,1779241680000000000,9001,9001,8984,8990,1817,606650,606286
2026-05-20 09:49:00.000000000,1779241740000000000,8990,8998,8986,8986,1511,606286,606304
2026-05-20 09:50:00.000000000,1779241800000000000,8986,8986,8970,8978,4124,606304,605836
2026-05-20 09:51:00.000000000,1779241860000000000,8978,8988,8975,8986,2688,605836,605869
2026-05-20 09:52:00.000000000,1779241920000000000,8986,8988,8970,8975,3696,605869,605744
2026-05-20 09:53:00.000000000,1779241980000000000,8975,8978,8966,8968,2831,605744,605765
2026-05-20 09:54:00.000000000,1779242040000000000,8968,8970,8956,8956,5774,605765,604893
2026-05-20 09:55:00.000000000,1779242100000000000,8956,8962,8955,8960,3759,604893,604832
2026-05-20 09:56:00.000000000,1779242160000000000,8960,8960,8943,8949,6870,604832,603062
2026-05-20 09:57:00.000000000,1779242220000000000,8949,8954,8947,8954,2276,603062,603004
2026-05-20 09:58:00.000000000,1779242280000000000,8954,8962,8954,8959,2194,603004,602754
2026-05-20 09:59:00.000000000,1779242340000000000,8959,8970,8957,8968,2150,602754,602437
2026-05-20 10:00:00.000000000,1779242400000000000,8968,8971,8962,8962,1872,602437,602151
2026-05-20 10:01:00.000000000,1779242460000000000,8962,8962,8952,8958,2598,602151,601707
2026-05-20 10:02:00.000000000,1779242520000000000,8958,8961,8956,8960,1348,601707,601640
2026-05-20 10:03:00.000000000,1779242580000000000,8960,8962,8949,8952,1887,601640,601795
2026-05-20 10:04:00.000000000,1779242640000000000,8952,8955,8945,8945,1934,601795,601197
2026-05-20 10:05:00.000000000,1779242700000000000,8945,8945,8933,8933,4440,601197,600068
2026-05-20 10:06:00.000000000,1779242760000000000,8933,8942,8933,8939,2408,600068,599734
2026-05-20 10:07:00.000000000,1779242820000000000,8939,8942,8935,8937,1552,599734,599528
2026-05-20 10:08:00.000000000,1779242880000000000,8937,8944,8934,8942,1594,599528,599315
2026-05-20 10:09:00.000000000,1779242940000000000,8942,8949,8940,8948,1826,599315,598898
2026-05-20 10:10:00.000000000,1779243000000000000,8948,8954,8944,8945,1568,598898,598684
2026-05-20 10:11:00.000000000,1779243060000000000,8945,8950,8944,8948,1058,598684,598770
2026-05-20 10:12:00.000000000,1779243120000000000,8948,8953,8947,8949,1559,598770,598761
2026-05-20 10:13:00.000000000,1779243180000000000,8949,8957,8947,8953,1649,598761,598661
2026-05-20 10:14:00.000000000,1779243240000000000,8953,8956,8950,8953,1360,598661,598674
2026-05-20 10:30:00.000000000,1779244200000000000,8958,8976,8958,8976,3968,598674,599119
2026-05-20 10:31:00.000000000,1779244260000000000,8976,8979,8968,8979,3242,599119,598578
2026-05-20 10:32:00.000000000,1779244320000000000,8979,8982,8976,8980,3349,598578,597456
2026-05-20 10:33:00.000000000,1779244380000000000,8980,8990,8980,8988,3460,597456,597116
2026-05-20 10:34:00.000000000,1779244440000000000,8988,8993,8981,8981,2279,597116,596976
2026-05-20 10:35:00.000000000,1779244500000000000,8981,8984,8979,8982,1563,596976,597030
2026-05-20 10:36:00.000000000,1779244560000000000,8982,8984,8975,8977,2003,597030,596958
2026-05-20 10:37:00.000000000,1779244620000000000,8977,8978,8972,8976,1221,596958,597029
2026-05-20 10:38:00.000000000,1779244680000000000,8976,8976,8966,8969,1162,597029,597009
2026-05-20 10:39:00.000000000,1779244740000000000,8969,8969,8961,8969,1170,597009,596859
2026-05-20 10:40:00.000000000,1779244800000000000,8969,8975,8968,8969,875,596859,596863
2026-05-20 10:41:00.000000000,1779244860000000000,8969,8974,8965,8974,1288,596863,596868
2026-05-20 10:42:00.000000000,1779244920000000000,8974,8975,8967,8968,1037,596868,596562
2026-05-20 10:43:00.000000000,1779244980000000000,8968,8970,8965,8970,550,596562,596510
2026-05-20 10:44:00.000000000,1779245040000000000,8970,8975,8968,8972,1100,596510,596156
2026-05-20 10:45:00.000000000,1779245100000000000,8972,8972,8966,8970,1340,596156,595855
2026-05-20 10:46:00.000000000,1779245160000000000,8970,8974,8963,8963,1607,595855,595915
2026-05-20 10:47:00.000000000,1779245220000000000,8963,8963,8953,8958,2704,595915,595645
2026-05-20 10:48:00.000000000,1779245280000000000,8958,8964,8941,8944,2439,595645,595286
2026-05-20 10:49:00.000000000,1779245340000000000,8944,8945,8938,8943,1994,595286,594719
2026-05-20 10:50:00.000000000,1779245400000000000,8943,8952,8942,8942,1278,594719,594680
2026-05-20 10:51:00.000000000,1779245460000000000,8942,8947,8937,8944,1560,594680,594673
2026-05-20 10:52:00.000000000,1779245520000000000,8944,8948,8940,8943,1382,594673,594403
2026-05-20 10:53:00.000000000,1779245580000000000,8943,8948,8941,8944,961,594403,594315
2026-05-20 10:54:00.000000000,1779245640000000000,8944,8946,8926,8930,3539,594315,593467
2026-05-20 10:55:00.000000000,1779245700000000000,8930,8938,8928,8937,2191,593467,593019
2026-05-20 10:56:00.000000000,1779245760000000000,8937,8939,8928,8932,2014,593019,592702
2026-05-20 10:57:00.000000000,1779245820000000000,8932,8936,8928,8929,1496,592702,592302
2026-05-20 10:58:00.000000000,1779245880000000000,8929,8936,8924,8927,2132,592302,591540
2026-05-20 10:59:00.000000000,1779245940000000000,8927,8934,8924,8932,1807,591540,591268
2026-05-20 11:00:00.000000000,1779246000000000000,8932,8944,8931,8942,1961,591268,590981
2026-05-20 11:01:00.000000000,1779246060000000000,8942,8951,8939,8949,1720,590981,590992
2026-05-20 11:02:00.000000000,1779246120000000000,8949,8951,8941,8945,1142,590992,590901
2026-05-20 11:03:00.000000000,1779246180000000000,8945,8948,8941,8942,654,590901,590744
2026-05-20 11:04:00.000000000,1779246240000000000,8942,8942,8934,8936,1300,590744,590627
2026-05-20 11:05:00.000000000,1779246300000000000,8936,8949,8935,8949,988,590627,590527
2026-05-20 11:06:00.000000000,1779246360000000000,8949,8949,8942,8946,811,590527,590437
2026-05-20 11:07:00.000000000,1779246420000000000,8946,8948,8941,8941,623,590437,590545
2026-05-20 11:08:00.000000000,1779246480000000000,8941,8953,8940,8947,1788,590545,590435
2026-05-20 11:09:00.000000000,1779246540000000000,8947,8954,8946,8951,1536,590435,590263
2026-05-20 11:10:00.000000000,1779246600000000000,8951,8955,8949,8953,1002,590263,590158
2026-05-20 11:11:00.000000000,1779246660000000000,8953,8953,8946,8950,691,590158,590186
2026-05-20 11:12:00.000000000,1779246720000000000,8950,8954,8948,8948,556,590186,590200
2026-05-20 11:13:00.000000000,1779246780000000000,8948,8948,8940,8944,1012,590200,590011
2026-05-20 11:14:00.000000000,1779246840000000000,8944,8948,8944,8946,416,590011,589954
2026-05-20 11:15:00.000000000,1779246900000000000,8946,8949,8938,8938,860,589954,589944
2026-05-20 11:16:00.000000000,1779246960000000000,8938,8940,8936,8937,895,589944,590126
2026-05-20 11:17:00.000000000,1779247020000000000,8937,8938,8931,8938,989,590126,590066
2026-05-20 11:18:00.000000000,1779247080000000000,8938,8941,8933,8933,699,590066,590070
2026-05-20 11:19:00.000000000,1779247140000000000,8933,8943,8933,8941,585,590070,590124
2026-05-20 11:20:00.000000000,1779247200000000000,8941,8952,8941,8950,1083,590124,590041
2026-05-20 11:21:00.000000000,1779247260000000000,8950,8953,8946,8946,1127,590041,590086
2026-05-20 11:22:00.000000000,1779247320000000000,8946,8949,8945,8949,425,590086,590066
2026-05-20 11:23:00.000000000,1779247380000000000,8949,8949,8943,8946,298,590066,590039
2026-05-20 11:24:00.000000000,1779247440000000000,8946,8948,8940,8942,697,590039,589861
2026-05-20 11:25:00.000000000,1779247500000000000,8942,8948,8942,8948,293,589861,589809
2026-05-20 11:26:00.000000000,1779247560000000000,8948,8948,8941,8942,519,589809,589687
2026-05-20 11:27:00.000000000,1779247620000000000,8942,8944,8938,8943,729,589687,589675
2026-05-20 11:28:00.000000000,1779247680000000000,8943,8950,8943,8945,732,589675,589556
2026-05-20 11:29:00.000000000,1779247740000000000,8945,8948,8940,8941,928,589556,589184
2026-05-20 13:30:00.000000000,1779255000000000000,8938,8940,8918,8921,4225,589184,589246
2026-05-20 13:31:00.000000000,1779255060000000000,8921,8925,8914,8924,3235,589246,589228
2026-05-20 13:32:00.000000000,1779255120000000000,8924,8928,8922,8927,1273,589228,589108
2026-05-20 13:33:00.000000000,1779255180000000000,8927,8929,8925,8929,1072,589108,589063
2026-05-20 13:34:00.000000000,1779255240000000000,8929,8932,8922,8925,1503,589063,588986
2026-05-20 13:35:00.000000000,1779255300000000000,8925,8931,8922,8930,1915,588986,589218
2026-05-20 13:36:00.000000000,1779255360000000000,8930,8939,8930,8935,1675,589218,589145
2026-05-20 13:37:00.000000000,1779255420000000000,8935,8939,8926,8927,1110,589145,588990
2026-05-20 13:38:00.000000000,1779255480000000000,8927,8927,8923,8924,1123,588990,589229
2026-05-20 13:39:00.000000000,1779255540000000000,8924,8930,8923,8925,854,589229,589142
2026-05-20 13:40:00.000000000,1779255600000000000,8925,8928,8924,8928,410,589142,589172
2026-05-20 13:41:00.000000000,1779255660000000000,8928,8931,8925,8931,736,589172,589052
2026-05-20 13:42:00.000000000,1779255720000000000,8931,8931,8928,8930,632,589052,589094
2026-05-20 13:43:00.000000000,1779255780000000000,8930,8931,8928,8930,430,589094,589215
2026-05-20 13:44:00.000000000,1779255840000000000,8930,8930,8923,8923,932,589215,589126
2026-05-20 13:45:00.000000000,1779255900000000000,8923,8929,8923,8928,1564,589126,588649
2026-05-20 13:46:00.000000000,1779255960000000000,8928,8934,8927,8931,1242,588649,588443
2026-05-20 13:47:00.000000000,1779256020000000000,8931,8937,8928,8937,819,588443,588450
2026-05-20 13:48:00.000000000,1779256080000000000,8937,8950,8936,8948,2628,588450,588259
2026-05-20 13:49:00.000000000,1779256140000000000,8948,8953,8947,8952,1179,588259,588386
2026-05-20 13:50:00.000000000,1779256200000000000,8952,8955,8945,8955,1045,588386,588334
2026-05-20 13:51:00.000000000,1779256260000000000,8955,8958,8946,8951,1321,588334,588447
2026-05-20 13:52:00.000000000,1779256320000000000,8951,8955,8950,8951,1578,588447,588778
2026-05-20 13:53:00.000000000,1779256380000000000,8951,8953,8946,8949,1346,588778,588956
2026-05-20 13:54:00.000000000,1779256440000000000,8949,8954,8948,8950,1246,588956,589192
2026-05-20 13:55:00.000000000,1779256500000000000,8950,8954,8950,8952,993,589192,588958
2026-05-20 13:56:00.000000000,1779256560000000000,8952,8957,8944,8955,1625,588958,588738
2026-05-20 13:57:00.000000000,1779256620000000000,8955,8955,8949,8953,935,588738,588701
2026-05-20 13:58:00.000000000,1779256680000000000,8953,8955,8945,8947,794,588701,588796
2026-05-20 13:59:00.000000000,1779256740000000000,8947,8948,8944,8947,581,588796,588743
2026-05-20 14:00:00.000000000,1779256800000000000,8947,8949,8939,8939,988,588743,588581
2026-05-20 14:01:00.000000000,1779256860000000000,8939,8941,8932,8936,1389,588581,588459
2026-05-20 14:02:00.000000000,1779256920000000000,8936,8941,8935,8939,815,588459,588522
2026-05-20 14:03:00.000000000,1779256980000000000,8939,8940,8934,8936,722,588522,588449
2026-05-20 14:04:00.000000000,1779257040000000000,8936,8944,8935,8943,968,588449,588743
2026-05-20 14:05:00.000000000,1779257100000000000,8943,8952,8943,8952,1257,588743,588820
2026-05-20 14:06:00.000000000,1779257160000000000,8952,8958,8950,8957,1103,588820,588903
2026-05-20 14:07:00.000000000,1779257220000000000,8957,8966,8957,8962,2052,588903,589045
2026-05-20 14:08:00.000000000,1779257280000000000,8962,8965,8961,8964,884,589045,589224
2026-05-20 14:09:00.000000000,1779257340000000000,8964,8969,8964,8964,1364,589224,589360
2026-05-20 14:10:00.000000000,1779257400000000000,8964,8971,8962,8969,1014,589360,589570
2026-05-20 14:11:00.000000000,1779257460000000000,8969,8969,8960,8963,800,589570,589576
2026-05-20 14:12:00.000000000,1779257520000000000,8963,8971,8961,8969,994,589576,589770
2026-05-20 14:13:00.000000000,1779257580000000000,8969,8976,8969,8976,1775,589770,590259
2026-05-20 14:14:00.000000000,1779257640000000000,8976,8977,8970,8973,718,590259,590404
2026-05-20 14:15:00.000000000,1779257700000000000,8973,8973,8963,8968,1487,590404,590378
2026-05-20 14:16:00.000000000,1779257760000000000,8968,8969,8963,8963,1009,590378,590513
2026-05-20 14:17:00.000000000,1779257820000000000,8963,8964,8958,8960,1113,590513,590344
2026-05-20 14:18:00.000000000,1779257880000000000,8960,8968,8960,8964,1076,590344,590580
2026-05-20 14:19:00.000000000,1779257940000000000,8964,8964,8954,8954,950,590580,590687
2026-05-20 14:20:00.000000000,1779258000000000000,8954,8964,8954,8960,897,590687,590893
2026-05-20 14:21:00.000000000,1779258060000000000,8960,8960,8953,8955,1066,590893,591121
2026-05-20 14:22:00.000000000,1779258120000000000,8955,8962,8955,8957,1000,591121,591192
2026-05-20 14:23:00.000000000,1779258180000000000,8957,8957,8948,8949,1872,591192,591640
2026-05-20 14:24:00.000000000,1779258240000000000,8949,8950,8944,8948,1366,591640,591559
2026-05-20 14:25:00.000000000,1779258300000000000,8948,8948,8942,8947,858,591559,591610
2026-05-20 14:26:00.000000000,1779258360000000000,8947,8949,8940,8942,1008,591610,591627
2026-05-20 14:27:00.000000000,1779258420000000000,8942,8946,8940,8941,650,591627,591560
2026-05-20 14:28:00.000000000,1779258480000000000,8941,8944,8935,8942,1943,591560,591031
2026-05-20 14:29:00.000000000,1779258540000000000,8942,8948,8940,8947,1107,591031,590890
2026-05-20 14:30:00.000000000,1779258600000000000,8947,8950,8943,8949,885,590890,591008
2026-05-20 14:31:00.000000000,1779258660000000000,8949,8949,8940,8946,707,591008,590976
2026-05-20 14:32:00.000000000,1779258720000000000,8946,8948,8944,8946,934,590976,591011
2026-05-20 14:33:00.000000000,1779258780000000000,8946,8946,8943,8944,492,591011,591146
2026-05-20 14:34:00.000000000,1779258840000000000,8944,8945,8941,8945,698,591146,591079
2026-05-20 14:35:00.000000000,1779258900000000000,8945,8945,8943,8945,365,591079,590981
2026-05-20 14:36:00.000000000,1779258960000000000,8945,8948,8940,8940,808,590981,590925
2026-05-20 14:37:00.000000000,1779259020000000000,8940,8944,8939,8943,550,590925,590808
2026-05-20 14:38:00.000000000,1779259080000000000,8943,8945,8933,8935,1214,590808,590743
2026-05-20 14:39:00.000000000,1779259140000000000,8935,8936,8933,8934,733,590743,590589
2026-05-20 14:40:00.000000000,1779259200000000000,8934,8941,8934,8940,568,590589,590528
2026-05-20 14:41:00.000000000,1779259260000000000,8940,8941,8934,8935,478,590528,590452
2026-05-20 14:42:00.000000000,1779259320000000000,8935,8937,8933,8935,634,590452,590453
2026-05-20 14:43:00.000000000,1779259380000000000,8935,8936,8925,8928,1537,590453,589912
2026-05-20 14:44:00.000000000,1779259440000000000,8928,8929,8925,8925,1010,589912,589636
2026-05-20 14:45:00.000000000,1779259500000000000,8925,8927,8921,8923,1345,589636,589363
2026-05-20 14:46:00.000000000,1779259560000000000,8923,8932,8922,8932,1150,589363,589328
2026-05-20 14:47:00.000000000,1779259620000000000,8932,8937,8932,8936,928,589328,589335
2026-05-20 14:48:00.000000000,1779259680000000000,8936,8936,8930,8931,850,589335,589209
2026-05-20 14:49:00.000000000,1779259740000000000,8931,8931,8926,8929,586,589209,589167
2026-05-20 14:50:00.000000000,1779259800000000000,8929,8933,8929,8931,707,589167,589144
2026-05-20 14:51:00.000000000,1779259860000000000,8931,8932,8925,8926,1014,589144,588934
2026-05-20 14:52:00.000000000,1779259920000000000,8926,8926,8920,8921,2052,588934,588578
2026-05-20 14:53:00.000000000,1779259980000000000,8921,8924,8921,8923,803,588578,588330
2026-05-20 14:54:00.000000000,1779260040000000000,8923,8925,8921,8923,1067,588330,588226
2026-05-20 14:55:00.000000000,1779260100000000000,8923,8933,8923,8931,1117,588226,588114
2026-05-20 14:56:00.000000000,1779260160000000000,8931,8932,8928,8930,1079,588114,588107
2026-05-20 14:57:00.000000000,1779260220000000000,8930,8932,8928,8930,892,588107,587866
2026-05-20 14:58:00.000000000,1779260280000000000,8930,8930,8926,8927,774,587866,587605
2026-05-20 14:59:00.000000000,1779260340000000000,8927,8927,8920,8920,2599,587605,586679
2026-05-20 21:00:00.000000000,1779282000000000000,8896,8923,8890,8908,14244,586679,588753
2026-05-20 21:01:00.000000000,1779282060000000000,8908,8925,8902,8918,6332,588753,589671
2026-05-20 21:02:00.000000000,1779282120000000000,8918,8936,8918,8934,5104,589671,590579
2026-05-20 21:03:00.000000000,1779282180000000000,8934,8939,8925,8932,3699,590579,591346
2026-05-20 21:04:00.000000000,1779282240000000000,8932,8935,8922,8933,2443,591346,591649
2026-05-20 21:05:00.000000000,1779282300000000000,8933,8937,8927,8933,2315,591649,592393
2026-05-20 21:06:00.000000000,1779282360000000000,8933,8947,8929,8942,4062,592393,593379
2026-05-20 21:07:00.000000000,1779282420000000000,8942,8942,8934,8940,2090,593379,593701
2026-05-20 21:08:00.000000000,1779282480000000000,8940,8943,8931,8933,3735,593701,594696
2026-05-20 21:09:00.000000000,1779282540000000000,8933,8933,8924,8929,1952,594696,594639
2026-05-20 21:10:00.000000000,1779282600000000000,8929,8934,8928,8932,1895,594639,594861
2026-05-20 21:11:00.000000000,1779282660000000000,8932,8936,8929,8930,1338,594861,594803
2026-05-20 21:12:00.000000000,1779282720000000000,8930,8939,8928,8930,2360,594803,594891
2026-05-20 21:13:00.000000000,1779282780000000000,8930,8930,8920,8921,2259,594891,594791
2026-05-20 21:14:00.000000000,1779282840000000000,8921,8923,8917,8922,2411,594791,594844
2026-05-20 21:15:00.000000000,1779282900000000000,8922,8926,8918,8919,1627,594844,594993
2026-05-20 21:16:00.000000000,1779282960000000000,8919,8928,8919,8928,2454,594993,595293
2026-05-20 21:17:00.000000000,1779283020000000000,8928,8931,8925,8929,1571,595293,595402
2026-05-20 21:18:00.000000000,1779283080000000000,8929,8932,8926,8928,1957,595402,595236
2026-05-20 21:19:00.000000000,1779283140000000000,8928,8928,8923,8926,1300,595236,595301
2026-05-20 21:20:00.000000000,1779283200000000000,8926,8934,8924,8931,2365,595301,595116
2026-05-20 21:21:00.000000000,1779283260000000000,8931,8933,8927,8929,1761,595116,594922
2026-05-20 21:22:00.000000000,1779283320000000000,8929,8931,8925,8929,1559,594922,595036
2026-05-20 21:23:00.000000000,1779283380000000000,8929,8934,8927,8931,1991,595036,595158
2026-05-20 21:24:00.000000000,1779283440000000000,8931,8933,8925,8932,1278,595158,595199
2026-05-20 21:25:00.000000000,1779283500000000000,8932,8932,8922,8924,1189,595199,595252
2026-05-20 21:26:00.000000000,1779283560000000000,8924,8930,8923,8926,1574,595252,595557
2026-05-20 21:27:00.000000000,1779283620000000000,8926,8931,8922,8924,1671,595557,595581
2026-05-20 21:28:00.000000000,1779283680000000000,8924,8929,8921,8928,1511,595581,596014
2026-05-20 21:29:00.000000000,1779283740000000000,8928,8931,8925,8929,1091,596014,596214
2026-05-20 21:30:00.000000000,1779283800000000000,8929,8931,8926,8930,1070,596214,596209
2026-05-20 21:31:00.000000000,1779283860000000000,8930,8936,8926,8927,2354,596209,595727
2026-05-20 21:32:00.000000000,1779283920000000000,8927,8927,8920,8923,1967,595727,595295
2026-05-20 21:33:00.000000000,1779283980000000000,8923,8924,8921,8922,733,595295,595293
2026-05-20 21:34:00.000000000,1779284040000000000,8922,8923,8917,8919,1199,595293,595313
2026-05-20 21:35:00.000000000,1779284100000000000,8919,8926,8918,8926,814,595313,595403
2026-05-20 21:36:00.000000000,1779284160000000000,8926,8929,8922,8924,945,595403,595184
2026-05-20 21:37:00.000000000,1779284220000000000,8924,8930,8923,8927,1288,595184,594936
2026-05-20 21:38:00.000000000,1779284280000000000,8927,8927,8918,8924,998,594936,594883
2026-05-20 21:39:00.000000000,1779284340000000000,8924,8929,8922,8929,699,594883,594765
2026-05-20 21:40:00.000000000,1779284400000000000,8929,8929,8925,8925,591,594765,594654
2026-05-20 21:41:00.000000000,1779284460000000000,8925,8933,8924,8932,1578,594654,594703
2026-05-20 21:42:00.000000000,1779284520000000000,8932,8932,8926,8929,925,594703,594836
2026-05-20 21:43:00.000000000,1779284580000000000,8929,8930,8926,8928,656,594836,594889
2026-05-20 21:44:00.000000000,1779284640000000000,8928,8934,8925,8934,2278,594889,594763
2026-05-20 21:45:00.000000000,1779284700000000000,8934,8935,8926,8927,1007,594763,594703
2026-05-20 21:46:00.000000000,1779284760000000000,8927,8935,8927,8933,1448,594703,595053
2026-05-20 21:47:00.000000000,1779284820000000000,8933,8943,8933,8942,2381,595053,595174
2026-05-20 21:48:00.000000000,1779284880000000000,8942,8944,8938,8943,946,595174,595171
2026-05-20 21:49:00.000000000,1779284940000000000,8943,8943,8938,8941,683,595171,595160
2026-05-20 21:50:00.000000000,1779285000000000000,8941,8942,8936,8937,529,595160,595074
2026-05-20 21:51:00.000000000,1779285060000000000,8937,8942,8936,8937,806,595074,595278
2026-05-20 21:52:00.000000000,1779285120000000000,8937,8937,8929,8935,1086,595278,595288
2026-05-20 21:53:00.000000000,1779285180000000000,8935,8936,8931,8933,427,595288,595243
2026-05-20 21:54:00.000000000,1779285240000000000,8933,8938,8932,8938,399,595243,595172
2026-05-20 21:55:00.000000000,1779285300000000000,8938,8941,8936,8938,743,595172,595325
2026-05-20 21:56:00.000000000,1779285360000000000,8938,8941,8936,8941,410,595325,595364
2026-05-20 21:57:00.000000000,1779285420000000000,8941,8945,8939,8944,1182,595364,595582
2026-05-20 21:58:00.000000000,1779285480000000000,8944,8945,8939,8940,754,595582,595547
2026-05-20 21:59:00.000000000,1779285540000000000,8940,8944,8938,8944,573,595547,595633
2026-05-20 22:00:00.000000000,1779285600000000000,8944,8957,8942,8957,3712,595633,596741
2026-05-20 22:01:00.000000000,1779285660000000000,8957,8957,8952,8953,1406,596741,596825
2026-05-20 22:02:00.000000000,1779285720000000000,8953,8954,8947,8950,1605,596825,597087
2026-05-20 22:03:00.000000000,1779285780000000000,8950,8953,8949,8952,589,597087,597246
2026-05-20 22:04:00.000000000,1779285840000000000,8952,8959,8951,8958,1264,597246,597575
2026-05-20 22:05:00.000000000,1779285900000000000,8958,8968,8957,8966,2481,597575,597965
2026-05-20 22:06:00.000000000,1779285960000000000,8966,8969,8965,8967,1474,597965,598099
2026-05-20 22:07:00.000000000,1779286020000000000,8967,8967,8958,8960,1488,598099,597973
2026-05-20 22:08:00.000000000,1779286080000000000,8960,8960,8956,8958,638,597973,597902
2026-05-20 22:09:00.000000000,1779286140000000000,8958,8962,8954,8961,1580,597902,597862
2026-05-20 22:10:00.000000000,1779286200000000000,8961,8963,8958,8962,804,597862,597970
2026-05-20 22:11:00.000000000,1779286260000000000,8962,8966,8961,8964,1642,597970,598203
2026-05-20 22:12:00.000000000,1779286320000000000,8964,8965,8955,8955,914,598203,598364
2026-05-20 22:13:00.000000000,1779286380000000000,8955,8955,8949,8952,1625,598364,598335
2026-05-20 22:14:00.000000000,1779286440000000000,8952,8952,8932,8937,4794,598335,597946
2026-05-20 22:15:00.000000000,1779286500000000000,8937,8938,8930,8931,3541,597946,597724
2026-05-20 22:16:00.000000000,1779286560000000000,8931,8931,8898,8901,8595,597724,596469
2026-05-20 22:17:00.000000000,1779286620000000000,8901,8906,8888,8906,8330,596469,595330
2026-05-20 22:18:00.000000000,1779286680000000000,8906,8917,8905,8909,6616,595330,596149
2026-05-20 22:19:00.000000000,1779286740000000000,8909,8909,8892,8894,5520,596149,595571
2026-05-20 22:20:00.000000000,1779286800000000000,8894,8894,8883,8887,6360,595571,595203
2026-05-20 22:21:00.000000000,1779286860000000000,8887,8894,8887,8891,3514,595203,594807
2026-05-20 22:22:00.000000000,1779286920000000000,8891,8891,8882,8885,2905,594807,594332
2026-05-20 22:23:00.000000000,1779286980000000000,8885,8894,8876,8885,4736,594332,593627
2026-05-20 22:24:00.000000000,1779287040000000000,8885,8903,8881,8899,4469,593627,592881
2026-05-20 22:25:00.000000000,1779287100000000000,8899,8901,8894,8899,3423,592881,592516
2026-05-20 22:26:00.000000000,1779287160000000000,8899,8899,8887,8891,1441,592516,592372
2026-05-20 22:27:00.000000000,1779287220000000000,8891,8891,8885,8887,1549,592372,592319
2026-05-20 22:28:00.000000000,1779287280000000000,8887,8891,8883,8891,1866,592319,592155
2026-05-20 22:29:00.000000000,1779287340000000000,8891,8892,8884,8887,1961,592155,591820
2026-05-20 22:30:00.000000000,1779287400000000000,8887,8890,8878,8879,2152,591820,591717
2026-05-20 22:31:00.000000000,1779287460000000000,8879,8883,8863,8865,4309,591717,591494
2026-05-20 22:32:00.000000000,1779287520000000000,8865,8868,8856,8868,5454,591494,591463
2026-05-20 22:33:00.000000000,1779287580000000000,8868,8868,8858,8860,4581,591463,591604
2026-05-20 22:34:00.000000000,1779287640000000000,8860,8865,8858,8861,2736,591604,590888
2026-05-20 22:35:00.000000000,1779287700000000000,8861,8872,8859,8868,3576,590888,590259
2026-05-20 22:36:00.000000000,1779287760000000000,8868,8881,8868,8872,3404,590259,590452
2026-05-20 22:37:00.000000000,1779287820000000000,8872,8883,8871,8881,2315,590452,590541
2026-05-20 22:38:00.000000000,1779287880000000000,8881,8886,8878,8881,2574,590541,590782
2026-05-20 22:39:00.000000000,1779287940000000000,8881,8881,8874,8878,1523,590782,591008
2026-05-20 22:40:00.000000000,1779288000000000000,8878,8885,8877,8881,997,591008,591084
2026-05-20 22:41:00.000000000,1779288060000000000,8881,8888,8880,8888,1548,591084,591194
2026-05-20 22:42:00.000000000,1779288120000000000,8888,8901,8888,8900,3506,591194,591235
2026-05-20 22:43:00.000000000,1779288180000000000,8900,8901,8893,8894,1844,591235,591356
2026-05-20 22:44:00.000000000,1779288240000000000,8894,8895,8890,8891,862,591356,591338
2026-05-20 22:45:00.000000000,1779288300000000000,8891,8898,8885,8890,2419,591338,591086
2026-05-20 22:46:00.000000000,1779288360000000000,8890,8894,8884,8884,3023,591086,590767
2026-05-20 22:47:00.000000000,1779288420000000000,8884,8887,8884,8886,884,590767,590658
2026-05-20 22:48:00.000000000,1779288480000000000,8886,8887,8882,8884,745,590658,590627
2026-05-20 22:49:00.000000000,1779288540000000000,8884,8884,8880,8880,950,590627,590529
2026-05-20 22:50:00.000000000,1779288600000000000,8880,8884,8877,8884,1348,590529,590737
2026-05-20 22:51:00.000000000,1779288660000000000,8884,8887,8877,8879,1343,590737,590500
2026-05-20 22:52:00.000000000,1779288720000000000,8879,8884,8876,8884,1998,590500,590468
2026-05-20 22:53:00.000000000,1779288780000000000,8884,8887,8882,8884,1342,590468,589975
2026-05-20 22:54:00.000000000,1779288840000000000,8884,8887,8882,8884,1099,589975,589894
2026-05-20 22:55:00.000000000,1779288900000000000,8884,8890,8881,8884,2202,589894,589967
2026-05-20 22:56:00.000000000,1779288960000000000,8884,8886,8882,8883,1027,589967,589779
2026-05-20 22:57:00.000000000,1779289020000000000,8883,8887,8882,8887,884,589779,590139
2026-05-20 22:58:00.000000000,1779289080000000000,8887,8890,8885,8888,1411,590139,589712
2026-05-20 22:59:00.000000000,1779289140000000000,8888,8900,8887,8899,3509,589712,589734
2026-05-21 09:00:00.000000000,1779325200000000000,8870,8889,8868,8885,7486,589734,590245
2026-05-21 09:01:00.000000000,1779325260000000000,8885,8885,8868,8873,4118,590245,590267
2026-05-21 09:02:00.000000000,1779325320000000000,8873,8875,8864,8873,3045,590267,590133
2026-05-21 09:03:00.000000000,1779325380000000000,8873,8876,8867,8875,2213,590133,590159
2026-05-21 09:04:00.000000000,1779325440000000000,8875,8879,8871,8875,1814,590159,589998
2026-05-21 09:05:00.000000000,1779325500000000000,8875,8888,8874,8887,2441,589998,590063
2026-05-21 09:06:00.000000000,1779325560000000000,8887,8892,8885,8889,2137,590063,590097
2026-05-21 09:07:00.000000000,1779325620000000000,8889,8892,8886,8888,1379,590097,590015
2026-05-21 09:08:00.000000000,1779325680000000000,8888,8893,8885,8889,1402,590015,590385
2026-05-21 09:09:00.000000000,1779325740000000000,8889,8897,8887,8890,1823,590385,590802
2026-05-21 09:10:00.000000000,1779325800000000000,8890,8892,8883,8891,2005,590802,591447
2026-05-21 09:11:00.000000000,1779325860000000000,8891,8897,8888,8892,1751,591447,591670
2026-05-21 09:12:00.000000000,1779325920000000000,8892,8895,8888,8891,843,591670,591776
2026-05-21 09:13:00.000000000,1779325980000000000,8891,8892,8886,8890,893,591776,591706
2026-05-21 09:14:00.000000000,1779326040000000000,8890,8895,8890,8892,996,591706,591736
2026-05-21 09:15:00.000000000,1779326100000000000,8892,8898,8890,8897,1566,591736,592134
2026-05-21 09:16:00.000000000,1779326160000000000,8897,8907,8897,8904,3107,592134,592765
2026-05-21 09:17:00.000000000,1779326220000000000,8904,8906,8896,8896,1639,592765,592611
2026-05-21 09:18:00.000000000,1779326280000000000,8896,8898,8894,8897,1477,592611,592575
2026-05-21 09:19:00.000000000,1779326340000000000,8897,8901,8893,8899,1081,592575,592642
2026-05-21 09:20:00.000000000,1779326400000000000,8899,8908,8899,8905,2223,592642,592707
2026-05-21 09:21:00.000000000,1779326460000000000,8905,8911,8905,8910,1317,592707,592969
2026-05-21 09:22:00.000000000,1779326520000000000,8910,8913,8902,8905,1908,592969,592682
2026-05-21 09:23:00.000000000,1779326580000000000,8905,8906,8897,8902,1213,592682,592754
2026-05-21 09:24:00.000000000,1779326640000000000,8902,8909,8901,8902,1463,592754,592762
2026-05-21 09:25:00.000000000,1779326700000000000,8902,8906,8896,8899,1094,592762,592697
2026-05-21 09:26:00.000000000,1779326760000000000,8899,8901,8896,8898,696,592697,592862
2026-05-21 09:27:00.000000000,1779326820000000000,8898,8903,8894,8896,1039,592862,592870
2026-05-21 09:28:00.000000000,1779326880000000000,8896,8896,8887,8891,1791,592870,592425
2026-05-21 09:29:00.000000000,1779326940000000000,8891,8893,8885,8893,1202,592425,592568
2026-05-21 09:30:00.000000000,1779327000000000000,8893,8900,8892,8895,2127,592568,593112
2026-05-21 09:31:00.000000000,1779327060000000000,8895,8904,8895,8903,1529,593112,592815
2026-05-21 09:32:00.000000000,1779327120000000000,8903,8910,8903,8910,2647,592815,592494
2026-05-21 09:33:00.000000000,1779327180000000000,8910,8916,8906,8910,2224,592494,592343
2026-05-21 09:34:00.000000000,1779327240000000000,8910,8915,8909,8913,1039,592343,592387
2026-05-21 09:35:00.000000000,1779327300000000000,8913,8915,8902,8904,1484,592387,592284
2026-05-21 09:36:00.000000000,1779327360000000000,8904,8910,8903,8903,792,592284,592399
2026-05-21 09:37:00.000000000,1779327420000000000,8903,8905,8901,8905,658,592399,592345
2026-05-21 09:38:00.000000000,1779327480000000000,8905,8909,8898,8898,801,592345,592293
2026-05-21 09:39:00.000000000,1779327540000000000,8898,8907,8898,8905,972,592293,592482
2026-05-21 09:40:00.000000000,1779327600000000000,8905,8908,8903,8907,692,592482,592440
2026-05-21 09:41:00.000000000,1779327660000000000,8907,8910,8902,8906,1007,592440,592525
2026-05-21 09:42:00.000000000,1779327720000000000,8906,8906,8900,8904,622,592525,592455
2026-05-21 09:43:00.000000000,1779327780000000000,8904,8908,8902,8908,361,592455,592464
2026-05-21 09:44:00.000000000,1779327840000000000,8908,8911,8906,8908,689,592464,592568
2026-05-21 09:45:00.000000000,1779327900000000000,8908,8910,8901,8902,429,592568,592576
2026-05-21 09:46:00.000000000,1779327960000000000,8902,8902,8889,8890,1659,592576,592426
2026-05-21 09:47:00.000000000,1779328020000000000,8890,8892,8876,8881,3222,592426,591356
2026-05-21 09:48:00.000000000,1779328080000000000,8881,8884,8879,8882,1719,591356,591271
2026-05-21 09:49:00.000000000,1779328140000000000,8882,8888,8881,8888,1098,591271,591270
2026-05-21 09:50:00.000000000,1779328200000000000,8888,8893,8885,8889,1486,591270,590923
2026-05-21 09:51:00.000000000,1779328260000000000,8889,8890,8873,8875,1810,590923,591038
2026-05-21 09:52:00.000000000,1779328320000000000,8875,8875,8865,8867,3253,591038,590380
2026-05-21 09:53:00.000000000,1779328380000000000,8867,8870,8862,8863,1663,590380,590169
2026-05-21 09:54:00.000000000,1779328440000000000,8863,8866,8860,8866,2275,590169,590002
2026-05-21 09:55:00.000000000,1779328500000000000,8866,8866,8855,8857,1533,590002,589790
2026-05-21 09:56:00.000000000,1779328560000000000,8857,8860,8848,8859,3757,589790,589883
2026-05-21 09:57:00.000000000,1779328620000000000,8859,8864,8858,8864,1528,589883,590137
2026-05-21 09:58:00.000000000,1779328680000000000,8864,8871,8863,8870,1277,590137,590180
2026-05-21 09:59:00.000000000,1779328740000000000,8870,8871,8866,8871,1588,590180,589971
2026-05-21 10:00:00.000000000,1779328800000000000,8871,8878,8868,8872,1931,589971,589784
2026-05-21 10:01:00.000000000,1779328860000000000,8872,8875,8870,8874,612,589784,589834
2026-05-21 10:02:00.000000000,1779328920000000000,8874,8881,8873,8878,1155,589834,589702
2026-05-21 10:03:00.000000000,1779328980000000000,8878,8885,8878,8884,1241,589702,589492
2026-05-21 10:04:00.000000000,1779329040000000000,8884,8890,8881,8887,1190,589492,589626
2026-05-21 10:05:00.000000000,1779329100000000000,8887,8888,8883,8886,1033,589626,589778
2026-05-21 10:06:00.000000000,1779329160000000000,8886,8892,8885,8889,2091,589778,589857
2026-05-21 10:07:00.000000000,1779329220000000000,8889,8894,8888,8890,1723,589857,590301
2026-05-21 10:08:00.000000000,1779329280000000000,8890,8890,8880,8881,1441,590301,589636
2026-05-21 10:09:00.000000000,1779329340000000000,8881,8884,8875,8876,972,589636,589597
2026-05-21 10:10:00.000000000,1779329400000000000,8876,8880,8874,8874,831,589597,589461
2026-05-21 10:11:00.000000000,1779329460000000000,8874,8875,8869,8873,1380,589461,589498
2026-05-21 10:12:00.000000000,1779329520000000000,8873,8875,8868,8871,1343,589498,589576
2026-05-21 10:13:00.000000000,1779329580000000000,8871,8873,8869,8872,827,589576,589500
2026-05-21 10:14:00.000000000,1779329640000000000,8872,8879,8868,8879,1882,589500,589403
2026-05-21 10:30:00.000000000,1779330600000000000,8876,8891,8874,8881,2602,589403,589739
2026-05-21 10:31:00.000000000,1779330660000000000,8881,8882,8876,8882,1023,589739,590104
2026-05-21 10:32:00.000000000,1779330720000000000,8882,8889,8881,8888,890,590104,590162
2026-05-21 10:33:00.000000000,1779330780000000000,8888,8893,8885,8888,1055,590162,590374
2026-05-21 10:34:00.000000000,1779330840000000000,8888,8890,8884,8888,1056,590374,590157
2026-05-21 10:35:00.000000000,1779330900000000000,8888,8891,8879,8880,978,590157,590185
2026-05-21 10:36:00.000000000,1779330960000000000,8880,8881,8875,8876,1179,590185,590273
2026-05-21 10:37:00.000000000,1779331020000000000,8876,8879,8872,8878,1571,590273,590147
2026-05-21 10:38:00.000000000,1779331080000000000,8878,8881,8875,8880,1024,590147,590318
2026-05-21 10:39:00.000000000,1779331140000000000,8880,8892,8878,8892,934,590318,590588
2026-05-21 10:40:00.000000000,1779331200000000000,8892,8895,8889,8890,1095,590588,590862
2026-05-21 10:41:00.000000000,1779331260000000000,8890,8903,8889,8902,2488,590862,591407
2026-05-21 10:42:00.000000000,1779331320000000000,8902,8912,8902,8910,3757,591407,591404
2026-05-21 10:43:00.000000000,1779331380000000000,8910,8921,8910,8918,2862,591404,591840
2026-05-21 10:44:00.000000000,1779331440000000000,8918,8920,8913,8917,1814,591840,591839
2026-05-21 10:45:00.000000000,1779331500000000000,8917,8932,8917,8924,4139,591839,592706
2026-05-21 10:46:00.000000000,1779331560000000000,8924,8931,8923,8927,2325,592706,593193
2026-05-21 10:47:00.000000000,1779331620000000000,8927,8931,8923,8926,2145,593193,593819
2026-05-21 10:48:00.000000000,1779331680000000000,8926,8931,8925,8927,1686,593819,594249
2026-05-21 10:49:00.000000000,1779331740000000000,8927,8931,8923,8926,1618,594249,594615
2026-05-21 10:50:00.000000000,1779331800000000000,8926,8934,8926,8926,2491,594615,594777
2026-05-21 10:51:00.000000000,1779331860000000000,8926,8930,8923,8925,2430,594777,594363
2026-05-21 10:52:00.000000000,1779331920000000000,8925,8930,8924,8929,1662,594363,594586
2026-05-21 10:53:00.000000000,1779331980000000000,8929,8936,8929,8934,1947,594586,594645
2026-05-21 10:54:00.000000000,1779332040000000000,8934,8937,8933,8935,1833,594645,595092
2026-05-21 10:55:00.000000000,1779332100000000000,8935,8936,8928,8929,2279,595092,595191
2026-05-21 10:56:00.000000000,1779332160000000000,8929,8930,8920,8924,1627,595191,594927
2026-05-21 10:57:00.000000000,1779332220000000000,8924,8928,8921,8924,1060,594927,595032
2026-05-21 10:58:00.000000000,1779332280000000000,8924,8930,8922,8928,1214,595032,595201
2026-05-21 10:59:00.000000000,1779332340000000000,8928,8931,8927,8930,861,595201,595431
2026-05-21 11:00:00.000000000,1779332400000000000,8930,8939,8930,8939,2134,595431,595882
2026-05-21 11:01:00.000000000,1779332460000000000,8939,8942,8935,8938,2576,595882,596407
2026-05-21 11:02:00.000000000,1779332520000000000,8938,8945,8938,8944,1617,596407,596888
2026-05-21 11:03:00.000000000,1779332580000000000,8944,8945,8939,8940,1173,596888,597076
2026-05-21 11:04:00.000000000,1779332640000000000,8940,8942,8936,8937,832,597076,597175
2026-05-21 11:05:00.000000000,1779332700000000000,8937,8941,8937,8939,911,597175,597339
2026-05-21 11:06:00.000000000,1779332760000000000,8939,8949,8935,8947,1935,597339,597797
2026-05-21 11:07:00.000000000,1779332820000000000,8947,8951,8947,8948,2178,597797,597845
2026-05-21 11:08:00.000000000,1779332880000000000,8948,8952,8946,8950,2435,597845,598055
2026-05-21 11:09:00.000000000,1779332940000000000,8950,8953,8946,8947,1274,598055,598296
2026-05-21 11:10:00.000000000,1779333000000000000,8947,8949,8938,8940,1528,598296,598289
2026-05-21 11:11:00.000000000,1779333060000000000,8940,8941,8936,8937,1127,598289,598295
2026-05-21 11:12:00.000000000,1779333120000000000,8937,8942,8935,8942,2146,598295,599020
2026-05-21 11:13:00.000000000,1779333180000000000,8942,8945,8938,8943,2494,599020,599595
2026-05-21 11:14:00.000000000,1779333240000000000,8943,8943,8936,8937,559,599595,599596
2026-05-21 11:15:00.000000000,1779333300000000000,8937,8943,8937,8942,805,599596,599554
2026-05-21 11:16:00.000000000,1779333360000000000,8942,8945,8941,8943,1378,599554,599814
2026-05-21 11:17:00.000000000,1779333420000000000,8943,8950,8943,8945,755,599814,599816
2026-05-21 11:18:00.000000000,1779333480000000000,8945,8950,8944,8945,1019,599816,600112
2026-05-21 11:19:00.000000000,1779333540000000000,8945,8946,8937,8940,1320,600112,599780
2026-05-21 11:20:00.000000000,1779333600000000000,8940,8942,8932,8934,928,599780,599772
2026-05-21 11:21:00.000000000,1779333660000000000,8934,8941,8933,8940,701,599772,599888
2026-05-21 11:22:00.000000000,1779333720000000000,8940,8946,8938,8938,544,599888,599844
2026-05-21 11:23:00.000000000,1779333780000000000,8938,8940,8937,8939,531,599844,599951
2026-05-21 11:24:00.000000000,1779333840000000000,8939,8942,8939,8940,343,599951,599901
2026-05-21 11:25:00.000000000,1779333900000000000,8940,8941,8936,8940,563,599901,599963
2026-05-21 11:26:00.000000000,1779333960000000000,8940,8942,8936,8939,663,599963,599861
2026-05-21 11:27:00.000000000,1779334020000000000,8939,8939,8936,8938,518,599861,599770
2026-05-21 11:28:00.000000000,1779334080000000000,8938,8940,8936,8937,654,599770,599672
2026-05-21 11:29:00.000000000,1779334140000000000,8937,8942,8936,8941,790,599672,599433
2026-05-21 13:30:00.000000000,1779341400000000000,8941,8948,8940,8944,2459,599433,600174
2026-05-21 13:31:00.000000000,1779341460000000000,8944,8948,8944,8946,1009,600174,600359
2026-05-21 13:32:00.000000000,1779341520000000000,8946,8947,8934,8934,1555,600359,600359
2026-05-21 13:33:00.000000000,1779341580000000000,8934,8938,8933,8934,1135,600359,600396
2026-05-21 13:34:00.000000000,1779341640000000000,8934,8936,8930,8931,1404,600396,600232
2026-05-21 13:35:00.000000000,1779341700000000000,8931,8933,8926,8929,2060,600232,600348
2026-05-21 13:36:00.000000000,1779341760000000000,8929,8929,8923,8926,1127,600348,600429
2026-05-21 13:37:00.000000000,1779341820000000000,8926,8930,8925,8930,953,600429,600675
2026-05-21 13:38:00.000000000,1779341880000000000,8930,8937,8930,8931,1110,600675,600646
2026-05-21 13:39:00.000000000,1779341940000000000,8931,8931,8925,8926,1025,600646,600723
2026-05-21 13:40:00.000000000,1779342000000000000,8926,8926,8919,8923,1813,600723,600585
2026-05-21 13:41:00.000000000,1779342060000000000,8923,8929,8921,8922,1051,600585,600656
2026-05-21 13:42:00.000000000,1779342120000000000,8922,8924,8918,8920,1615,600656,600628
2026-05-21 13:43:00.000000000,1779342180000000000,8920,8921,8915,8918,1120,600628,600468
2026-05-21 13:44:00.000000000,1779342240000000000,8918,8925,8918,8920,1224,600468,600606
2026-05-21 13:45:00.000000000,1779342300000000000,8920,8921,8901,8901,3978,600606,599684
2026-05-21 13:46:00.000000000,1779342360000000000,8901,8906,8898,8901,2290,599684,599313
2026-05-21 13:47:00.000000000,1779342420000000000,8901,8911,8899,8907,3604,599313,598689
2026-05-21 13:48:00.000000000,1779342480000000000,8907,8913,8905,8909,1923,598689,598256
2026-05-21 13:49:00.000000000,1779342540000000000,8909,8911,8904,8905,1873,598256,598198
2026-05-21 13:50:00.000000000,1779342600000000000,8905,8909,8902,8908,1277,598198,598055
2026-05-21 13:51:00.000000000,1779342660000000000,8908,8909,8903,8903,1117,598055,597978
2026-05-21 13:52:00.000000000,1779342720000000000,8903,8905,8894,8894,2477,597978,598140
2026-05-21 13:53:00.000000000,1779342780000000000,8894,8895,8890,8892,1401,598140,597845
2026-05-21 13:54:00.000000000,1779342840000000000,8892,8894,8887,8893,1887,597845,597569
2026-05-21 13:55:00.000000000,1779342900000000000,8893,8898,8877,8878,2991,597569,597089
2026-05-21 13:56:00.000000000,1779342960000000000,8878,8878,8867,8873,5286,597089,596282
2026-05-21 13:57:00.000000000,1779343020000000000,8873,8873,8859,8866,5086,596282,596228
2026-05-21 13:58:00.000000000,1779343080000000000,8866,8880,8863,8878,4037,596228,596302
2026-05-21 13:59:00.000000000,1779343140000000000,8878,8880,8873,8878,1752,596302,596303
2026-05-21 14:00:00.000000000,1779343200000000000,8878,8886,8877,8881,2377,596303,596331
2026-05-21 14:01:00.000000000,1779343260000000000,8881,8892,8880,8887,2984,596331,595732
2026-05-21 14:02:00.000000000,1779343320000000000,8887,8892,8887,8891,1677,595732,595936
2026-05-21 14:03:00.000000000,1779343380000000000,8891,8894,8890,8891,1633,595936,596098
2026-05-21 14:04:00.000000000,1779343440000000000,8891,8898,8890,8894,2234,596098,595855
2026-05-21 14:05:00.000000000,1779343500000000000,8894,8894,8884,8887,2102,595855,595722
2026-05-21 14:06:00.000000000,1779343560000000000,8887,8887,8880,8884,1431,595722,595662
2026-05-21 14:07:00.000000000,1779343620000000000,8884,8885,8879,8883,1328,595662,595466
2026-05-21 14:08:00.000000000,1779343680000000000,8883,8887,8880,8881,1150,595466,595501
2026-05-21 14:09:00.000000000,1779343740000000000,8881,8890,8880,8885,1011,595501,595465
2026-05-21 14:10:00.000000000,1779343800000000000,8885,8893,8883,8890,1221,595465,595329
2026-05-21 14:11:00.000000000,1779343860000000000,8890,8897,8890,8891,1231,595329,595124
2026-05-21 14:12:00.000000000,1779343920000000000,8891,8894,8887,8893,885,595124,594849
2026-05-21 14:13:00.000000000,1779343980000000000,8893,8894,8889,8889,696,594849,594873
2026-05-21 14:14:00.000000000,1779344040000000000,8889,8893,8884,8885,678,594873,594899
2026-05-21 14:15:00.000000000,1779344100000000000,8885,8888,8884,8887,1088,594899,595029
2026-05-21 14:16:00.000000000,1779344160000000000,8887,8889,8882,8882,514,595029,594945
2026-05-21 14:17:00.000000000,1779344220000000000,8882,8886,8880,8884,760,594945,594876
2026-05-21 14:18:00.000000000,1779344280000000000,8884,8886,8883,8885,571,594876,594841
2026-05-21 14:19:00.000000000,1779344340000000000,8885,8886,8878,8879,1351,594841,594895
2026-05-21 14:20:00.000000000,1779344400000000000,8879,8883,8875,8880,1216,594895,594863
2026-05-21 14:21:00.000000000,1779344460000000000,8880,8883,8868,8869,2907,594863,594312
2026-05-21 14:22:00.000000000,1779344520000000000,8869,8874,8863,8871,2419,594312,593850
2026-05-21 14:23:00.000000000,1779344580000000000,8871,8872,8866,8872,2040,593850,593498
2026-05-21 14:24:00.000000000,1779344640000000000,8872,8885,8871,8880,3103,593498,594399
2026-05-21 14:25:00.000000000,1779344700000000000,8880,8880,8871,8873,1422,594399,594419
2026-05-21 14:26:00.000000000,1779344760000000000,8873,8878,8870,8871,1423,594419,594267
2026-05-21 14:27:00.000000000,1779344820000000000,8871,8876,8870,8871,2061,594267,594587
2026-05-21 14:28:00.000000000,1779344880000000000,8871,8877,8868,8876,1168,594587,594593
2026-05-21 14:29:00.000000000,1779344940000000000,8876,8883,8876,8880,977,594593,594584
2026-05-21 14:30:00.000000000,1779345000000000000,8880,8882,8877,8880,1666,594584,594540
2026-05-21 14:31:00.000000000,1779345060000000000,8880,8884,8880,8881,1318,594540,594276
2026-05-21 14:32:00.000000000,1779345120000000000,8881,8888,8881,8887,1570,594276,594166
2026-05-21 14:33:00.000000000,1779345180000000000,8887,8891,8885,8890,1550,594166,594052
2026-05-21 14:34:00.000000000,1779345240000000000,8890,8891,8883,8884,971,594052,593898
2026-05-21 14:35:00.000000000,1779345300000000000,8884,8890,8883,8887,724,593898,593835
2026-05-21 14:36:00.000000000,1779345360000000000,8887,8895,8885,8894,1447,593835,593621
2026-05-21 14:37:00.000000000,1779345420000000000,8894,8896,8885,8890,1179,593621,593706
2026-05-21 14:38:00.000000000,1779345480000000000,8890,8894,8886,8888,1506,593706,593578
2026-05-21 14:39:00.000000000,1779345540000000000,8888,8889,8882,8888,1384,593578,593633
2026-05-21 14:40:00.000000000,1779345600000000000,8888,8889,8882,8885,814,593633,593508
2026-05-21 14:41:00.000000000,1779345660000000000,8885,8890,8883,8885,1084,593508,593778
2026-05-21 14:42:00.000000000,1779345720000000000,8885,8887,8882,8882,880,593778,593705
2026-05-21 14:43:00.000000000,1779345780000000000,8882,8883,8876,8877,1251,593705,593411
2026-05-21 14:44:00.000000000,1779345840000000000,8877,8878,8872,8872,1323,593411,593222
2026-05-21 14:45:00.000000000,1779345900000000000,8872,8881,8872,8881,1028,593222,593191
2026-05-21 14:46:00.000000000,1779345960000000000,8881,8886,8880,8884,797,593191,593119
2026-05-21 14:47:00.000000000,1779346020000000000,8884,8899,8884,8898,2040,593119,593102
2026-05-21 14:48:00.000000000,1779346080000000000,8898,8903,8896,8900,2628,593102,593452
2026-05-21 14:49:00.000000000,1779346140000000000,8900,8901,8888,8889,1320,593452,593317
2026-05-21 14:50:00.000000000,1779346200000000000,8889,8889,8884,8886,1101,593317,593009
2026-05-21 14:51:00.000000000,1779346260000000000,8886,8890,8883,8888,731,593009,592976
2026-05-21 14:52:00.000000000,1779346320000000000,8888,8893,8888,8890,689,592976,592836
2026-05-21 14:53:00.000000000,1779346380000000000,8890,8890,8887,8888,787,592836,592729
2026-05-21 14:54:00.000000000,1779346440000000000,8888,8891,8885,8887,836,592729,592513
2026-05-21 14:55:00.000000000,1779346500000000000,8887,8891,8887,8889,614,592513,592360
2026-05-21 14:56:00.000000000,1779346560000000000,8889,8891,8887,8889,1028,592360,592196
2026-05-21 14:57:00.000000000,1779346620000000000,8889,8894,8888,8890,1001,592196,591829
2026-05-21 14:58:00.000000000,1779346680000000000,8890,8892,8888,8891,1390,591829,591668
2026-05-21 14:59:00.000000000,1779346740000000000,8891,8893,8886,8890,2513,591668,591252
2026-05-21 21:00:00.000000000,1779368400000000000,8942,8958,8929,8944,17277,591252,592227
2026-05-21 21:01:00.000000000,1779368460000000000,8944,8944,8928,8935,6529,592227,593240
2026-05-21 21:02:00.000000000,1779368520000000000,8935,8936,8919,8921,5123,593240,593317
2026-05-21 21:03:00.000000000,1779368580000000000,8921,8926,8911,8924,4392,593317,593318
2026-05-21 21:04:00.000000000,1779368640000000000,8924,8930,8920,8926,3706,593318,593120
2026-05-21 21:05:00.000000000,1779368700000000000,8926,8927,8919,8919,2439,593120,593295
2026-05-21 21:06:00.000000000,1779368760000000000,8919,8933,8918,8928,2590,593295,593368
2026-05-21 21:07:00.000000000,1779368820000000000,8928,8928,8920,8922,1942,593368,593344
2026-05-21 21:08:00.000000000,1779368880000000000,8922,8933,8916,8932,2665,593344,593269
2026-05-21 21:09:00.000000000,1779368940000000000,8932,8932,8924,8927,2981,593269,592884
2026-05-21 21:10:00.000000000,1779369000000000000,8927,8939,8926,8935,3175,592884,592876
2026-05-21 21:11:00.000000000,1779369060000000000,8935,8945,8930,8943,4001,592876,592956
2026-05-21 21:12:00.000000000,1779369120000000000,8943,8943,8935,8940,2463,592956,593228
2026-05-21 21:13:00.000000000,1779369180000000000,8940,8946,8934,8946,2581,593228,593796
2026-05-21 21:14:00.000000000,1779369240000000000,8946,8947,8941,8945,1920,593796,594062
2026-05-21 21:15:00.000000000,1779369300000000000,8945,8951,8941,8949,3764,594062,594400
2026-05-21 21:16:00.000000000,1779369360000000000,8949,8949,8937,8937,1973,594400,594431
2026-05-21 21:17:00.000000000,1779369420000000000,8937,8938,8926,8926,2523,594431,594161
2026-05-21 21:18:00.000000000,1779369480000000000,8926,8930,8923,8927,2525,594161,594099
2026-05-21 21:19:00.000000000,1779369540000000000,8927,8934,8927,8930,1521,594099,594185
2026-05-21 21:20:00.000000000,1779369600000000000,8930,8931,8916,8917,2529,594185,593563
2026-05-21 21:21:00.000000000,1779369660000000000,8917,8924,8917,8917,2395,593563,593752
2026-05-21 21:22:00.000000000,1779369720000000000,8917,8925,8915,8924,2405,593752,593509
2026-05-21 21:23:00.000000000,1779369780000000000,8924,8925,8918,8920,1455,593509,593348
2026-05-21 21:24:00.000000000,1779369840000000000,8920,8941,8920,8937,2571,593348,593476
2026-05-21 21:25:00.000000000,1779369900000000000,8937,8939,8935,8938,1775,593476,593678
2026-05-21 21:26:00.000000000,1779369960000000000,8938,8938,8929,8933,1517,593678,593816
2026-05-21 21:27:00.000000000,1779370020000000000,8933,8934,8929,8934,1033,593816,593762
2026-05-21 21:28:00.000000000,1779370080000000000,8934,8934,8927,8927,1484,593762,593740
2026-05-21 21:29:00.000000000,1779370140000000000,8927,8927,8915,8915,2784,593740,593813
2026-05-21 21:30:00.000000000,1779370200000000000,8915,8915,8909,8913,3303,593813,593504
2026-05-21 21:31:00.000000000,1779370260000000000,8913,8921,8911,8920,2308,593504,593207
2026-05-21 21:32:00.000000000,1779370320000000000,8920,8924,8917,8923,1635,593207,593047
2026-05-21 21:33:00.000000000,1779370380000000000,8923,8930,8919,8928,2321,593047,592573
2026-05-21 21:34:00.000000000,1779370440000000000,8928,8929,8920,8922,1799,592573,592465
2026-05-21 21:35:00.000000000,1779370500000000000,8922,8922,8917,8921,1877,592465,592188
2026-05-21 21:36:00.000000000,1779370560000000000,8921,8921,8916,8918,1179,592188,592113
2026-05-21 21:37:00.000000000,1779370620000000000,8918,8924,8915,8918,1086,592113,591884
2026-05-21 21:38:00.000000000,1779370680000000000,8918,8920,8910,8919,1874,591884,591985
2026-05-21 21:39:00.000000000,1779370740000000000,8919,8920,8916,8918,778,591985,591978
2026-05-21 21:40:00.000000000,1779370800000000000,8918,8919,8910,8914,1572,591978,592023
2026-05-21 21:41:00.000000000,1779370860000000000,8914,8915,8906,8907,1396,592023,591940
2026-05-21 21:42:00.000000000,1779370920000000000,8907,8910,8904,8907,2243,591940,592091
2026-05-21 21:43:00.000000000,1779370980000000000,8907,8908,8904,8905,1523,592091,592045
2026-05-21 21:44:00.000000000,1779371040000000000,8905,8910,8895,8900,3028,592045,591961
2026-05-21 21:45:00.000000000,1779371100000000000,8900,8901,8889,8891,2765,591961,591279
2026-05-21 21:46:00.000000000,1779371160000000000,8891,8892,8873,8880,7895,591279,592515
2026-05-21 21:47:00.000000000,1779371220000000000,8880,8887,8879,8884,2946,592515,592452
2026-05-21 21:48:00.000000000,1779371280000000000,8884,8889,8883,8884,2115,592452,592468
2026-05-21 21:49:00.000000000,1779371340000000000,8884,8892,8883,8890,1474,592468,592254
2026-05-21 21:50:00.000000000,1779371400000000000,8890,8897,8890,8893,1903,592254,592201
2026-05-21 21:51:00.000000000,1779371460000000000,8893,8898,8892,8892,2306,592201,592425
2026-05-21 21:52:00.000000000,1779371520000000000,8892,8892,8871,8874,4851,592425,592116
2026-05-21 21:53:00.000000000,1779371580000000000,8874,8878,8866,8873,3743,592116,591601
2026-05-21 21:54:00.000000000,1779371640000000000,8873,8879,8869,8870,3456,591601,591333
2026-05-21 21:55:00.000000000,1779371700000000000,8870,8870,8853,8862,6547,591333,591770
2026-05-21 21:56:00.000000000,1779371760000000000,8862,8868,8860,8866,3466,591770,592063
2026-05-21 21:57:00.000000000,1779371820000000000,8866,8876,8861,8875,3185,592063,592284
2026-05-21 21:58:00.000000000,1779371880000000000,8875,8875,8869,8873,1649,592284,592356
2026-05-21 21:59:00.000000000,1779371940000000000,8873,8873,8866,8868,1127,592356,592333
2026-05-21 22:00:00.000000000,1779372000000000000,8868,8873,8866,8869,1443,592333,592031
2026-05-21 22:01:00.000000000,1779372060000000000,8869,8871,8864,8867,1655,592031,591860
2026-05-21 22:02:00.000000000,1779372120000000000,8867,8875,8867,8873,1289,591860,591856
2026-05-21 22:03:00.000000000,1779372180000000000,8873,8878,8872,8876,1603,591856,591795
2026-05-21 22:04:00.000000000,1779372240000000000,8876,8884,8875,8882,1697,591795,591591
2026-05-21 22:05:00.000000000,1779372300000000000,8882,8885,8878,8883,1314,591591,591355
2026-05-21 22:06:00.000000000,1779372360000000000,8883,8889,8881,8882,2380,591355,590992
2026-05-21 22:07:00.000000000,1779372420000000000,8882,8882,8878,8882,1403,590992,590768
2026-05-21 22:08:00.000000000,1779372480000000000,8882,8882,8878,8878,1142,590768,590663
2026-05-21 22:09:00.000000000,1779372540000000000,8878,8879,8874,8877,923,590663,590638
2026-05-21 22:10:00.000000000,1779372600000000000,8877,8881,8871,8873,1463,590638,590484
2026-05-21 22:11:00.000000000,1779372660000000000,8873,8877,8872,8877,873,590484,590468
2026-05-21 22:12:00.000000000,1779372720000000000,8877,8877,8873,8874,603,590468,590627
2026-05-21 22:13:00.000000000,1779372780000000000,8874,8882,8874,8880,1259,590627,590322
2026-05-21 22:14:00.000000000,1779372840000000000,8880,8881,8872,8874,1869,590322,589979
2026-05-21 22:15:00.000000000,1779372900000000000,8874,8878,8872,8877,1121,589979,590072
2026-05-21 22:16:00.000000000,1779372960000000000,8877,8882,8875,8875,929,590072,590052
2026-05-21 22:17:00.000000000,1779373020000000000,8875,8875,8867,8870,1873,590052,590008
2026-05-21 22:18:00.000000000,1779373080000000000,8870,8870,8859,8861,2348,590008,589430
2026-05-21 22:19:00.000000000,1779373140000000000,8861,8864,8860,8863,1712,589430,589235
2026-05-21 22:20:00.000000000,1779373200000000000,8863,8865,8858,8861,1568,589235,589337
2026-05-21 22:21:00.000000000,1779373260000000000,8861,8865,8861,8862,1588,589337,588970
2026-05-21 22:22:00.000000000,1779373320000000000,8862,8864,8857,8858,1806,588970,589210
2026-05-21 22:23:00.000000000,1779373380000000000,8858,8862,8857,8861,1276,589210,589268
2026-05-21 22:24:00.000000000,1779373440000000000,8861,8863,8854,8856,1804,589268,589061
2026-05-21 22:25:00.000000000,1779373500000000000,8856,8861,8855,8856,1678,589061,588984
2026-05-21 22:26:00.000000000,1779373560000000000,8856,8859,8854,8857,1197,588984,589219
2026-05-21 22:27:00.000000000,1779373620000000000,8857,8861,8850,8858,1961,589219,589037
2026-05-21 22:28:00.000000000,1779373680000000000,8858,8867,8857,8861,1748,589037,588724
2026-05-21 22:29:00.000000000,1779373740000000000,8861,8862,8859,8861,979,588724,588755
2026-05-21 22:30:00.000000000,1779373800000000000,8861,8866,8861,8865,1340,588755,588807
2026-05-21 22:31:00.000000000,1779373860000000000,8865,8866,8851,8853,1921,588807,588377
2026-05-21 22:32:00.000000000,1779373920000000000,8853,8859,8851,8857,2067,588377,587864
2026-05-21 22:33:00.000000000,1779373980000000000,8857,8862,8856,8862,865,587864,587777
2026-05-21 22:34:00.000000000,1779374040000000000,8862,8865,8857,8860,1669,587777,588175
2026-05-21 22:35:00.000000000,1779374100000000000,8860,8861,8858,8860,673,588175,587925
2026-05-21 22:36:00.000000000,1779374160000000000,8860,8867,8858,8865,1313,587925,587603
2026-05-21 22:37:00.000000000,1779374220000000000,8865,8871,8863,8864,1347,587603,587355
2026-05-21 22:38:00.000000000,1779374280000000000,8864,8869,8864,8866,866,587355,587337
2026-05-21 22:39:00.000000000,1779374340000000000,8866,8868,8865,8868,473,587337,587282
2026-05-21 22:40:00.000000000,1779374400000000000,8868,8874,8867,8874,1045,587282,587260
2026-05-21 22:41:00.000000000,1779374460000000000,8874,8877,8873,8875,1664,587260,587008
2026-05-21 22:42:00.000000000,1779374520000000000,8875,8878,8871,8872,1516,587008,586953
2026-05-21 22:43:00.000000000,1779374580000000000,8872,8874,8870,8874,975,586953,586739
2026-05-21 22:44:00.000000000,1779374640000000000,8874,8879,8874,8877,984,586739,586639
2026-05-21 22:45:00.000000000,1779374700000000000,8877,8878,8871,8871,1441,586639,586657
2026-05-21 22:46:00.000000000,1779374760000000000,8871,8872,8865,8868,1937,586657,586416
2026-05-21 22:47:00.000000000,1779374820000000000,8868,8874,8867,8874,460,586416,586318
2026-05-21 22:48:00.000000000,1779374880000000000,8874,8875,8871,8874,692,586318,586369
2026-05-21 22:49:00.000000000,1779374940000000000,8874,8875,8870,8872,886,586369,586180
2026-05-21 22:50:00.000000000,1779375000000000000,8872,8874,8871,8871,689,586180,586012
2026-05-21 22:51:00.000000000,1779375060000000000,8871,8872,8866,8868,1002,586012,585978
2026-05-21 22:52:00.000000000,1779375120000000000,8868,8873,8868,8871,595,585978,585795
2026-05-21 22:53:00.000000000,1779375180000000000,8871,8875,8870,8874,848,585795,585667
2026-05-21 22:54:00.000000000,1779375240000000000,8874,8874,8867,8869,734,585667,585561
2026-05-21 22:55:00.000000000,1779375300000000000,8869,8875,8869,8874,988,585561,585252
2026-05-21 22:56:00.000000000,1779375360000000000,8874,8876,8872,8875,784,585252,584902
2026-05-21 22:57:00.000000000,1779375420000000000,8875,8876,8874,8876,376,584902,584757
2026-05-21 22:58:00.000000000,1779375480000000000,8876,8876,8870,8871,1185,584757,584122
2026-05-21 22:59:00.000000000,1779375540000000000,8871,8874,8869,8871,1558,584122,583336
2026-05-22 09:00:00.000000000,1779411600000000000,8842,8842,8822,8830,12751,583336,582653
2026-05-22 09:01:00.000000000,1779411660000000000,8830,8837,8821,8835,6244,582653,582048
2026-05-22 09:02:00.000000000,1779411720000000000,8835,8847,8832,8847,3917,582048,581913
2026-05-22 09:03:00.000000000,1779411780000000000,8847,8852,8843,8850,3735,581913,582285
2026-05-22 09:04:00.000000000,1779411840000000000,8850,8860,8850,8852,3375,582285,582530
2026-05-22 09:05:00.000000000,1779411900000000000,8852,8862,8852,8855,2770,582530,582175
2026-05-22 09:06:00.000000000,1779411960000000000,8855,8859,8852,8855,1513,582175,582511
2026-05-22 09:07:00.000000000,1779412020000000000,8855,8858,8846,8848,1831,582511,582637
2026-05-22 09:08:00.000000000,1779412080000000000,8848,8849,8843,8844,1324,582637,582685
2026-05-22 09:09:00.000000000,1779412140000000000,8844,8852,8840,8840,2311,582685,583332
2026-05-22 09:10:00.000000000,1779412200000000000,8840,8842,8834,8841,2749,583332,583640
2026-05-22 09:11:00.000000000,1779412260000000000,8841,8845,8838,8840,1418,583640,583654
2026-05-22 09:12:00.000000000,1779412320000000000,8840,8841,8835,8836,1783,583654,583542
2026-05-22 09:13:00.000000000,1779412380000000000,8836,8844,8836,8837,1167,583542,583343
2026-05-22 09:14:00.000000000,1779412440000000000,8837,8838,8825,8828,2626,583343,583256
2026-05-22 09:15:00.000000000,1779412500000000000,8828,8828,8816,8816,3472,583256,583134
2026-05-22 09:16:00.000000000,1779412560000000000,8816,8816,8790,8795,9663,583134,582840
2026-05-22 09:17:00.000000000,1779412620000000000,8795,8796,8785,8790,8031,582840,581230
2026-05-22 09:18:00.000000000,1779412680000000000,8790,8796,8782,8787,3957,581230,581078
2026-05-22 09:19:00.000000000,1779412740000000000,8787,8791,8780,8782,3802,581078,580759
2026-05-22 09:20:00.000000000,1779412800000000000,8782,8785,8777,8782,2796,580759,580425
2026-05-22 09:21:00.000000000,1779412860000000000,8782,8787,8775,8781,5804,580425,580501
2026-05-22 09:22:00.000000000,1779412920000000000,8781,8798,8781,8788,6265,580501,579888
2026-05-22 09:23:00.000000000,1779412980000000000,8788,8790,8781,8782,3126,579888,579662
2026-05-22 09:24:00.000000000,1779413040000000000,8782,8783,8765,8770,5953,579662,578349
2026-05-22 09:25:00.000000000,1779413100000000000,8770,8776,8764,8771,4142,578349,577759
2026-05-22 09:26:00.000000000,1779413160000000000,8771,8777,8765,8777,3994,577759,577956
2026-05-22 09:27:00.000000000,1779413220000000000,8777,8786,8777,8784,2462,577956,577157
2026-05-22 09:28:00.000000000,1779413280000000000,8784,8784,8777,8779,1919,577157,577375
2026-05-22 09:29:00.000000000,1779413340000000000,8779,8782,8772,8775,1593,577375,577327
2026-05-22 09:30:00.000000000,1779413400000000000,8775,8783,8763,8763,4675,577327,577649
2026-05-22 09:31:00.000000000,1779413460000000000,8763,8767,8757,8761,4429,577649,577199
2026-05-22 09:32:00.000000000,1779413520000000000,8761,8765,8746,8753,4687,577199,576747
2026-05-22 09:33:00.000000000,1779413580000000000,8753,8759,8753,8755,2471,576747,575928
2026-05-22 09:34:00.000000000,1779413640000000000,8755,8763,8754,8758,3308,575928,575395
2026-05-22 09:35:00.000000000,1779413700000000000,8758,8758,8749,8751,2675,575395,575352
2026-05-22 09:36:00.000000000,1779413760000000000,8751,8754,8748,8754,1569,575352,575267
2026-05-22 09:37:00.000000000,1779413820000000000,8754,8754,8743,8750,2781,575267,575365
2026-05-22 09:38:00.000000000,1779413880000000000,8750,8750,8741,8744,1433,575365,575487
2026-05-22 09:39:00.000000000,1779413940000000000,8744,8745,8725,8725,5997,575487,575898
2026-05-22 09:40:00.000000000,1779414000000000000,8725,8731,8720,8723,4554,575898,575493
2026-05-22 09:41:00.000000000,1779414060000000000,8723,8729,8717,8719,4159,575493,575720
2026-05-22 09:42:00.000000000,1779414120000000000,8719,8731,8718,8729,3831,575720,575140
2026-05-22 09:43:00.000000000,1779414180000000000,8729,8729,8722,8723,2666,575140,575278
2026-05-22 09:44:00.000000000,1779414240000000000,8723,8727,8709,8711,4589,575278,575123
2026-05-22 09:45:00.000000000,1779414300000000000,8711,8715,8705,8710,3639,575123,574672
2026-05-22 09:46:00.000000000,1779414360000000000,8710,8710,8698,8702,5550,574672,574364
2026-05-22 09:47:00.000000000,1779414420000000000,8702,8702,8685,8687,6007,574364,573203
2026-05-22 09:48:00.000000000,1779414480000000000,8687,8692,8685,8692,3862,573203,573463
2026-05-22 09:49:00.000000000,1779414540000000000,8692,8700,8691,8699,2900,573463,573252
2026-05-22 09:50:00.000000000,1779414600000000000,8699,8722,8698,8722,5589,573252,573365
2026-05-22 09:51:00.000000000,1779414660000000000,8722,8734,8722,8729,6501,573365,573603
2026-05-22 09:52:00.000000000,1779414720000000000,8729,8733,8726,8730,3032,573603,573618
2026-05-22 09:53:00.000000000,1779414780000000000,8730,8731,8725,8731,1765,573618,573658
2026-05-22 09:54:00.000000000,1779414840000000000,8731,8733,8726,8730,1108,573658,573539
2026-05-22 09:55:00.000000000,1779414900000000000,8730,8748,8728,8741,3175,573539,573793
2026-05-22 09:56:00.000000000,1779414960000000000,8741,8745,8733,8738,2761,573793,573898
2026-05-22 09:57:00.000000000,1779415020000000000,8738,8744,8734,8742,2169,573898,573973
2026-05-22 09:58:00.000000000,1779415080000000000,8742,8744,8736,8744,1575,573973,573763
2026-05-22 09:59:00.000000000,1779415140000000000,8744,8748,8730,8730,3517,573763,574165
2026-05-22 10:00:00.000000000,1779415200000000000,8730,8731,8717,8717,3713,574165,574421
2026-05-22 10:01:00.000000000,1779415260000000000,8717,8718,8710,8717,2318,574421,574438
2026-05-22 10:02:00.000000000,1779415320000000000,8717,8723,8717,8722,1370,574438,574233
2026-05-22 10:03:00.000000000,1779415380000000000,8722,8726,8715,8725,1274,574233,574156
2026-05-22 10:04:00.000000000,1779415440000000000,8725,8726,8720,8720,666,574156,574075
2026-05-22 10:05:00.000000000,1779415500000000000,8720,8736,8720,8732,1364,574075,573997
2026-05-22 10:06:00.000000000,1779415560000000000,8732,8734,8728,8733,910,573997,574014
2026-05-22 10:07:00.000000000,1779415620000000000,8733,8736,8731,8734,900,574014,573840
2026-05-22 10:08:00.000000000,1779415680000000000,8734,8736,8725,8725,1025,573840,573864
2026-05-22 10:09:00.000000000,1779415740000000000,8725,8732,8722,8730,1055,573864,573629
2026-05-22 10:10:00.000000000,1779415800000000000,8730,8736,8729,8733,852,573629,573543
2026-05-22 10:11:00.000000000,1779415860000000000,8733,8733,8729,8733,837,573543,573447
2026-05-22 10:12:00.000000000,1779415920000000000,8733,8743,8730,8741,1417,573447,573357
2026-05-22 10:13:00.000000000,1779415980000000000,8741,8743,8737,8741,1854,573357,573201
2026-05-22 10:14:00.000000000,1779416040000000000,8741,8749,8740,8748,2747,573201,572830
2026-05-22 10:30:00.000000000,1779417000000000000,8747,8749,8728,8735,3759,572830,573213
2026-05-22 10:31:00.000000000,1779417060000000000,8735,8735,8726,8726,4238,573213,574248
2026-05-22 10:32:00.000000000,1779417120000000000,8726,8733,8725,8728,2221,574248,574365
2026-05-22 10:33:00.000000000,1779417180000000000,8728,8740,8722,8737,2730,574365,574544
2026-05-22 10:34:00.000000000,1779417240000000000,8737,8738,8733,8735,2118,574544,575073
2026-05-22 10:35:00.000000000,1779417300000000000,8735,8742,8730,8739,2738,575073,575848
2026-05-22 10:36:00.000000000,1779417360000000000,8739,8749,8735,8744,3548,575848,576289
2026-05-22 10:37:00.000000000,1779417420000000000,8744,8752,8741,8747,3965,576289,577481
2026-05-22 10:38:00.000000000,1779417480000000000,8747,8755,8746,8755,3474,577481,578596
2026-05-22 10:39:00.000000000,1779417540000000000,8755,8756,8744,8747,1665,578596,578887
2026-05-22 10:40:00.000000000,1779417600000000000,8747,8749,8740,8747,1833,578887,578583
2026-05-22 10:41:00.000000000,1779417660000000000,8747,8747,8722,8724,2435,578583,578729
2026-05-22 10:42:00.000000000,1779417720000000000,8724,8725,8712,8719,3219,578729,578850
2026-05-22 10:43:00.000000000,1779417780000000000,8719,8719,8714,8714,1380,578850,578910
2026-05-22 10:44:00.000000000,1779417840000000000,8714,8715,8708,8712,2626,578910,579100
2026-05-22 10:45:00.000000000,1779417900000000000,8712,8716,8708,8712,1992,579100,579572
2026-05-22 10:46:00.000000000,1779417960000000000,8712,8719,8709,8713,1984,579572,579807
2026-05-22 10:47:00.000000000,1779418020000000000,8713,8717,8711,8714,1193,579807,579975
2026-05-22 10:48:00.000000000,1779418080000000000,8714,8733,8714,8733,2744,579975,580499
2026-05-22 10:49:00.000000000,1779418140000000000,8733,8737,8728,8736,2165,580499,580757
2026-05-22 10:50:00.000000000,1779418200000000000,8736,8739,8730,8730,1323,580757,580562
2026-05-22 10:51:00.000000000,1779418260000000000,8730,8730,8719,8728,1823,580562,580233
2026-05-22 10:52:00.000000000,1779418320000000000,8728,8742,8726,8740,2579,580233,580917
2026-05-22 10:53:00.000000000,1779418380000000000,8740,8745,8737,8740,1468,580917,581054
2026-05-22 10:54:00.000000000,1779418440000000000,8740,8743,8733,8733,1558,581054,581150
2026-05-22 10:55:00.000000000,1779418500000000000,8733,8737,8728,8730,1127,581150,581281
2026-05-22 10:56:00.000000000,1779418560000000000,8730,8739,8729,8729,1444,581281,581442
2026-05-22 10:57:00.000000000,1779418620000000000,8729,8737,8728,8730,1159,581442,581719
2026-05-22 10:58:00.000000000,1779418680000000000,8730,8732,8725,8731,1010,581719,581694
2026-05-22 10:59:00.000000000,1779418740000000000,8731,8738,8730,8736,818,581694,581682
2026-05-22 11:00:00.000000000,1779418800000000000,8736,8745,8735,8741,2409,581682,581912
2026-05-22 11:01:00.000000000,1779418860000000000,8741,8743,8734,8734,1930,581912,582107
2026-05-22 11:02:00.000000000,1779418920000000000,8734,8737,8731,8735,1877,582107,581962
2026-05-22 11:03:00.000000000,1779418980000000000,8735,8741,8731,8740,1751,581962,582087
2026-05-22 11:04:00.000000000,1779419040000000000,8740,8742,8736,8736,874,582087,582120
2026-05-22 11:05:00.000000000,1779419100000000000,8736,8748,8735,8748,2050,582120,582417
2026-05-22 11:06:00.000000000,1779419160000000000,8748,8752,8745,8747,1792,582417,582369
2026-05-22 11:07:00.000000000,1779419220000000000,8747,8749,8740,8742,1619,582369,582595
2026-05-22 11:08:00.000000000,1779419280000000000,8742,8744,8736,8736,1608,582595,582577
2026-05-22 11:09:00.000000000,1779419340000000000,8736,8738,8729,8734,1593,582577,582398
2026-05-22 11:10:00.000000000,1779419400000000000,8734,8743,8734,8736,1041,582398,582458
2026-05-22 11:11:00.000000000,1779419460000000000,8736,8740,8733,8738,1147,582458,582651
2026-05-22 11:12:00.000000000,1779419520000000000,8738,8743,8738,8741,1118,582651,582648
2026-05-22 11:13:00.000000000,1779419580000000000,8741,8759,8741,8758,2859,582648,582801
2026-05-22 11:14:00.000000000,1779419640000000000,8758,8765,8750,8752,3779,582801,582353
2026-05-22 11:15:00.000000000,1779419700000000000,8752,8756,8742,8743,2703,582353,582106
2026-05-22 11:16:00.000000000,1779419760000000000,8743,8744,8739,8742,1608,582106,581680
2026-05-22 11:17:00.000000000,1779419820000000000,8742,8747,8740,8743,1085,581680,581772
2026-05-22 11:18:00.000000000,1779419880000000000,8743,8750,8739,8750,1424,581772,581867
2026-05-22 11:19:00.000000000,1779419940000000000,8750,8760,8750,8753,2050,581867,582474
2026-05-22 11:20:00.000000000,1779420000000000000,8753,8759,8749,8758,1133,582474,582724
2026-05-22 11:21:00.000000000,1779420060000000000,8758,8762,8757,8757,1198,582724,582644
2026-05-22 11:22:00.000000000,1779420120000000000,8757,8770,8757,8768,2531,582644,583022
2026-05-22 11:23:00.000000000,1779420180000000000,8768,8785,8767,8785,3889,583022,583468
2026-05-22 11:24:00.000000000,1779420240000000000,8785,8790,8778,8780,2775,583468,583644
2026-05-22 11:25:00.000000000,1779420300000000000,8780,8783,8772,8775,2793,583644,582916
2026-05-22 11:26:00.000000000,1779420360000000000,8775,8775,8770,8774,1437,582916,582907
2026-05-22 11:27:00.000000000,1779420420000000000,8774,8777,8769,8770,1947,582907,582538
2026-05-22 11:28:00.000000000,1779420480000000000,8770,8775,8769,8770,2183,582538,582013
2026-05-22 11:29:00.000000000,1779420540000000000,8770,8774,8770,8774,1248,582013,581761
2026-05-22 13:30:00.000000000,1779427800000000000,8780,8780,8762,8768,4272,581761,581496
2026-05-22 13:31:00.000000000,1779427860000000000,8768,8768,8757,8760,2923,581496,581201
2026-05-22 13:32:00.000000000,1779427920000000000,8760,8766,8757,8760,1550,581201,581033
2026-05-22 13:33:00.000000000,1779427980000000000,8760,8766,8758,8763,1238,581033,581170
2026-05-22 13:34:00.000000000,1779428040000000000,8763,8772,8762,8770,1652,581170,581458
2026-05-22 13:35:00.000000000,1779428100000000000,8770,8771,8764,8771,993,581458,581361
2026-05-22 13:36:00.000000000,1779428160000000000,8771,8771,8766,8769,1148,581361,581254
2026-05-22 13:37:00.000000000,1779428220000000000,8769,8769,8759,8761,1074,581254,581095
2026-05-22 13:38:00.000000000,1779428280000000000,8761,8761,8756,8759,1086,581095,581119
2026-05-22 13:39:00.000000000,1779428340000000000,8759,8760,8750,8755,1079,581119,580988
2026-05-22 13:40:00.000000000,1779428400000000000,8755,8756,8751,8753,881,580988,581100
2026-05-22 13:41:00.000000000,1779428460000000000,8753,8753,8747,8748,1166,581100,581235
2026-05-22 13:42:00.000000000,1779428520000000000,8748,8752,8745,8752,1352,581235,581401
2026-05-22 13:43:00.000000000,1779428580000000000,8752,8757,8752,8753,799,581401,581482
2026-05-22 13:44:00.000000000,1779428640000000000,8753,8763,8753,8763,1076,581482,581728
2026-05-22 13:45:00.000000000,1779428700000000000,8763,8765,8758,8765,740,581728,581944
2026-05-22 13:46:00.000000000,1779428760000000000,8765,8766,8758,8761,906,581944,582033
2026-05-22 13:47:00.000000000,1779428820000000000,8761,8765,8761,8764,619,582033,582102
2026-05-22 13:48:00.000000000,1779428880000000000,8764,8779,8764,8779,1907,582102,582343
2026-05-22 13:49:00.000000000,1779428940000000000,8779,8784,8778,8780,2001,582343,582814
2026-05-22 13:50:00.000000000,1779429000000000000,8780,8786,8777,8782,1879,582814,582832
2026-05-22 13:51:00.000000000,1779429060000000000,8782,8787,8777,8787,2511,582832,582535
2026-05-22 13:52:00.000000000,1779429120000000000,8787,8795,8786,8791,3022,582535,583492
2026-05-22 13:53:00.000000000,1779429180000000000,8791,8800,8791,8800,3352,583492,584042
2026-05-22 13:54:00.000000000,1779429240000000000,8800,8813,8800,8807,4709,584042,584578
2026-05-22 13:55:00.000000000,1779429300000000000,8807,8808,8799,8800,2907,584578,585277
2026-05-22 13:56:00.000000000,1779429360000000000,8800,8807,8800,8802,1956,585277,585706
2026-05-22 13:57:00.000000000,1779429420000000000,8802,8817,8802,8817,2077,585706,586005
2026-05-22 13:58:00.000000000,1779429480000000000,8817,8825,8816,8824,3637,586005,586693
2026-05-22 13:59:00.000000000,1779429540000000000,8824,8825,8818,8821,2355,586693,586711
2026-05-22 14:00:00.000000000,1779429600000000000,8821,8832,8815,8832,4345,586711,586817
2026-05-22 14:01:00.000000000,1779429660000000000,8832,8838,8826,8826,4244,586817,586282
2026-05-22 14:02:00.000000000,1779429720000000000,8826,8828,8822,8826,1844,586282,586535
2026-05-22 14:03:00.000000000,1779429780000000000,8826,8827,8814,8818,2528,586535,586047
2026-05-22 14:04:00.000000000,1779429840000000000,8818,8824,8817,8819,1938,586047,586054
2026-05-22 14:05:00.000000000,1779429900000000000,8819,8823,8817,8820,1218,586054,586282
2026-05-22 14:06:00.000000000,1779429960000000000,8820,8825,8816,8824,1963,586282,586562
2026-05-22 14:07:00.000000000,1779430020000000000,8824,8827,8821,8821,1046,586562,586715
2026-05-22 14:08:00.000000000,1779430080000000000,8821,8827,8817,8817,1050,586715,586840
2026-05-22 14:09:00.000000000,1779430140000000000,8817,8819,8815,8816,1670,586840,586994
2026-05-22 14:10:00.000000000,1779430200000000000,8816,8824,8816,8820,2517,586994,586879
2026-05-22 14:11:00.000000000,1779430260000000000,8820,8821,8816,8819,1054,586879,586769
2026-05-22 14:12:00.000000000,1779430320000000000,8819,8838,8819,8835,3261,586769,586971
2026-05-22 14:13:00.000000000,1779430380000000000,8835,8835,8827,8829,2329,586971,587567
2026-05-22 14:14:00.000000000,1779430440000000000,8829,8829,8822,8825,1229,587567,587538
2026-05-22 14:15:00.000000000,1779430500000000000,8825,8825,8811,8812,2420,587538,587301
2026-05-22 14:16:00.000000000,1779430560000000000,8812,8814,8808,8810,2006,587301,586891
2026-05-22 14:17:00.000000000,1779430620000000000,8810,8813,8806,8811,1603,586891,586930
2026-05-22 14:18:00.000000000,1779430680000000000,8811,8813,8809,8813,966,586930,586836
2026-05-22 14:19:00.000000000,1779430740000000000,8813,8813,8808,8811,1246,586836,586944
2026-05-22 14:20:00.000000000,1779430800000000000,8811,8812,8802,8804,1765,586944,586519
2026-05-22 14:21:00.000000000,1779430860000000000,8804,8807,8803,8805,898,586519,586467
2026-05-22 14:22:00.000000000,1779430920000000000,8805,8805,8800,8804,1357,586467,586395
2026-05-22 14:23:00.000000000,1779430980000000000,8804,8812,8802,8812,1150,586395,586652
2026-05-22 14:24:00.000000000,1779431040000000000,8812,8812,8804,8806,1054,586652,586743
2026-05-22 14:25:00.000000000,1779431100000000000,8806,8808,8801,8801,1395,586743,586943
2026-05-22 14:26:00.000000000,1779431160000000000,8801,8803,8796,8797,1504,586943,586919
2026-05-22 14:27:00.000000000,1779431220000000000,8797,8797,8790,8791,1868,586919,586627
2026-05-22 14:28:00.000000000,1779431280000000000,8791,8795,8790,8795,921,586627,586465
2026-05-22 14:29:00.000000000,1779431340000000000,8795,8798,8794,8795,662,586465,586360
2026-05-22 14:30:00.000000000,1779431400000000000,8795,8806,8792,8802,1351,586360,586266
2026-05-22 14:31:00.000000000,1779431460000000000,8802,8805,8799,8803,990,586266,586390
2026-05-22 14:32:00.000000000,1779431520000000000,8803,8803,8799,8802,478,586390,586396
2026-05-22 14:33:00.000000000,1779431580000000000,8802,8810,8802,8807,1688,586396,586218
2026-05-22 14:34:00.000000000,1779431640000000000,8807,8809,8805,8807,590,586218,586272
2026-05-22 14:35:00.000000000,1779431700000000000,8807,8808,8803,8803,522,586272,586248
2026-05-22 14:36:00.000000000,1779431760000000000,8803,8807,8802,8805,409,586248,586307
2026-05-22 14:37:00.000000000,1779431820000000000,8805,8806,8802,8802,265,586307,586381
2026-05-22 14:38:00.000000000,1779431880000000000,8802,8805,8802,8804,675,586381,586426
2026-05-22 14:39:00.000000000,1779431940000000000,8804,8809,8803,8808,764,586426,586539
2026-05-22 14:40:00.000000000,1779432000000000000,8808,8809,8803,8805,511,586539,586455
2026-05-22 14:41:00.000000000,1779432060000000000,8805,8807,8797,8797,703,586455,586379
2026-05-22 14:42:00.000000000,1779432120000000000,8797,8801,8797,8798,615,586379,586488
2026-05-22 14:43:00.000000000,1779432180000000000,8798,8801,8797,8797,640,586488,586592
2026-05-22 14:44:00.000000000,1779432240000000000,8797,8802,8795,8802,1288,586592,586750
2026-05-22 14:45:00.000000000,1779432300000000000,8802,8814,8800,8813,1940,586750,586821
2026-05-22 14:46:00.000000000,1779432360000000000,8813,8813,8806,8808,1063,586821,587016
2026-05-22 14:47:00.000000000,1779432420000000000,8808,8811,8806,8811,493,587016,587077
2026-05-22 14:48:00.000000000,1779432480000000000,8811,8811,8807,8808,583,587077,587147
2026-05-22 14:49:00.000000000,1779432540000000000,8808,8809,8806,8808,664,587147,587211
2026-05-22 14:50:00.000000000,1779432600000000000,8808,8809,8798,8807,1892,587211,587230
2026-05-22 14:51:00.000000000,1779432660000000000,8807,8807,8799,8799,1102,587230,587179
2026-05-22 14:52:00.000000000,1779432720000000000,8799,8806,8797,8805,1302,587179,587104
2026-05-22 14:53:00.000000000,1779432780000000000,8805,8807,8803,8804,1023,587104,587164
2026-05-22 14:54:00.000000000,1779432840000000000,8804,8806,8802,8805,794,587164,586999
2026-05-22 14:55:00.000000000,1779432900000000000,8805,8805,8797,8798,1726,586999,586639
2026-05-22 14:56:00.000000000,1779432960000000000,8798,8800,8794,8798,1908,586639,586173
2026-05-22 14:57:00.000000000,1779433020000000000,8798,8800,8796,8796,1471,586173,586040
2026-05-22 14:58:00.000000000,1779433080000000000,8796,8800,8796,8798,1952,586040,585595
2026-05-22 14:59:00.000000000,1779433140000000000,8798,8800,8791,8792,2540,585595,584584
2026-05-22 21:00:00.000000000,1779454800000000000,8736,8764,8729,8753,16747,584584,583077
2026-05-22 21:01:00.000000000,1779454860000000000,8753,8757,8745,8756,5675,583077,582854
2026-05-22 21:02:00.000000000,1779454920000000000,8756,8768,8756,8764,6811,582854,582884
2026-05-22 21:03:00.000000000,1779454980000000000,8764,8775,8752,8752,5429,582884,582467
2026-05-22 21:04:00.000000000,1779455040000000000,8752,8779,8750,8776,5062,582467,582739
2026-05-22 21:05:00.000000000,1779455100000000000,8776,8810,8775,8805,15793,582739,581654
2026-05-22 21:06:00.000000000,1779455160000000000,8805,8807,8792,8795,3992,581654,581787
2026-05-22 21:07:00.000000000,1779455220000000000,8795,8797,8785,8790,3471,581787,581892
2026-05-22 21:08:00.000000000,1779455280000000000,8790,8794,8784,8784,2569,581892,581809
2026-05-22 21:09:00.000000000,1779455340000000000,8784,8792,8777,8780,4926,581809,582861
2026-05-22 21:10:00.000000000,1779455400000000000,8780,8788,8773,8775,5303,582861,583600
2026-05-22 21:11:00.000000000,1779455460000000000,8775,8779,8769,8777,3121,583600,584150
2026-05-22 21:12:00.000000000,1779455520000000000,8777,8781,8771,8773,2737,584150,584460
2026-05-22 21:13:00.000000000,1779455580000000000,8773,8782,8766,8782,3920,584460,585186
2026-05-22 21:14:00.000000000,1779455640000000000,8782,8787,8780,8782,3548,585186,585654
2026-05-22 21:15:00.000000000,1779455700000000000,8782,8788,8777,8779,2484,585654,585806
2026-05-22 21:16:00.000000000,1779455760000000000,8779,8782,8775,8776,1640,585806,585864
2026-05-22 21:17:00.000000000,1779455820000000000,8776,8783,8775,8782,1208,585864,585889
2026-05-22 21:18:00.000000000,1779455880000000000,8782,8788,8777,8788,1496,585889,586249
2026-05-22 21:19:00.000000000,1779455940000000000,8788,8795,8783,8785,3454,586249,586857
2026-05-22 21:20:00.000000000,1779456000000000000,8785,8786,8781,8786,1010,586857,587160
2026-05-22 21:21:00.000000000,1779456060000000000,8786,8787,8777,8779,2059,587160,587365
2026-05-22 21:22:00.000000000,1779456120000000000,8779,8786,8778,8780,1774,587365,587429
2026-05-22 21:23:00.000000000,1779456180000000000,8780,8782,8775,8782,1141,587429,587210
2026-05-22 21:24:00.000000000,1779456240000000000,8782,8782,8776,8781,1322,587210,587433
2026-05-22 21:25:00.000000000,1779456300000000000,8781,8786,8780,8786,880,587433,587596
2026-05-22 21:26:00.000000000,1779456360000000000,8786,8790,8782,8783,1453,587596,587830
2026-05-22 21:27:00.000000000,1779456420000000000,8783,8790,8782,8786,1446,587830,588096
2026-05-22 21:28:00.000000000,1779456480000000000,8786,8791,8786,8786,791,588096,588040
2026-05-22 21:29:00.000000000,1779456540000000000,8786,8794,8786,8794,1042,588040,588121
2026-05-22 21:30:00.000000000,1779456600000000000,8794,8803,8794,8800,3653,588121,588295
2026-05-22 21:31:00.000000000,1779456660000000000,8800,8813,8800,8805,3701,588295,588182
2026-05-22 21:32:00.000000000,1779456720000000000,8805,8805,8799,8801,1963,588182,588287
2026-05-22 21:33:00.000000000,1779456780000000000,8801,8817,8795,8816,3482,588287,588162
2026-05-22 21:34:00.000000000,1779456840000000000,8816,8819,8810,8813,2465,588162,588044
2026-05-22 21:35:00.000000000,1779456900000000000,8813,8815,8810,8813,1477,588044,588071
2026-05-22 21:36:00.000000000,1779456960000000000,8813,8821,8813,8814,2358,588071,588354
2026-05-22 21:37:00.000000000,1779457020000000000,8814,8815,8809,8813,1732,588354,588295
2026-05-22 21:38:00.000000000,1779457080000000000,8813,8814,8802,8804,2533,588295,588539
2026-05-22 21:39:00.000000000,1779457140000000000,8804,8812,8804,8809,935,588539,588671
2026-05-22 21:40:00.000000000,1779457200000000000,8809,8820,8806,8818,2121,588671,588846
2026-05-22 21:41:00.000000000,1779457260000000000,8818,8822,8816,8818,1868,588846,588946
2026-05-22 21:42:00.000000000,1779457320000000000,8818,8825,8812,8822,2419,588946,589061
2026-05-22 21:43:00.000000000,1779457380000000000,8822,8828,8821,8823,2391,589061,589332
2026-05-22 21:44:00.000000000,1779457440000000000,8823,8826,8821,8824,1502,589332,589512
2026-05-22 21:45:00.000000000,1779457500000000000,8824,8831,8821,8830,1907,589512,589893
2026-05-22 21:46:00.000000000,1779457560000000000,8830,8835,8826,8828,2624,589893,589892
2026-05-22 21:47:00.000000000,1779457620000000000,8828,8846,8828,8841,4655,589892,590639
2026-05-22 21:48:00.000000000,1779457680000000000,8841,8859,8839,8857,6205,590639,591096
2026-05-22 21:49:00.000000000,1779457740000000000,8857,8860,8853,8859,3199,591096,591302
2026-05-22 21:50:00.000000000,1779457800000000000,8859,8866,8856,8856,4247,591302,591503
2026-05-22 21:51:00.000000000,1779457860000000000,8856,8861,8853,8855,2448,591503,592123
2026-05-22 21:52:00.000000000,1779457920000000000,8855,8866,8855,8861,2666,592123,592547
2026-05-22 21:53:00.000000000,1779457980000000000,8861,8867,8858,8858,2610,592547,592914
2026-05-22 21:54:00.000000000,1779458040000000000,8858,8858,8849,8850,2089,592914,593185
2026-05-22 21:55:00.000000000,1779458100000000000,8850,8854,8840,8844,3105,593185,593076
2026-05-22 21:56:00.000000000,1779458160000000000,8844,8846,8842,8846,1021,593076,593176
2026-05-22 21:57:00.000000000,1779458220000000000,8846,8849,8840,8842,1244,593176,593249
2026-05-22 21:58:00.000000000,1779458280000000000,8842,8848,8840,8840,2602,593249,593753
2026-05-22 21:59:00.000000000,1779458340000000000,8840,8845,8840,8841,967,593753,593608
2026-05-22 22:00:00.000000000,1779458400000000000,8841,8850,8841,8846,1573,593608,593653
2026-05-22 22:01:00.000000000,1779458460000000000,8846,8853,8843,8851,2113,593653,593597
2026-05-22 22:02:00.000000000,1779458520000000000,8851,8852,8845,8850,1070,593597,593570
2026-05-22 22:03:00.000000000,1779458580000000000,8850,8850,8843,8844,875,593570,593613
2026-05-22 22:04:00.000000000,1779458640000000000,8844,8846,8843,8845,689,593613,593629
2026-05-22 22:05:00.000000000,1779458700000000000,8845,8849,8845,8846,822,593629,593748
2026-05-22 22:06:00.000000000,1779458760000000000,8846,8854,8845,8847,1113,593748,593673
2026-05-22 22:07:00.000000000,1779458820000000000,8847,8848,8844,8845,567,593673,593665
2026-05-22 22:08:00.000000000,1779458880000000000,8845,8849,8842,8845,1102,593665,593682
2026-05-22 22:09:00.000000000,1779458940000000000,8845,8847,8840,8841,1050,593682,593660
2026-05-22 22:10:00.000000000,1779459000000000000,8841,8842,8836,8840,1389,593660,593606
2026-05-22 22:11:00.000000000,1779459060000000000,8840,8843,8835,8839,1389,593606,593568
2026-05-22 22:12:00.000000000,1779459120000000000,8839,8843,8835,8842,2091,593568,594466
2026-05-22 22:13:00.000000000,1779459180000000000,8842,8857,8842,8854,2546,594466,594506
2026-05-22 22:14:00.000000000,1779459240000000000,8854,8855,8850,8852,848,594506,594554
2026-05-22 22:15:00.000000000,1779459300000000000,8852,8852,8842,8845,1097,594554,594423
2026-05-22 22:16:00.000000000,1779459360000000000,8845,8850,8844,8847,890,594423,594505
2026-05-22 22:17:00.000000000,1779459420000000000,8847,8848,8842,8844,691,594505,594468
2026-05-22 22:18:00.000000000,1779459480000000000,8844,8847,8843,8846,552,594468,594513
2026-05-22 22:19:00.000000000,1779459540000000000,8846,8846,8840,8840,742,594513,594476
2026-05-22 22:20:00.000000000,1779459600000000000,8840,8844,8840,8844,600,594476,594380
2026-05-22 22:21:00.000000000,1779459660000000000,8844,8847,8842,8843,611,594380,594415
2026-05-22 22:22:00.000000000,1779459720000000000,8843,8844,8839,8842,1138,594415,594393
2026-05-22 22:23:00.000000000,1779459780000000000,8842,8845,8839,8841,996,594393,594092
2026-05-22 22:24:00.000000000,1779459840000000000,8841,8843,8839,8840,484,594092,593954
2026-05-22 22:25:00.000000000,1779459900000000000,8840,8842,8839,8840,348,593954,593854
2026-05-22 22:26:00.000000000,1779459960000000000,8840,8841,8837,8838,1104,593854,593558
2026-05-22 22:27:00.000000000,1779460020000000000,8838,8842,8837,8841,392,593558,593598
2026-05-22 22:28:00.000000000,1779460080000000000,8841,8844,8838,8840,871,593598,593694
2026-05-22 22:29:00.000000000,1779460140000000000,8840,8849,8839,8847,971,593694,593817
2026-05-22 22:30:00.000000000,1779460200000000000,8847,8847,8840,8840,526,593817,593794
2026-05-22 22:31:00.000000000,1779460260000000000,8840,8843,8838,8841,674,593794,593564
2026-05-22 22:32:00.000000000,1779460320000000000,8841,8842,8837,8838,732,593564,593385
2026-05-22 22:33:00.000000000,1779460380000000000,8838,8838,8829,8832,1740,593385,593026
2026-05-22 22:34:00.000000000,1779460440000000000,8832,8835,8832,8833,600,593026,593139
2026-05-22 22:35:00.000000000,1779460500000000000,8833,8835,8830,8830,720,593139,593268
2026-05-22 22:36:00.000000000,1779460560000000000,8830,8836,8830,8836,622,593268,593266
2026-05-22 22:37:00.000000000,1779460620000000000,8836,8844,8836,8841,1435,593266,593103
2026-05-22 22:38:00.000000000,1779460680000000000,8841,8849,8838,8848,1169,593103,593133
2026-05-22 22:39:00.000000000,1779460740000000000,8848,8852,8845,8849,1220,593133,593394
2026-05-22 22:40:00.000000000,1779460800000000000,8849,8849,8845,8846,642,593394,593537
2026-05-22 22:41:00.000000000,1779460860000000000,8846,8847,8843,8843,629,593537,593545
2026-05-22 22:42:00.000000000,1779460920000000000,8843,8846,8842,8843,602,593545,593515
2026-05-22 22:43:00.000000000,1779460980000000000,8843,8844,8839,8840,1552,593515,592999
2026-05-22 22:44:00.000000000,1779461040000000000,8840,8840,8833,8833,1607,592999,592498
2026-05-22 22:45:00.000000000,1779461100000000000,8833,8844,8832,8844,1457,592498,592411
2026-05-22 22:46:00.000000000,1779461160000000000,8844,8844,8840,8841,628,592411,592327
2026-05-22 22:47:00.000000000,1779461220000000000,8841,8845,8839,8840,788,592327,592084
2026-05-22 22:48:00.000000000,1779461280000000000,8840,8842,8838,8842,871,592084,591777
2026-05-22 22:49:00.000000000,1779461340000000000,8842,8842,8839,8842,734,591777,591721
2026-05-22 22:50:00.000000000,1779461400000000000,8842,8842,8837,8839,459,591721,591606
2026-05-22 22:51:00.000000000,1779461460000000000,8839,8841,8838,8840,428,591606,591513
2026-05-22 22:52:00.000000000,1779461520000000000,8840,8841,8837,8840,627,591513,591332
2026-05-22 22:53:00.000000000,1779461580000000000,8840,8848,8839,8848,866,591332,591147
2026-05-22 22:54:00.000000000,1779461640000000000,8848,8849,8838,8839,1842,591147,591195
2026-05-22 22:55:00.000000000,1779461700000000000,8839,8844,8837,8843,962,591195,591024
2026-05-22 22:56:00.000000000,1779461760000000000,8843,8847,8841,8842,1286,591024,590649
2026-05-22 22:57:00.000000000,1779461820000000000,8842,8842,8838,8839,2109,590649,589370
2026-05-22 22:58:00.000000000,1779461880000000000,8839,8842,8839,8841,816,589370,589036
2026-05-22 22:59:00.000000000,1779461940000000000,8841,8854,8840,8854,2161,589036,588204
2026-05-25 09:00:00.000000000,1779670800000000000,8729,8760,8700,8724,30721,588204,582703
2026-05-25 09:01:00.000000000,1779670860000000000,8724,8724,8700,8712,12190,582703,582937
2026-05-25 09:02:00.000000000,1779670920000000000,8712,8712,8693,8698,13238,582937,583686
2026-05-25 09:03:00.000000000,1779670980000000000,8698,8707,8690,8699,9418,583686,583115
2026-05-25 09:04:00.000000000,1779671040000000000,8699,8722,8694,8721,6923,583115,583136
2026-05-25 09:05:00.000000000,1779671100000000000,8721,8722,8705,8717,6886,583136,582808
2026-05-25 09:06:00.000000000,1779671160000000000,8717,8721,8698,8710,7953,582808,580959
2026-05-25 09:07:00.000000000,1779671220000000000,8710,8711,8703,8706,3484,580959,580459
2026-05-25 09:08:00.000000000,1779671280000000000,8706,8713,8700,8707,3470,580459,579922
2026-05-25 09:09:00.000000000,1779671340000000000,8707,8731,8707,8722,5974,579922,578874
2026-05-25 09:10:00.000000000,1779671400000000000,8722,8736,8720,8736,4733,578874,579096
2026-05-25 09:11:00.000000000,1779671460000000000,8736,8741,8732,8738,4007,579096,578743
2026-05-25 09:12:00.000000000,1779671520000000000,8738,8741,8732,8740,4501,578743,578609
2026-05-25 09:13:00.000000000,1779671580000000000,8740,8756,8734,8755,4653,578609,578721
2026-05-25 09:14:00.000000000,1779671640000000000,8755,8758,8747,8751,5189,578721,579732
2026-05-25 09:15:00.000000000,1779671700000000000,8751,8764,8751,8763,4758,579732,580361
2026-05-25 09:16:00.000000000,1779671760000000000,8763,8769,8754,8754,3344,580361,580495
2026-05-25 09:17:00.000000000,1779671820000000000,8754,8756,8749,8753,3220,580495,580046
2026-05-25 09:18:00.000000000,1779671880000000000,8753,8755,8733,8735,5766,580046,579289
2026-05-25 09:19:00.000000000,1779671940000000000,8735,8746,8735,8741,2131,579289,579441
2026-05-25 09:20:00.000000000,1779672000000000000,8741,8744,8721,8729,4204,579441,579074
2026-05-25 09:21:00.000000000,1779672060000000000,8729,8735,8727,8730,2812,579074,578679
2026-05-25 09:22:00.000000000,1779672120000000000,8730,8739,8730,8731,3070,578679,578580
2026-05-25 09:23:00.000000000,1779672180000000000,8731,8738,8728,8733,1925,578580,578725
2026-05-25 09:24:00.000000000,1779672240000000000,8733,8751,8733,8749,2886,578725,578948
2026-05-25 09:25:00.000000000,1779672300000000000,8749,8751,8738,8738,1862,578948,579209
2026-05-25 09:26:00.000000000,1779672360000000000,8738,8749,8738,8749,1543,579209,579151
2026-05-25 09:27:00.000000000,1779672420000000000,8749,8750,8745,8748,1327,579151,579253
2026-05-25 09:28:00.000000000,1779672480000000000,8748,8749,8740,8744,1194,579253,579354
2026-05-25 09:29:00.000000000,1779672540000000000,8744,8747,8739,8740,805,579354,579443
2026-05-25 09:30:00.000000000,1779672600000000000,8740,8750,8734,8750,2237,579443,579697
2026-05-25 09:31:00.000000000,1779672660000000000,8750,8753,8744,8747,2775,579697,579730
2026-05-25 09:32:00.000000000,1779672720000000000,8747,8756,8744,8755,2403,579730,580035
2026-05-25 09:33:00.000000000,1779672780000000000,8755,8762,8754,8761,2410,580035,579920
2026-05-25 09:34:00.000000000,1779672840000000000,8761,8770,8757,8758,3827,579920,579924
2026-05-25 09:35:00.000000000,1779672900000000000,8758,8760,8753,8755,2208,579924,579824
2026-05-25 09:36:00.000000000,1779672960000000000,8755,8759,8752,8755,1745,579824,579775
2026-05-25 09:37:00.000000000,1779673020000000000,8755,8758,8744,8746,1540,579775,579918
2026-05-25 09:38:00.000000000,1779673080000000000,8746,8758,8742,8744,1922,579918,579976
2026-05-25 09:39:00.000000000,1779673140000000000,8744,8744,8736,8740,2226,579976,579853
2026-05-25 09:40:00.000000000,1779673200000000000,8740,8741,8726,8728,2443,579853,579359
2026-05-25 09:41:00.000000000,1779673260000000000,8728,8733,8725,8733,2444,579359,579173
2026-05-25 09:42:00.000000000,1779673320000000000,8733,8738,8725,8737,1671,579173,578915
2026-05-25 09:43:00.000000000,1779673380000000000,8737,8737,8728,8728,1118,578915,578865
2026-05-25 09:44:00.000000000,1779673440000000000,8728,8728,8712,8718,3560,578865,578174
2026-05-25 09:45:00.000000000,1779673500000000000,8718,8718,8700,8704,3473,578174,577811
2026-05-25 09:46:00.000000000,1779673560000000000,8704,8713,8701,8710,2754,577811,578012
2026-05-25 09:47:00.000000000,1779673620000000000,8710,8718,8707,8716,1954,578012,578215
2026-05-25 09:48:00.000000000,1779673680000000000,8716,8720,8707,8713,2288,578215,577822
2026-05-25 09:49:00.000000000,1779673740000000000,8713,8729,8712,8728,2380,577822,577632
2026-05-25 09:50:00.000000000,1779673800000000000,8728,8735,8727,8728,1623,577632,577573
2026-05-25 09:51:00.000000000,1779673860000000000,8728,8729,8723,8725,1411,577573,577560
2026-05-25 09:52:00.000000000,1779673920000000000,8725,8728,8719,8725,1401,577560,577800
2026-05-25 09:53:00.000000000,1779673980000000000,8725,8735,8725,8728,1541,577800,578143
2026-05-25 09:54:00.000000000,1779674040000000000,8728,8733,8726,8729,1201,578143,578265
2026-05-25 09:55:00.000000000,1779674100000000000,8729,8731,8725,8730,1003,578265,577995
2026-05-25 09:56:00.000000000,1779674160000000000,8730,8740,8729,8730,2686,577995,577536
2026-05-25 09:57:00.000000000,1779674220000000000,8730,8735,8728,8735,1487,577536,577477
2026-05-25 09:58:00.000000000,1779674280000000000,8735,8736,8727,8730,959,577477,577285
2026-05-25 09:59:00.000000000,1779674340000000000,8730,8731,8721,8722,1122,577285,577208
2026-05-25 10:00:00.000000000,1779674400000000000,8722,8732,8721,8723,1562,577208,576906
2026-05-25 10:01:00.000000000,1779674460000000000,8723,8732,8723,8732,1304,576906,576730
2026-05-25 10:02:00.000000000,1779674520000000000,8732,8736,8727,8735,1047,576730,576598
2026-05-25 10:03:00.000000000,1779674580000000000,8735,8743,8735,8740,1483,576598,576542
2026-05-25 10:04:00.000000000,1779674640000000000,8740,8747,8740,8741,1206,576542,576613
2026-05-25 10:05:00.000000000,1779674700000000000,8741,8741,8724,8729,1499,576613,576310
2026-05-25 10:06:00.000000000,1779674760000000000,8729,8731,8711,8713,2238,576310,575747
2026-05-25 10:07:00.000000000,1779674820000000000,8713,8717,8709,8711,2816,575747,575424
2026-05-25 10:08:00.000000000,1779674880000000000,8711,8714,8708,8710,2124,575424,575418
2026-05-25 10:09:00.000000000,1779674940000000000,8710,8712,8705,8710,1646,575418,575191
2026-05-25 10:10:00.000000000,1779675000000000000,8710,8711,8698,8702,4528,575191,574825
2026-05-25 10:11:00.000000000,1779675060000000000,8702,8705,8698,8704,3132,574825,575353
2026-05-25 10:12:00.000000000,1779675120000000000,8704,8706,8694,8694,2590,575353,575185
2026-05-25 10:13:00.000000000,1779675180000000000,8694,8706,8688,8705,4679,575185,575308
2026-05-25 10:14:00.000000000,1779675240000000000,8705,8710,8702,8708,2063,575308,575390
2026-05-25 10:30:00.000000000,1779676200000000000,8708,8708,8693,8697,3116,575390,575032
2026-05-25 10:31:00.000000000,1779676260000000000,8697,8697,8674,8675,6247,575032,574555
2026-05-25 10:32:00.000000000,1779676320000000000,8675,8676,8668,8675,4512,574555,574793
2026-05-25 10:33:00.000000000,1779676380000000000,8675,8676,8670,8672,2650,574793,575087
2026-05-25 10:34:00.000000000,1779676440000000000,8672,8677,8667,8667,2495,575087,574827
2026-05-25 10:35:00.000000000,1779676500000000000,8667,8673,8664,8667,2868,574827,575040
2026-05-25 10:36:00.000000000,1779676560000000000,8667,8671,8665,8668,1847,575040,575170
2026-05-25 10:37:00.000000000,1779676620000000000,8668,8675,8662,8674,2771,575170,574809
2026-05-25 10:38:00.000000000,1779676680000000000,8674,8677,8670,8671,2050,574809,574242
2026-05-25 10:39:00.000000000,1779676740000000000,8671,8673,8667,8668,1658,574242,574063
2026-05-25 10:40:00.000000000,1779676800000000000,8668,8669,8658,8660,3796,574063,573937
2026-05-25 10:41:00.000000000,1779676860000000000,8660,8660,8643,8650,4921,573937,573538
2026-05-25 10:42:00.000000000,1779676920000000000,8650,8650,8630,8636,6246,573538,573998
2026-05-25 10:43:00.000000000,1779676980000000000,8636,8638,8620,8622,6542,573998,573442
2026-05-25 10:44:00.000000000,1779677040000000000,8622,8622,8610,8613,6474,573442,573019
2026-05-25 10:45:00.000000000,1779677100000000000,8613,8620,8610,8618,5051,573019,573544
2026-05-25 10:46:00.000000000,1779677160000000000,8618,8623,8606,8608,6890,573544,574259
2026-05-25 10:47:00.000000000,1779677220000000000,8608,8610,8590,8604,9797,574259,573015
2026-05-25 10:48:00.000000000,1779677280000000000,8604,8619,8603,8611,4759,573015,572107
2026-05-25 10:49:00.000000000,1779677340000000000,8611,8624,8611,8621,3809,572107,572926
2026-05-25 10:50:00.000000000,1779677400000000000,8621,8623,8613,8623,3782,572926,573956
2026-05-25 10:51:00.000000000,1779677460000000000,8623,8625,8614,8624,3011,573956,573954
2026-05-25 10:52:00.000000000,1779677520000000000,8624,8629,8615,8615,2249,573954,573756
2026-05-25 10:53:00.000000000,1779677580000000000,8615,8615,8608,8612,3167,573756,573260
2026-05-25 10:54:00.000000000,1779677640000000000,8612,8616,8608,8609,1775,573260,573154
2026-05-25 10:55:00.000000000,1779677700000000000,8609,8610,8604,8605,2707,573154,572749
2026-05-25 10:56:00.000000000,1779677760000000000,8605,8605,8596,8596,2735,572749,572965
2026-05-25 10:57:00.000000000,1779677820000000000,8596,8606,8594,8602,2444,572965,572570
2026-05-25 10:58:00.000000000,1779677880000000000,8602,8604,8601,8603,1462,572570,572658
2026-05-25 10:59:00.000000000,1779677940000000000,8603,8607,8593,8594,3681,572658,572834
2026-05-25 11:00:00.000000000,1779678000000000000,8594,8594,8582,8589,5582,572834,572326
2026-05-25 11:01:00.000000000,1779678060000000000,8589,8589,8575,8575,4874,572326,571966
2026-05-25 11:02:00.000000000,1779678120000000000,8575,8576,8567,8573,5965,571966,571034
2026-05-25 11:03:00.000000000,1779678180000000000,8573,8578,8566,8575,3877,571034,571004
2026-05-25 11:04:00.000000000,1779678240000000000,8575,8579,8573,8575,2711,571004,571014
2026-05-25 11:05:00.000000000,1779678300000000000,8575,8588,8572,8582,3468,571014,570666
2026-05-25 11:06:00.000000000,1779678360000000000,8582,8582,8567,8567,1903,570666,570787
2026-05-25 11:07:00.000000000,1779678420000000000,8567,8572,8562,8568,3925,570787,570184
2026-05-25 11:08:00.000000000,1779678480000000000,8568,8576,8566,8575,1925,570184,570329
2026-05-25 11:09:00.000000000,1779678540000000000,8575,8578,8566,8571,1692,570329,570129
2026-05-25 11:10:00.000000000,1779678600000000000,8571,8574,8550,8552,4315,570129,569882
2026-05-25 11:11:00.000000000,1779678660000000000,8552,8552,8542,8545,7569,569882,568872
2026-05-25 11:12:00.000000000,1779678720000000000,8545,8546,8536,8537,3957,568872,568522
2026-05-25 11:13:00.000000000,1779678780000000000,8537,8545,8535,8544,2816,568522,568223
2026-05-25 11:14:00.000000000,1779678840000000000,8544,8545,8530,8532,4160,568223,568229
2026-05-25 11:15:00.000000000,1779678900000000000,8532,8537,8528,8529,5469,568229,567950
2026-05-25 11:16:00.000000000,1779678960000000000,8529,8531,8517,8518,5834,567950,567196
2026-05-25 11:17:00.000000000,1779679020000000000,8518,8520,8508,8510,5210,567196,567515
2026-05-25 11:18:00.000000000,1779679080000000000,8510,8512,8503,8509,4631,567515,567688
2026-05-25 11:19:00.000000000,1779679140000000000,8509,8510,8501,8506,3512,567688,567314
2026-05-25 11:20:00.000000000,1779679200000000000,8506,8507,8488,8488,6936,567314,567107
2026-05-25 11:21:00.000000000,1779679260000000000,8488,8491,8480,8488,6453,567107,566130
2026-05-25 11:22:00.000000000,1779679320000000000,8488,8497,8481,8485,5489,566130,564880
2026-05-25 11:23:00.000000000,1779679380000000000,8485,8490,8477,8481,4067,564880,564650
2026-05-25 11:24:00.000000000,1779679440000000000,8481,8488,8475,8481,5611,564650,564230
2026-05-25 11:25:00.000000000,1779679500000000000,8481,8486,8472,8481,3744,564230,563912
2026-05-25 11:26:00.000000000,1779679560000000000,8481,8494,8481,8490,4918,563912,563919
2026-05-25 11:27:00.000000000,1779679620000000000,8490,8502,8490,8500,6403,563919,565053
2026-05-25 11:28:00.000000000,1779679680000000000,8500,8510,8500,8510,3507,565053,564774
2026-05-25 11:29:00.000000000,1779679740000000000,8510,8511,8494,8499,3901,564774,564372
2026-05-25 13:30:00.000000000,1779687000000000000,8504,8511,8486,8493,6180,564372,564514
2026-05-25 13:31:00.000000000,1779687060000000000,8493,8494,8484,8492,2876,564514,564707
2026-05-25 13:32:00.000000000,1779687120000000000,8492,8497,8489,8497,2133,564707,564878
2026-05-25 13:33:00.000000000,1779687180000000000,8497,8498,8494,8498,1439,564878,564946
2026-05-25 13:34:00.000000000,1779687240000000000,8498,8498,8493,8495,2786,564946,565750
2026-05-25 13:35:00.000000000,1779687300000000000,8495,8495,8490,8490,1823,565750,565830
2026-05-25 13:36:00.000000000,1779687360000000000,8490,8496,8484,8493,2333,565830,565547
2026-05-25 13:37:00.000000000,1779687420000000000,8493,8504,8493,8499,3494,565547,566484
2026-05-25 13:38:00.000000000,1779687480000000000,8499,8499,8488,8497,1724,566484,566488
2026-05-25 13:39:00.000000000,1779687540000000000,8497,8506,8496,8504,2604,566488,566287
2026-05-25 13:40:00.000000000,1779687600000000000,8504,8505,8496,8502,2626,566287,566076
2026-05-25 13:41:00.000000000,1779687660000000000,8502,8516,8502,8513,3600,566076,565785
2026-05-25 13:42:00.000000000,1779687720000000000,8513,8515,8507,8508,2608,565785,565698
2026-05-25 13:43:00.000000000,1779687780000000000,8508,8508,8500,8505,2193,565698,565826
2026-05-25 13:44:00.000000000,1779687840000000000,8505,8505,8493,8494,2491,565826,566016
2026-05-25 13:45:00.000000000,1779687900000000000,8494,8496,8486,8489,2441,566016,566174
2026-05-25 13:46:00.000000000,1779687960000000000,8489,8505,8488,8505,2289,566174,566243
2026-05-25 13:47:00.000000000,1779688020000000000,8505,8511,8504,8508,2049,566243,566303
2026-05-25 13:48:00.000000000,1779688080000000000,8508,8522,8507,8520,3293,566303,565691
2026-05-25 13:49:00.000000000,1779688140000000000,8520,8520,8506,8509,2848,565691,566040
2026-05-25 13:50:00.000000000,1779688200000000000,8509,8518,8507,8517,1896,566040,566241
2026-05-25 13:51:00.000000000,1779688260000000000,8517,8518,8511,8514,1481,566241,566262
2026-05-25 13:52:00.000000000,1779688320000000000,8514,8525,8514,8524,2344,566262,565817
2026-05-25 13:53:00.000000000,1779688380000000000,8524,8535,8521,8535,3799,565817,565590
2026-05-25 13:54:00.000000000,1779688440000000000,8535,8535,8516,8519,3905,565590,564796
2026-05-25 13:55:00.000000000,1779688500000000000,8519,8527,8517,8525,1702,564796,564471
2026-05-25 13:56:00.000000000,1779688560000000000,8525,8530,8523,8524,1865,564471,564954
2026-05-25 13:57:00.000000000,1779688620000000000,8524,8532,8524,8529,1795,564954,565147
2026-05-25 13:58:00.000000000,1779688680000000000,8529,8532,8527,8531,1449,565147,564824
2026-05-25 13:59:00.000000000,1779688740000000000,8531,8541,8527,8540,2667,564824,564881
2026-05-25 14:00:00.000000000,1779688800000000000,8540,8550,8536,8547,3485,564881,565215
2026-05-25 14:01:00.000000000,1779688860000000000,8547,8548,8541,8547,2765,565215,565479
2026-05-25 14:02:00.000000000,1779688920000000000,8547,8561,8545,8560,3339,565479,565219
2026-05-25 14:03:00.000000000,1779688980000000000,8560,8566,8559,8563,2667,565219,565210
2026-05-25 14:04:00.000000000,1779689040000000000,8563,8567,8559,8559,2878,565210,565083
2026-05-25 14:05:00.000000000,1779689100000000000,8559,8563,8555,8558,2093,565083,564620
2026-05-25 14:06:00.000000000,1779689160000000000,8558,8563,8554,8557,2403,564620,563752
2026-05-25 14:07:00.000000000,1779689220000000000,8557,8566,8557,8560,2092,563752,563442
2026-05-25 14:08:00.000000000,1779689280000000000,8560,8561,8547,8547,3477,563442,563018
2026-05-25 14:09:00.000000000,1779689340000000000,8547,8558,8547,8558,1621,563018,563188
2026-05-25 14:10:00.000000000,1779689400000000000,8558,8564,8556,8563,2024,563188,564009
2026-05-25 14:11:00.000000000,1779689460000000000,8563,8590,8557,8590,8989,564009,564737
2026-05-25 14:12:00.000000000,1779689520000000000,8590,8596,8587,8595,8269,564737,564512
2026-05-25 14:13:00.000000000,1779689580000000000,8595,8601,8588,8589,6092,564512,564907
2026-05-25 14:14:00.000000000,1779689640000000000,8589,8590,8583,8583,2043,564907,564685
2026-05-25 14:15:00.000000000,1779689700000000000,8583,8592,8581,8588,2131,564685,564980
2026-05-25 14:16:00.000000000,1779689760000000000,8588,8591,8578,8580,2284,564980,565446
2026-05-25 14:17:00.000000000,1779689820000000000,8580,8585,8578,8578,1577,565446,565499
2026-05-25 14:18:00.000000000,1779689880000000000,8578,8580,8573,8574,1747,565499,565293
2026-05-25 14:19:00.000000000,1779689940000000000,8574,8584,8573,8584,1415,565293,565333
2026-05-25 14:20:00.000000000,1779690000000000000,8584,8588,8581,8587,1132,565333,565431
2026-05-25 14:21:00.000000000,1779690060000000000,8587,8587,8580,8581,1543,565431,565341
2026-05-25 14:22:00.000000000,1779690120000000000,8581,8583,8568,8570,3007,565341,564495
2026-05-25 14:23:00.000000000,1779690180000000000,8570,8578,8570,8577,2182,564495,563847
2026-05-25 14:24:00.000000000,1779690240000000000,8577,8577,8562,8563,2760,563847,563563
2026-05-25 14:25:00.000000000,1779690300000000000,8563,8571,8562,8567,2327,563563,563685
2026-05-25 14:26:00.000000000,1779690360000000000,8567,8570,8563,8568,1132,563685,563731
2026-05-25 14:27:00.000000000,1779690420000000000,8568,8576,8565,8573,1787,563731,563601
2026-05-25 14:28:00.000000000,1779690480000000000,8573,8574,8570,8572,643,563601,563571
2026-05-25 14:29:00.000000000,1779690540000000000,8572,8576,8570,8574,875,563571,563653
2026-05-25 14:30:00.000000000,1779690600000000000,8574,8587,8573,8581,2729,563653,563612
2026-05-25 14:31:00.000000000,1779690660000000000,8581,8582,8577,8579,1203,563612,563622
2026-05-25 14:32:00.000000000,1779690720000000000,8579,8585,8578,8585,1599,563622,563481
2026-05-25 14:33:00.000000000,1779690780000000000,8585,8588,8582,8583,1146,563481,563321
2026-05-25 14:34:00.000000000,1779690840000000000,8583,8585,8575,8576,906,563321,563091
2026-05-25 14:35:00.000000000,1779690900000000000,8576,8578,8572,8575,1239,563091,563136
2026-05-25 14:36:00.000000000,1779690960000000000,8575,8580,8568,8570,1424,563136,563277
2026-05-25 14:37:00.000000000,1779691020000000000,8570,8575,8570,8573,1347,563277,563402
2026-05-25 14:38:00.000000000,1779691080000000000,8573,8578,8573,8578,739,563402,563436
2026-05-25 14:39:00.000000000,1779691140000000000,8578,8587,8577,8583,2003,563436,563464
2026-05-25 14:40:00.000000000,1779691200000000000,8583,8584,8578,8584,1300,563464,563826
2026-05-25 14:41:00.000000000,1779691260000000000,8584,8585,8582,8583,913,563826,563756
2026-05-25 14:42:00.000000000,1779691320000000000,8583,8583,8578,8580,1081,563756,563845
2026-05-25 14:43:00.000000000,1779691380000000000,8580,8583,8579,8583,745,563845,563791
2026-05-25 14:44:00.000000000,1779691440000000000,8583,8585,8581,8585,513,563791,563603
2026-05-25 14:45:00.000000000,1779691500000000000,8585,8597,8585,8596,2694,563603,563156
2026-05-25 14:46:00.000000000,1779691560000000000,8596,8599,8592,8592,1820,563156,562954
2026-05-25 14:47:00.000000000,1779691620000000000,8592,8592,8588,8591,1497,562954,562729
2026-05-25 14:48:00.000000000,1779691680000000000,8591,8592,8583,8584,1041,562729,562455
2026-05-25 14:49:00.000000000,1779691740000000000,8584,8589,8584,8587,688,562455,562403
2026-05-25 14:50:00.000000000,1779691800000000000,8587,8593,8586,8592,1067,562403,562380
2026-05-25 14:51:00.000000000,1779691860000000000,8592,8595,8589,8589,1009,562380,562312
2026-05-25 14:52:00.000000000,1779691920000000000,8589,8594,8589,8592,799,562312,562369
2026-05-25 14:53:00.000000000,1779691980000000000,8592,8592,8587,8587,848,562369,562187
2026-05-25 14:54:00.000000000,1779692040000000000,8587,8588,8585,8586,952,562187,562131
2026-05-25 14:55:00.000000000,1779692100000000000,8586,8586,8581,8582,1507,562131,561807
2026-05-25 14:56:00.000000000,1779692160000000000,8582,8583,8574,8575,2089,561807,561279
2026-05-25 14:57:00.000000000,1779692220000000000,8575,8580,8575,8579,2181,561279,561280
2026-05-25 14:58:00.000000000,1779692280000000000,8579,8580,8575,8577,1687,561280,560658
2026-05-25 14:59:00.000000000,1779692340000000000,8577,8579,8574,8577,2547,560658,559750
2026-05-25 21:00:00.000000000,1779714000000000000,8570,8577,8545,8555,12910,559750,559221
2026-05-25 21:01:00.000000000,1779714060000000000,8555,8560,8548,8548,4253,559221,558797
2026-05-25 21:02:00.000000000,1779714120000000000,8548,8561,8548,8548,5070,558797,559275
2026-05-25 21:03:00.000000000,1779714180000000000,8548,8555,8548,8553,3684,559275,559599
2026-05-25 21:04:00.000000000,1779714240000000000,8553,8553,8541,8541,3713,559599,559943
2026-05-25 21:05:00.000000000,1779714300000000000,8541,8545,8530,8544,3873,559943,560043
2026-05-25 21:06:00.000000000,1779714360000000000,8544,8548,8536,8544,3351,560043,560649
2026-05-25 21:07:00.000000000,1779714420000000000,8544,8548,8541,8546,2391,560649,561394
2026-05-25 21:08:00.000000000,1779714480000000000,8546,8551,8543,8544,2602,561394,561952
2026-05-25 21:09:00.000000000,1779714540000000000,8544,8546,8539,8542,2033,561952,562629
2026-05-25 21:10:00.000000000,1779714600000000000,8542,8547,8536,8539,2831,562629,563249
2026-05-25 21:11:00.000000000,1779714660000000000,8539,8550,8539,8548,3600,563249,564899
2026-05-25 21:12:00.000000000,1779714720000000000,8548,8555,8547,8552,4964,564899,564340
2026-05-25 21:13:00.000000000,1779714780000000000,8552,8552,8546,8548,1708,564340,564388
2026-05-25 21:14:00.000000000,1779714840000000000,8548,8552,8548,8549,809,564388,564449
2026-05-25 21:15:00.000000000,1779714900000000000,8549,8554,8548,8553,2261,564449,565063
2026-05-25 21:16:00.000000000,1779714960000000000,8553,8557,8552,8556,2583,565063,565564
2026-05-25 21:17:00.000000000,1779715020000000000,8556,8560,8549,8549,2887,565564,565076
2026-05-25 21:18:00.000000000,1779715080000000000,8549,8558,8549,8549,2320,565076,565262
2026-05-25 21:19:00.000000000,1779715140000000000,8549,8549,8542,8547,2805,565262,565423
2026-05-25 21:20:00.000000000,1779715200000000000,8547,8551,8543,8544,2305,565423,565073
2026-05-25 21:21:00.000000000,1779715260000000000,8544,8544,8526,8529,5065,565073,564263
2026-05-25 21:22:00.000000000,1779715320000000000,8529,8534,8525,8531,3301,564263,564647
2026-05-25 21:23:00.000000000,1779715380000000000,8531,8540,8530,8540,1797,564647,564743
2026-05-25 21:24:00.000000000,1779715440000000000,8540,8544,8537,8540,1528,564743,564830
2026-05-25 21:25:00.000000000,1779715500000000000,8540,8544,8536,8542,1520,564830,565066
2026-05-25 21:26:00.000000000,1779715560000000000,8542,8547,8540,8542,1286,565066,565054
2026-05-25 21:27:00.000000000,1779715620000000000,8542,8542,8537,8538,1007,565054,565124
2026-05-25 21:28:00.000000000,1779715680000000000,8538,8544,8538,8539,1634,565124,565312
2026-05-25 21:29:00.000000000,1779715740000000000,8539,8539,8533,8534,1897,565312,564867
2026-05-25 21:30:00.000000000,1779715800000000000,8534,8537,8528,8530,2851,564867,564164
2026-05-25 21:31:00.000000000,1779715860000000000,8530,8534,8524,8528,3783,564164,563691
2026-05-25 21:32:00.000000000,1779715920000000000,8528,8534,8526,8528,2338,563691,563460
2026-05-25 21:33:00.000000000,1779715980000000000,8528,8530,8511,8513,5034,563460,564056
2026-05-25 21:34:00.000000000,1779716040000000000,8513,8521,8513,8517,3541,564056,564180
2026-05-25 21:35:00.000000000,1779716100000000000,8517,8524,8516,8519,2279,564180,564251
2026-05-25 21:36:00.000000000,1779716160000000000,8519,8524,8519,8521,1322,564251,564290
2026-05-25 21:37:00.000000000,1779716220000000000,8521,8522,8515,8517,1104,564290,564248
2026-05-25 21:38:00.000000000,1779716280000000000,8517,8536,8517,8531,3423,564248,564403
2026-05-25 21:39:00.000000000,1779716340000000000,8531,8531,8523,8523,1524,564403,564648
2026-05-25 21:40:00.000000000,1779716400000000000,8523,8525,8516,8520,1508,564648,564733
2026-05-25 21:41:00.000000000,1779716460000000000,8520,8524,8519,8522,1885,564733,564747
2026-05-25 21:42:00.000000000,1779716520000000000,8522,8526,8520,8524,1100,564747,564527
2026-05-25 21:43:00.000000000,1779716580000000000,8524,8528,8522,8528,914,564527,564634
2026-05-25 21:44:00.000000000,1779716640000000000,8528,8532,8527,8528,1461,564634,564572
2026-05-25 21:45:00.000000000,1779716700000000000,8528,8532,8525,8527,1337,564572,564556
2026-05-25 21:46:00.000000000,1779716760000000000,8527,8530,8522,8528,1288,564556,564383
2026-05-25 21:47:00.000000000,1779716820000000000,8528,8531,8527,8530,873,564383,564436
2026-05-25 21:48:00.000000000,1779716880000000000,8530,8532,8524,8524,1651,564436,564009
2026-05-25 21:49:00.000000000,1779716940000000000,8524,8525,8519,8522,1325,564009,563751
2026-05-25 21:50:00.000000000,1779717000000000000,8522,8524,8521,8522,1349,563751,563417
2026-05-25 21:51:00.000000000,1779717060000000000,8522,8529,8520,8529,2038,563417,562935
2026-05-25 21:52:00.000000000,1779717120000000000,8529,8533,8524,8527,1340,562935,562905
2026-05-25 21:53:00.000000000,1779717180000000000,8527,8530,8526,8527,1227,562905,562898
2026-05-25 21:54:00.000000000,1779717240000000000,8527,8527,8521,8522,1536,562898,562594
2026-05-25 21:55:00.000000000,1779717300000000000,8522,8522,8520,8521,728,562594,562412
2026-05-25 21:56:00.000000000,1779717360000000000,8521,8523,8514,8515,2654,562412,562883
2026-05-25 21:57:00.000000000,1779717420000000000,8515,8516,8508,8510,2709,562883,563172
2026-05-25 21:58:00.000000000,1779717480000000000,8510,8513,8504,8511,2099,563172,563293
2026-05-25 21:59:00.000000000,1779717540000000000,8511,8514,8509,8514,1158,563293,563319
2026-05-25 22:00:00.000000000,1779717600000000000,8514,8518,8512,8515,1577,563319,563083
2026-05-25 22:01:00.000000000,1779717660000000000,8515,8518,8513,8513,1163,563083,562832
2026-05-25 22:02:00.000000000,1779717720000000000,8513,8522,8513,8520,1501,562832,562776
2026-05-25 22:03:00.000000000,1779717780000000000,8520,8521,8509,8509,1409,562776,562381
2026-05-25 22:04:00.000000000,1779717840000000000,8509,8510,8507,8509,1153,562381,562418
2026-05-25 22:05:00.000000000,1779717900000000000,8509,8517,8509,8515,1160,562418,562291
2026-05-25 22:06:00.000000000,1779717960000000000,8515,8515,8511,8512,564,562291,562183
2026-05-25 22:07:00.000000000,1779718020000000000,8512,8518,8511,8517,587,562183,562009
2026-05-25 22:08:00.000000000,1779718080000000000,8517,8522,8515,8519,1092,562009,561869
2026-05-25 22:09:00.000000000,1779718140000000000,8519,8520,8516,8519,528,561869,561811
2026-05-25 22:10:00.000000000,1779718200000000000,8519,8520,8517,8518,627,561811,561812
2026-05-25 22:11:00.000000000,1779718260000000000,8518,8525,8518,8523,1110,561812,561702
2026-05-25 22:12:00.000000000,1779718320000000000,8523,8529,8523,8524,1670,561702,561165
2026-05-25 22:13:00.000000000,1779718380000000000,8524,8532,8522,8531,2895,561165,561785
2026-05-25 22:14:00.000000000,1779718440000000000,8531,8532,8527,8528,1240,561785,561956
2026-05-25 22:15:00.000000000,1779718500000000000,8528,8529,8526,8528,738,561956,562059
2026-05-25 22:16:00.000000000,1779718560000000000,8528,8533,8527,8529,1040,562059,562192
2026-05-25 22:17:00.000000000,1779718620000000000,8529,8531,8522,8525,1382,562192,561968
2026-05-25 22:18:00.000000000,1779718680000000000,8525,8529,8524,8527,484,561968,562083
2026-05-25 22:19:00.000000000,1779718740000000000,8527,8535,8525,8534,1455,562083,562223
2026-05-25 22:20:00.000000000,1779718800000000000,8534,8537,8530,8535,1638,562223,562102
2026-05-25 22:21:00.000000000,1779718860000000000,8535,8537,8529,8530,1085,562102,562101
2026-05-25 22:22:00.000000000,1779718920000000000,8530,8530,8525,8528,977,562101,562097
2026-05-25 22:23:00.000000000,1779718980000000000,8528,8530,8528,8530,716,562097,562225
2026-05-25 22:24:00.000000000,1779719040000000000,8530,8532,8529,8530,511,562225,562275
2026-05-25 22:25:00.000000000,1779719100000000000,8530,8531,8526,8527,816,562275,562144
2026-05-25 22:26:00.000000000,1779719160000000000,8527,8529,8523,8526,1497,562144,561974
2026-05-25 22:27:00.000000000,1779719220000000000,8526,8528,8524,8526,2192,561974,561549
2026-05-25 22:28:00.000000000,1779719280000000000,8526,8526,8521,8522,1392,561549,561205
2026-05-25 22:29:00.000000000,1779719340000000000,8522,8528,8522,8525,1084,561205,561249
2026-05-25 22:30:00.000000000,1779719400000000000,8525,8531,8524,8525,654,561249,561189
2026-05-25 22:31:00.000000000,1779719460000000000,8525,8535,8525,8534,1270,561189,561364
2026-05-25 22:32:00.000000000,1779719520000000000,8534,8536,8532,8533,818,561364,561520
2026-05-25 22:33:00.000000000,1779719580000000000,8533,8546,8533,8542,2601,561520,560827
2026-05-25 22:34:00.000000000,1779719640000000000,8542,8544,8537,8540,1383,560827,560728
2026-05-25 22:35:00.000000000,1779719700000000000,8540,8541,8538,8539,759,560728,560623
2026-05-25 22:36:00.000000000,1779719760000000000,8539,8540,8536,8537,737,560623,560581
2026-05-25 22:37:00.000000000,1779719820000000000,8537,8541,8537,8541,588,560581,560626
2026-05-25 22:38:00.000000000,1779719880000000000,8541,8546,8538,8543,1045,560626,560624
2026-05-25 22:39:00.000000000,1779719940000000000,8543,8546,8542,8546,881,560624,560545
2026-05-25 22:40:00.000000000,1779720000000000000,8546,8559,8541,8556,4475,560545,560702
2026-05-25 22:41:00.000000000,1779720060000000000,8556,8557,8550,8551,1957,560702,561043
2026-05-25 22:42:00.000000000,1779720120000000000,8551,8551,8546,8547,805,561043,560963
2026-05-25 22:43:00.000000000,1779720180000000000,8547,8551,8547,8550,925,560963,560910
2026-05-25 22:44:00.000000000,1779720240000000000,8550,8551,8547,8551,522,560910,560964
2026-05-25 22:45:00.000000000,1779720300000000000,8551,8553,8549,8552,894,560964,561009
2026-05-25 22:46:00.000000000,1779720360000000000,8552,8554,8548,8554,1582,561009,561398
2026-05-25 22:47:00.000000000,1779720420000000000,8554,8556,8551,8552,779,561398,561342
2026-05-25 22:48:00.000000000,1779720480000000000,8552,8555,8551,8553,815,561342,561167
2026-05-25 22:49:00.000000000,1779720540000000000,8553,8554,8551,8554,467,561167,561163
2026-05-25 22:50:00.000000000,1779720600000000000,8554,8556,8551,8551,638,561163,561177
2026-05-25 22:51:00.000000000,1779720660000000000,8551,8555,8551,8553,637,561177,561056
2026-05-25 22:52:00.000000000,1779720720000000000,8553,8556,8552,8552,561,561056,560899
2026-05-25 22:53:00.000000000,1779720780000000000,8552,8553,8549,8552,1371,560899,560963
2026-05-25 22:54:00.000000000,1779720840000000000,8552,8559,8550,8554,1950,560963,561499
2026-05-25 22:55:00.000000000,1779720900000000000,8554,8554,8550,8551,689,561499,561278
2026-05-25 22:56:00.000000000,1779720960000000000,8551,8554,8551,8551,626,561278,560967
2026-05-25 22:57:00.000000000,1779721020000000000,8551,8553,8549,8550,849,560967,560796
2026-05-25 22:58:00.000000000,1779721080000000000,8550,8552,8549,8551,992,560796,560502
2026-05-25 22:59:00.000000000,1779721140000000000,8551,8552,8538,8538,3155,560502,559300
2026-05-26 09:00:00.000000000,1779757200000000000,8538,8555,8534,8554,6631,559300,558816
2026-05-26 09:01:00.000000000,1779757260000000000,8554,8556,8546,8554,4426,558816,558605
2026-05-26 09:02:00.000000000,1779757320000000000,8554,8556,8540,8549,2841,558605,558363
2026-05-26 09:03:00.000000000,1779757380000000000,8549,8558,8549,8553,2414,558363,558565
2026-05-26 09:04:00.000000000,1779757440000000000,8553,8572,8553,8570,4105,558565,558481
2026-05-26 09:05:00.000000000,1779757500000000000,8570,8570,8562,8564,2352,558481,558061
2026-05-26 09:06:00.000000000,1779757560000000000,8564,8565,8557,8560,1675,558061,557831
2026-05-26 09:07:00.000000000,1779757620000000000,8560,8570,8560,8566,1337,557831,557976
2026-05-26 09:08:00.000000000,1779757680000000000,8566,8567,8562,8565,816,557976,557992
2026-05-26 09:09:00.000000000,1779757740000000000,8565,8565,8550,8550,2599,557992,558365
2026-05-26 09:10:00.000000000,1779757800000000000,8550,8556,8539,8542,2348,558365,557904
2026-05-26 09:11:00.000000000,1779757860000000000,8542,8543,8538,8538,2254,557904,557660
2026-05-26 09:12:00.000000000,1779757920000000000,8538,8540,8534,8534,1569,557660,557559
2026-05-26 09:13:00.000000000,1779757980000000000,8534,8534,8526,8530,2535,557559,557680
2026-05-26 09:14:00.000000000,1779758040000000000,8530,8540,8527,8537,2267,557680,557488
2026-05-26 09:15:00.000000000,1779758100000000000,8537,8543,8532,8539,1785,557488,557399
2026-05-26 09:16:00.000000000,1779758160000000000,8539,8543,8533,8538,1167,557399,557339
2026-05-26 09:17:00.000000000,1779758220000000000,8538,8539,8533,8535,823,557339,557452
2026-05-26 09:18:00.000000000,1779758280000000000,8535,8536,8527,8529,1507,557452,557450
2026-05-26 09:19:00.000000000,1779758340000000000,8529,8533,8524,8532,1701,557450,557570
2026-05-26 09:20:00.000000000,1779758400000000000,8532,8538,8530,8535,1062,557570,557595
2026-05-26 09:21:00.000000000,1779758460000000000,8535,8541,8533,8539,974,557595,557621
2026-05-26 09:22:00.000000000,1779758520000000000,8539,8540,8536,8537,1019,557621,557530
2026-05-26 09:23:00.000000000,1779758580000000000,8537,8538,8535,8537,617,557530,557239
2026-05-26 09:24:00.000000000,1779758640000000000,8537,8545,8536,8539,1354,557239,557024
2026-05-26 09:25:00.000000000,1779758700000000000,8539,8540,8532,8533,1478,557024,556883
2026-05-26 09:26:00.000000000,1779758760000000000,8533,8538,8532,8536,999,556883,556754
2026-05-26 09:27:00.000000000,1779758820000000000,8536,8552,8535,8551,2307,556754,556535
2026-05-26 09:28:00.000000000,1779758880000000000,8551,8556,8548,8550,1866,556535,556682
2026-05-26 09:29:00.000000000,1779758940000000000,8550,8550,8543,8546,1537,556682,556646
2026-05-26 09:30:00.000000000,1779759000000000000,8546,8552,8546,8549,1042,556646,556622
2026-05-26 09:31:00.000000000,1779759060000000000,8549,8556,8548,8548,1347,556622,556371
2026-05-26 09:32:00.000000000,1779759120000000000,8548,8548,8542,8543,1110,556371,556344
2026-05-26 09:33:00.000000000,1779759180000000000,8543,8548,8542,8548,725,556344,556395
2026-05-26 09:34:00.000000000,1779759240000000000,8548,8550,8542,8547,781,556395,556466
2026-05-26 09:35:00.000000000,1779759300000000000,8547,8547,8536,8537,690,556466,556465
2026-05-26 09:36:00.000000000,1779759360000000000,8537,8549,8536,8546,810,556465,556329
2026-05-26 09:37:00.000000000,1779759420000000000,8546,8546,8535,8537,1496,556329,556499
2026-05-26 09:38:00.000000000,1779759480000000000,8537,8546,8537,8542,861,556499,556557
2026-05-26 09:39:00.000000000,1779759540000000000,8542,8554,8537,8551,2614,556557,556161
2026-05-26 09:40:00.000000000,1779759600000000000,8551,8551,8547,8550,1049,556161,556076
2026-05-26 09:41:00.000000000,1779759660000000000,8550,8551,8545,8545,670,556076,555986
2026-05-26 09:42:00.000000000,1779759720000000000,8545,8546,8536,8536,1079,555986,555748
2026-05-26 09:43:00.000000000,1779759780000000000,8536,8542,8535,8537,935,555748,555608
2026-05-26 09:44:00.000000000,1779759840000000000,8537,8542,8535,8537,987,555608,555625
2026-05-26 09:45:00.000000000,1779759900000000000,8537,8541,8536,8539,818,555625,555515
2026-05-26 09:46:00.000000000,1779759960000000000,8539,8549,8539,8548,914,555515,555416
2026-05-26 09:47:00.000000000,1779760020000000000,8548,8550,8545,8548,537,555416,555352
2026-05-26 09:48:00.000000000,1779760080000000000,8548,8555,8548,8554,1438,555352,555433
2026-05-26 09:49:00.000000000,1779760140000000000,8554,8561,8552,8557,1351,555433,555541
2026-05-26 09:50:00.000000000,1779760200000000000,8557,8560,8554,8556,1175,555541,555775
2026-05-26 09:51:00.000000000,1779760260000000000,8556,8557,8551,8552,652,555775,555850
2026-05-26 09:52:00.000000000,1779760320000000000,8552,8553,8548,8549,806,555850,555798
2026-05-26 09:53:00.000000000,1779760380000000000,8549,8549,8546,8549,606,555798,555791
2026-05-26 09:54:00.000000000,1779760440000000000,8549,8549,8542,8548,733,555791,555578
2026-05-26 09:55:00.000000000,1779760500000000000,8548,8551,8545,8545,940,555578,555439
2026-05-26 09:56:00.000000000,1779760560000000000,8545,8545,8535,8536,1238,555439,555268
2026-05-26 09:57:00.000000000,1779760620000000000,8536,8539,8533,8539,1139,555268,555004
2026-05-26 09:58:00.000000000,1779760680000000000,8539,8543,8537,8538,1700,555004,555023
2026-05-26 09:59:00.000000000,1779760740000000000,8538,8547,8538,8546,1164,555023,555167
2026-05-26 10:00:00.000000000,1779760800000000000,8546,8551,8546,8550,1411,555167,555399
2026-05-26 10:01:00.000000000,1779760860000000000,8550,8551,8544,8550,809,555399,555323
2026-05-26 10:02:00.000000000,1779760920000000000,8550,8550,8545,8548,521,555323,555367
2026-05-26 10:03:00.000000000,1779760980000000000,8548,8550,8537,8539,1429,555367,555510
2026-05-26 10:04:00.000000000,1779761040000000000,8539,8542,8537,8541,844,555510,555521
2026-05-26 10:05:00.000000000,1779761100000000000,8541,8545,8535,8537,1129,555521,555691
2026-05-26 10:06:00.000000000,1779761160000000000,8537,8543,8537,8541,606,555691,555638
2026-05-26 10:07:00.000000000,1779761220000000000,8541,8541,8536,8540,785,555638,555489
2026-05-26 10:08:00.000000000,1779761280000000000,8540,8545,8539,8540,760,555489,555447
2026-05-26 10:09:00.000000000,1779761340000000000,8540,8542,8531,8532,1405,555447,555643
2026-05-26 10:10:00.000000000,1779761400000000000,8532,8537,8525,8526,1729,555643,555703
2026-05-26 10:11:00.000000000,1779761460000000000,8526,8528,8521,8525,1778,555703,555840
2026-05-26 10:12:00.000000000,1779761520000000000,8525,8527,8514,8520,3489,555840,556177
2026-05-26 10:13:00.000000000,1779761580000000000,8520,8527,8520,8526,1289,556177,556305
2026-05-26 10:14:00.000000000,1779761640000000000,8526,8532,8526,8532,910,556305,556114
2026-05-26 10:30:00.000000000,1779762600000000000,8530,8532,8516,8519,3120,556114,556297
2026-05-26 10:31:00.000000000,1779762660000000000,8519,8519,8510,8512,2386,556297,556776
2026-05-26 10:32:00.000000000,1779762720000000000,8512,8516,8510,8514,1521,556776,556961
2026-05-26 10:33:00.000000000,1779762780000000000,8514,8515,8505,8510,2389,556961,557052
2026-05-26 10:34:00.000000000,1779762840000000000,8510,8510,8504,8508,1846,557052,557062
2026-05-26 10:35:00.000000000,1779762900000000000,8508,8510,8505,8506,1711,557062,557129
2026-05-26 10:36:00.000000000,1779762960000000000,8506,8510,8503,8504,1423,557129,557205
2026-05-26 10:37:00.000000000,1779763020000000000,8504,8504,8491,8493,4998,557205,557172
2026-05-26 10:38:00.000000000,1779763080000000000,8493,8496,8490,8494,2549,557172,557325
2026-05-26 10:39:00.000000000,1779763140000000000,8494,8501,8493,8493,1748,557325,557568
2026-05-26 10:40:00.000000000,1779763200000000000,8493,8498,8489,8492,2363,557568,557743
2026-05-26 10:41:00.000000000,1779763260000000000,8492,8494,8488,8493,1596,557743,557743
2026-05-26 10:42:00.000000000,1779763320000000000,8493,8501,8492,8497,1964,557743,557470
2026-05-26 10:43:00.000000000,1779763380000000000,8497,8500,8494,8497,1252,557470,557355
2026-05-26 10:44:00.000000000,1779763440000000000,8497,8502,8494,8499,1701,557355,557185
2026-05-26 10:45:00.000000000,1779763500000000000,8499,8506,8496,8504,2384,557185,556961
2026-05-26 10:46:00.000000000,1779763560000000000,8504,8504,8498,8500,1683,556961,556997
2026-05-26 10:47:00.000000000,1779763620000000000,8500,8507,8500,8502,1585,556997,556879
2026-05-26 10:48:00.000000000,1779763680000000000,8502,8514,8501,8510,1792,556879,556714
2026-05-26 10:49:00.000000000,1779763740000000000,8510,8514,8505,8509,1325,556714,556659
2026-05-26 10:50:00.000000000,1779763800000000000,8509,8510,8505,8510,1164,556659,556679
2026-05-26 10:51:00.000000000,1779763860000000000,8510,8510,8504,8506,1137,556679,556670
2026-05-26 10:52:00.000000000,1779763920000000000,8506,8511,8505,8510,957,556670,556884
2026-05-26 10:53:00.000000000,1779763980000000000,8510,8510,8496,8500,1680,556884,557029
2026-05-26 10:54:00.000000000,1779764040000000000,8500,8504,8498,8504,826,557029,557004
2026-05-26 10:55:00.000000000,1779764100000000000,8504,8506,8500,8502,841,557004,557114
2026-05-26 10:56:00.000000000,1779764160000000000,8502,8505,8501,8504,490,557114,557081
2026-05-26 10:57:00.000000000,1779764220000000000,8504,8505,8495,8495,1339,557081,556955
2026-05-26 10:58:00.000000000,1779764280000000000,8495,8495,8484,8486,2568,556955,557208
2026-05-26 10:59:00.000000000,1779764340000000000,8486,8493,8486,8492,1044,557208,557332
2026-05-26 11:00:00.000000000,1779764400000000000,8492,8498,8491,8492,1013,557332,557180
2026-05-26 11:01:00.000000000,1779764460000000000,8492,8494,8488,8488,907,557180,557115
2026-05-26 11:02:00.000000000,1779764520000000000,8488,8493,8486,8490,972,557115,557153
2026-05-26 11:03:00.000000000,1779764580000000000,8490,8493,8490,8493,560,557153,557185
2026-05-26 11:04:00.000000000,1779764640000000000,8493,8494,8486,8487,482,557185,557234
2026-05-26 11:05:00.000000000,1779764700000000000,8487,8489,8484,8488,1274,557234,557242
2026-05-26 11:06:00.000000000,1779764760000000000,8488,8490,8482,8484,960,557242,557318
2026-05-26 11:07:00.000000000,1779764820000000000,8484,8486,8481,8485,995,557318,557531
2026-05-26 11:08:00.000000000,1779764880000000000,8485,8494,8484,8492,1226,557531,557503
2026-05-26 11:09:00.000000000,1779764940000000000,8492,8492,8488,8491,651,557503,557418
2026-05-26 11:10:00.000000000,1779765000000000000,8491,8491,8483,8483,843,557418,557356
2026-05-26 11:11:00.000000000,1779765060000000000,8483,8484,8463,8468,7538,557356,557206
2026-05-26 11:12:00.000000000,1779765120000000000,8468,8468,8448,8451,7110,557206,556809
2026-05-26 11:13:00.000000000,1779765180000000000,8451,8457,8446,8457,6121,556809,556011
2026-05-26 11:14:00.000000000,1779765240000000000,8457,8463,8454,8462,3043,556011,555980
2026-05-26 11:15:00.000000000,1779765300000000000,8462,8466,8460,8466,2021,555980,556053
2026-05-26 11:16:00.000000000,1779765360000000000,8466,8469,8461,8469,1337,556053,556222
2026-05-26 11:17:00.000000000,1779765420000000000,8469,8474,8466,8469,1687,556222,556224
2026-05-26 11:18:00.000000000,1779765480000000000,8469,8469,8463,8465,1168,556224,556176
2026-05-26 11:19:00.000000000,1779765540000000000,8465,8465,8454,8458,1933,556176,555889
2026-05-26 11:20:00.000000000,1779765600000000000,8458,8459,8452,8456,1714,555889,556177
2026-05-26 11:21:00.000000000,1779765660000000000,8456,8465,8454,8460,1582,556177,555890
2026-05-26 11:22:00.000000000,1779765720000000000,8460,8463,8457,8460,1221,555890,555650
2026-05-26 11:23:00.000000000,1779765780000000000,8460,8469,8459,8469,1192,555650,555341
2026-05-26 11:24:00.000000000,1779765840000000000,8469,8472,8466,8471,1146,555341,555138
2026-05-26 11:25:00.000000000,1779765900000000000,8471,8480,8471,8476,2477,555138,554492
2026-05-26 11:26:00.000000000,1779765960000000000,8476,8480,8466,8467,1882,554492,554061
2026-05-26 11:27:00.000000000,1779766020000000000,8467,8473,8464,8471,809,554061,554126
2026-05-26 11:28:00.000000000,1779766080000000000,8471,8472,8467,8468,754,554126,553895
2026-05-26 11:29:00.000000000,1779766140000000000,8468,8471,8465,8465,1505,553895,553307
2026-05-26 13:30:00.000000000,1779773400000000000,8481,8493,8481,8492,5810,553307,552523
2026-05-26 13:31:00.000000000,1779773460000000000,8492,8498,8488,8489,3810,552523,552007
2026-05-26 13:32:00.000000000,1779773520000000000,8489,8491,8485,8485,1862,552007,551939
2026-05-26 13:33:00.000000000,1779773580000000000,8485,8491,8479,8479,2110,551939,551871
2026-05-26 13:34:00.000000000,1779773640000000000,8479,8479,8475,8478,2181,551871,551735
2026-05-26 13:35:00.000000000,1779773700000000000,8478,8479,8474,8474,1667,551735,551192
2026-05-26 13:36:00.000000000,1779773760000000000,8474,8479,8474,8477,772,551192,551268
2026-05-26 13:37:00.000000000,1779773820000000000,8477,8477,8471,8474,1367,551268,551207
2026-05-26 13:38:00.000000000,1779773880000000000,8474,8479,8472,8479,1295,551207,551211
2026-05-26 13:39:00.000000000,1779773940000000000,8479,8481,8473,8473,1292,551211,550951
2026-05-26 13:40:00.000000000,1779774000000000000,8473,8479,8473,8476,635,550951,551047
2026-05-26 13:41:00.000000000,1779774060000000000,8476,8477,8470,8472,1233,551047,550936
2026-05-26 13:42:00.000000000,1779774120000000000,8472,8472,8460,8463,1917,550936,550677
2026-05-26 13:43:00.000000000,1779774180000000000,8463,8464,8456,8461,2878,550677,551381
2026-05-26 13:44:00.000000000,1779774240000000000,8461,8461,8456,8461,1926,551381,551827
2026-05-26 13:45:00.000000000,1779774300000000000,8461,8472,8461,8466,2113,551827,551944
2026-05-26 13:46:00.000000000,1779774360000000000,8466,8474,8465,8471,2760,551944,551481
2026-05-26 13:47:00.000000000,1779774420000000000,8471,8484,8468,8484,2203,551481,551426
2026-05-26 13:48:00.000000000,1779774480000000000,8484,8487,8477,8479,1274,551426,551567
2026-05-26 13:49:00.000000000,1779774540000000000,8479,8490,8478,8483,1976,551567,551570
2026-05-26 13:50:00.000000000,1779774600000000000,8483,8493,8483,8490,1757,551570,551528
2026-05-26 13:51:00.000000000,1779774660000000000,8490,8501,8487,8500,3142,551528,551710
2026-05-26 13:52:00.000000000,1779774720000000000,8500,8505,8495,8495,2827,551710,551907
2026-05-26 13:53:00.000000000,1779774780000000000,8495,8500,8489,8498,1682,551907,551983
2026-05-26 13:54:00.000000000,1779774840000000000,8498,8503,8498,8503,1890,551983,552030
2026-05-26 13:55:00.000000000,1779774900000000000,8503,8504,8493,8493,2323,552030,551669
2026-05-26 13:56:00.000000000,1779774960000000000,8493,8496,8489,8495,2305,551669,551452
2026-05-26 13:57:00.000000000,1779775020000000000,8495,8509,8495,8508,2140,551452,551347
2026-05-26 13:58:00.000000000,1779775080000000000,8508,8508,8497,8505,1665,551347,551450
2026-05-26 13:59:00.000000000,1779775140000000000,8505,8506,8497,8497,877,551450,551526
2026-05-26 14:00:00.000000000,1779775200000000000,8497,8502,8492,8493,1325,551526,551606
2026-05-26 14:01:00.000000000,1779775260000000000,8493,8496,8492,8493,793,551606,551619
2026-05-26 14:02:00.000000000,1779775320000000000,8493,8495,8487,8489,1197,551619,551521
2026-05-26 14:03:00.000000000,1779775380000000000,8489,8495,8489,8493,739,551521,551566
2026-05-26 14:04:00.000000000,1779775440000000000,8493,8498,8493,8496,957,551566,551917
2026-05-26 14:05:00.000000000,1779775500000000000,8496,8500,8493,8500,1055,551917,552035
2026-05-26 14:06:00.000000000,1779775560000000000,8500,8500,8485,8486,1959,552035,551485
2026-05-26 14:07:00.000000000,1779775620000000000,8486,8487,8482,8484,1479,551485,551019
2026-05-26 14:08:00.000000000,1779775680000000000,8484,8484,8477,8480,1506,551019,550537
2026-05-26 14:09:00.000000000,1779775740000000000,8480,8481,8474,8474,2201,550537,549950
2026-05-26 14:10:00.000000000,1779775800000000000,8474,8477,8470,8475,1726,549950,550013
2026-05-26 14:11:00.000000000,1779775860000000000,8475,8476,8471,8475,791,550013,549963
2026-05-26 14:12:00.000000000,1779775920000000000,8475,8475,8465,8467,1766,549963,549706
2026-05-26 14:13:00.000000000,1779775980000000000,8467,8469,8464,8467,1376,549706,549630
2026-05-26 14:14:00.000000000,1779776040000000000,8467,8467,8460,8463,2477,549630,550249
2026-05-26 14:15:00.000000000,1779776100000000000,8463,8470,8463,8469,1488,550249,550244
2026-05-26 14:16:00.000000000,1779776160000000000,8469,8469,8461,8465,2497,550244,549669
2026-05-26 14:17:00.000000000,1779776220000000000,8465,8468,8463,8467,1139,549669,549575
2026-05-26 14:18:00.000000000,1779776280000000000,8467,8470,8466,8469,691,549575,549463
2026-05-26 14:19:00.000000000,1779776340000000000,8469,8470,8465,8469,799,549463,549523
2026-05-26 14:20:00.000000000,1779776400000000000,8469,8471,8467,8468,898,549523,549468
2026-05-26 14:21:00.000000000,1779776460000000000,8468,8472,8467,8468,1312,549468,549172
2026-05-26 14:22:00.000000000,1779776520000000000,8468,8475,8466,8475,2534,549172,548751
2026-05-26 14:23:00.000000000,1779776580000000000,8475,8479,8468,8468,1935,548751,548435
2026-05-26 14:24:00.000000000,1779776640000000000,8468,8468,8462,8462,1770,548435,548067
2026-05-26 14:25:00.000000000,1779776700000000000,8462,8466,8455,8457,2300,548067,547910
2026-05-26 14:26:00.000000000,1779776760000000000,8457,8458,8453,8456,1342,547910,547779
2026-05-26 14:27:00.000000000,1779776820000000000,8456,8464,8456,8463,1118,547779,547747
2026-05-26 14:28:00.000000000,1779776880000000000,8463,8479,8463,8479,1381,547747,547693
2026-05-26 14:29:00.000000000,1779776940000000000,8479,8484,8473,8474,2098,547693,547385
2026-05-26 14:30:00.000000000,1779777000000000000,8474,8475,8469,8470,1032,547385,547363
2026-05-26 14:31:00.000000000,1779777060000000000,8470,8475,8469,8469,788,547363,547340
2026-05-26 14:32:00.000000000,1779777120000000000,8469,8475,8468,8474,990,547340,547221
2026-05-26 14:33:00.000000000,1779777180000000000,8474,8477,8470,8476,1035,547221,546882
2026-05-26 14:34:00.000000000,1779777240000000000,8476,8476,8467,8470,920,546882,546970
2026-05-26 14:35:00.000000000,1779777300000000000,8470,8472,8468,8469,1084,546970,547116
2026-05-26 14:36:00.000000000,1779777360000000000,8469,8472,8467,8468,715,547116,547143
2026-05-26 14:37:00.000000000,1779777420000000000,8468,8470,8467,8470,601,547143,547164
2026-05-26 14:38:00.000000000,1779777480000000000,8470,8472,8463,8471,2161,547164,546671
2026-05-26 14:39:00.000000000,1779777540000000000,8471,8471,8463,8466,1169,546671,546479
2026-05-26 14:40:00.000000000,1779777600000000000,8466,8475,8465,8469,1157,546479,546406
2026-05-26 14:41:00.000000000,1779777660000000000,8469,8475,8467,8474,1091,546406,546299
2026-05-26 14:42:00.000000000,1779777720000000000,8474,8474,8470,8472,738,546299,546177
2026-05-26 14:43:00.000000000,1779777780000000000,8472,8474,8471,8474,554,546177,546038
2026-05-26 14:44:00.000000000,1779777840000000000,8474,8477,8471,8473,641,546038,546007
2026-05-26 14:45:00.000000000,1779777900000000000,8473,8477,8472,8477,854,546007,545895
2026-05-26 14:46:00.000000000,1779777960000000000,8477,8485,8476,8482,1401,545895,545499
2026-05-26 14:47:00.000000000,1779778020000000000,8482,8482,8477,8479,595,545499,545520
2026-05-26 14:48:00.000000000,1779778080000000000,8479,8480,8477,8480,542,545520,545441
2026-05-26 14:49:00.000000000,1779778140000000000,8480,8484,8474,8474,1156,545441,545359
2026-05-26 14:50:00.000000000,1779778200000000000,8474,8476,8470,8471,1529,545359,545189
2026-05-26 14:51:00.000000000,1779778260000000000,8471,8472,8469,8472,735,545189,545225
2026-05-26 14:52:00.000000000,1779778320000000000,8472,8475,8471,8472,713,545225,545120
2026-05-26 14:53:00.000000000,1779778380000000000,8472,8474,8470,8471,621,545120,545225
2026-05-26 14:54:00.000000000,1779778440000000000,8471,8474,8470,8473,544,545225,545277
2026-05-26 14:55:00.000000000,1779778500000000000,8473,8475,8470,8472,1079,545277,545053
2026-05-26 14:56:00.000000000,1779778560000000000,8472,8473,8470,8471,1014,545053,544884
2026-05-26 14:57:00.000000000,1779778620000000000,8471,8477,8471,8475,1411,544884,544574
2026-05-26 14:58:00.000000000,1779778680000000000,8475,8475,8472,8475,1669,544574,544179
2026-05-26 14:59:00.000000000,1779778740000000000,8475,8480,8475,8476,2494,544179,543377
2026-05-26 21:00:00.000000000,1779800400000000000,8492,8504,8486,8495,10771,543377,543017
2026-05-26 21:01:00.000000000,1779800460000000000,8495,8498,8486,8487,4484,543017,542773
2026-05-26 21:02:00.000000000,1779800520000000000,8487,8521,8487,8516,7741,542773,542267
2026-05-26 21:03:00.000000000,1779800580000000000,8516,8528,8516,8523,5109,542267,541603
2026-05-26 21:04:00.000000000,1779800640000000000,8523,8532,8513,8513,6213,541603,541466
2026-05-26 21:05:00.000000000,1779800700000000000,8513,8516,8509,8511,4226,541466,541930
2026-05-26 21:06:00.000000000,1779800760000000000,8511,8521,8510,8520,4318,541930,541253
2026-05-26 21:07:00.000000000,1779800820000000000,8520,8520,8505,8510,3163,541253,541700
2026-05-26 21:08:00.000000000,1779800880000000000,8510,8521,8508,8520,2775,541700,541762
2026-05-26 21:09:00.000000000,1779800940000000000,8520,8527,8520,8524,3836,541762,541814
2026-05-26 21:10:00.000000000,1779801000000000000,8524,8525,8518,8523,3145,541814,541588
2026-05-26 21:11:00.000000000,1779801060000000000,8523,8531,8521,8522,4867,541588,543094
2026-05-26 21:12:00.000000000,1779801120000000000,8522,8529,8521,8527,3171,543094,543202
2026-05-26 21:13:00.000000000,1779801180000000000,8527,8528,8519,8520,1755,543202,543229
2026-05-26 21:14:00.000000000,1779801240000000000,8520,8526,8517,8524,1978,543229,543082
2026-05-26 21:15:00.000000000,1779801300000000000,8524,8535,8520,8534,4048,543082,543594
2026-05-26 21:16:00.000000000,1779801360000000000,8534,8543,8534,8537,5720,543594,544307
2026-05-26 21:17:00.000000000,1779801420000000000,8537,8553,8534,8545,6973,544307,544810
2026-05-26 21:18:00.000000000,1779801480000000000,8545,8548,8544,8547,2448,544810,544832
2026-05-26 21:19:00.000000000,1779801540000000000,8547,8558,8546,8554,4311,544832,545297
2026-05-26 21:20:00.000000000,1779801600000000000,8554,8555,8548,8549,2215,545297,545102
2026-05-26 21:21:00.000000000,1779801660000000000,8549,8557,8549,8557,4126,545102,546215
2026-05-26 21:22:00.000000000,1779801720000000000,8557,8557,8548,8550,2492,546215,546394
2026-05-26 21:23:00.000000000,1779801780000000000,8550,8555,8549,8550,1695,546394,546485
2026-05-26 21:24:00.000000000,1779801840000000000,8550,8554,8549,8549,1256,546485,546441
2026-05-26 21:25:00.000000000,1779801900000000000,8549,8554,8547,8548,1853,546441,546265
2026-05-26 21:26:00.000000000,1779801960000000000,8548,8565,8548,8560,4294,546265,547186
2026-05-26 21:27:00.000000000,1779802020000000000,8560,8561,8556,8556,1805,547186,546988
2026-05-26 21:28:00.000000000,1779802080000000000,8556,8561,8556,8561,2787,546988,546995
2026-05-26 21:29:00.000000000,1779802140000000000,8561,8566,8560,8564,1932,546995,547035
2026-05-26 21:30:00.000000000,1779802200000000000,8564,8565,8551,8558,3431,547035,547611
2026-05-26 21:31:00.000000000,1779802260000000000,8558,8566,8557,8565,3023,547611,548814
2026-05-26 21:32:00.000000000,1779802320000000000,8565,8565,8558,8562,2505,548814,548647
2026-05-26 21:33:00.000000000,1779802380000000000,8562,8563,8557,8560,1764,548647,548862
2026-05-26 21:34:00.000000000,1779802440000000000,8560,8572,8560,8568,4703,548862,549600
2026-05-26 21:35:00.000000000,1779802500000000000,8568,8570,8560,8560,1362,549600,549540
2026-05-26 21:36:00.000000000,1779802560000000000,8560,8565,8560,8564,2009,549540,549157
2026-05-26 21:37:00.000000000,1779802620000000000,8564,8566,8560,8561,1058,549157,549222
2026-05-26 21:38:00.000000000,1779802680000000000,8561,8561,8553,8556,2362,549222,549368
2026-05-26 21:39:00.000000000,1779802740000000000,8556,8562,8556,8561,1518,549368,549582
2026-05-26 21:40:00.000000000,1779802800000000000,8561,8562,8558,8561,1026,549582,549502
2026-05-26 21:41:00.000000000,1779802860000000000,8561,8567,8561,8566,1243,549502,549443
2026-05-26 21:42:00.000000000,1779802920000000000,8566,8575,8566,8567,2210,549443,549423
2026-05-26 21:43:00.000000000,1779802980000000000,8567,8573,8567,8571,1607,549423,549326
2026-05-26 21:44:00.000000000,1779803040000000000,8571,8572,8566,8567,641,549326,549406
2026-05-26 21:45:00.000000000,1779803100000000000,8567,8568,8563,8566,1261,549406,549195
2026-05-26 21:46:00.000000000,1779803160000000000,8566,8573,8565,8569,1245,549195,549465
2026-05-26 21:47:00.000000000,1779803220000000000,8569,8573,8569,8569,1077,549465,549717
2026-05-26 21:48:00.000000000,1779803280000000000,8569,8569,8566,8567,682,549717,549679
2026-05-26 21:49:00.000000000,1779803340000000000,8567,8576,8567,8573,1859,549679,549726
2026-05-26 21:50:00.000000000,1779803400000000000,8573,8587,8573,8586,4374,549726,549990
2026-05-26 21:51:00.000000000,1779803460000000000,8586,8588,8582,8584,2789,549990,549875
2026-05-26 21:52:00.000000000,1779803520000000000,8584,8593,8584,8591,3742,549875,551064
2026-05-26 21:53:00.000000000,1779803580000000000,8591,8628,8590,8610,12921,551064,551902
2026-05-26 21:54:00.000000000,1779803640000000000,8610,8616,8608,8611,3819,551902,551891
2026-05-26 21:55:00.000000000,1779803700000000000,8611,8615,8607,8609,3577,551891,552074
2026-05-26 21:56:00.000000000,1779803760000000000,8609,8610,8602,8605,2310,552074,551997
2026-05-26 21:57:00.000000000,1779803820000000000,8605,8606,8601,8603,1733,551997,551877
2026-05-26 21:58:00.000000000,1779803880000000000,8603,8608,8598,8599,2530,551877,552040
2026-05-26 21:59:00.000000000,1779803940000000000,8599,8602,8596,8597,2062,552040,552072
2026-05-26 22:00:00.000000000,1779804000000000000,8597,8599,8590,8593,2779,552072,551828
2026-05-26 22:01:00.000000000,1779804060000000000,8593,8597,8588,8589,1833,551828,551686
2026-05-26 22:02:00.000000000,1779804120000000000,8589,8596,8588,8593,1765,551686,551624
2026-05-26 22:03:00.000000000,1779804180000000000,8593,8593,8584,8587,1912,551624,551554
2026-05-26 22:04:00.000000000,1779804240000000000,8587,8591,8587,8591,954,551554,551521
2026-05-26 22:05:00.000000000,1779804300000000000,8591,8595,8589,8590,1215,551521,551553
2026-05-26 22:06:00.000000000,1779804360000000000,8590,8590,8581,8582,2185,551553,550880
2026-05-26 22:07:00.000000000,1779804420000000000,8582,8586,8576,8577,3998,550880,549521
2026-05-26 22:08:00.000000000,1779804480000000000,8577,8580,8571,8572,3492,549521,548050
2026-05-26 22:09:00.000000000,1779804540000000000,8572,8579,8571,8577,1548,548050,547714
2026-05-26 22:10:00.000000000,1779804600000000000,8577,8583,8577,8580,1689,547714,547555
2026-05-26 22:11:00.000000000,1779804660000000000,8580,8585,8579,8583,1240,547555,547773
2026-05-26 22:12:00.000000000,1779804720000000000,8583,8588,8583,8588,1019,547773,547807
2026-05-26 22:13:00.000000000,1779804780000000000,8588,8596,8588,8594,1806,547807,547806
2026-05-26 22:14:00.000000000,1779804840000000000,8594,8594,8585,8585,978,547806,547823
2026-05-26 22:15:00.000000000,1779804900000000000,8585,8587,8583,8587,895,547823,547920
2026-05-26 22:16:00.000000000,1779804960000000000,8587,8589,8586,8589,700,547920,548089
2026-05-26 22:17:00.000000000,1779805020000000000,8589,8595,8588,8593,1957,548089,548529
2026-05-26 22:18:00.000000000,1779805080000000000,8593,8595,8590,8592,799,548529,548515
2026-05-26 22:19:00.000000000,1779805140000000000,8592,8595,8592,8595,756,548515,548596
2026-05-26 22:20:00.000000000,1779805200000000000,8595,8596,8590,8591,597,548596,548545
2026-05-26 22:21:00.000000000,1779805260000000000,8591,8592,8586,8587,925,548545,548347
2026-05-26 22:22:00.000000000,1779805320000000000,8587,8589,8585,8589,738,548347,548332
2026-05-26 22:23:00.000000000,1779805380000000000,8589,8593,8588,8592,818,548332,548420
2026-05-26 22:24:00.000000000,1779805440000000000,8592,8592,8589,8589,482,548420,548360
2026-05-26 22:25:00.000000000,1779805500000000000,8589,8589,8585,8588,726,548360,548314
2026-05-26 22:26:00.000000000,1779805560000000000,8588,8592,8587,8588,553,548314,548413
2026-05-26 22:27:00.000000000,1779805620000000000,8588,8589,8585,8587,653,548413,548327
2026-05-26 22:28:00.000000000,1779805680000000000,8587,8589,8585,8586,729,548327,548200
2026-05-26 22:29:00.000000000,1779805740000000000,8586,8587,8581,8581,1006,548200,548013
2026-05-26 22:30:00.000000000,1779805800000000000,8581,8582,8576,8578,1468,548013,547991
2026-05-26 22:31:00.000000000,1779805860000000000,8578,8585,8578,8584,1034,547991,548030
2026-05-26 22:32:00.000000000,1779805920000000000,8584,8584,8577,8578,940,548030,548087
2026-05-26 22:33:00.000000000,1779805980000000000,8578,8582,8577,8578,737,548087,548124
2026-05-26 22:34:00.000000000,1779806040000000000,8578,8581,8578,8580,976,548124,548368
2026-05-26 22:35:00.000000000,1779806100000000000,8580,8580,8573,8574,1081,548368,548283
2026-05-26 22:36:00.000000000,1779806160000000000,8574,8575,8568,8572,1830,548283,548239
2026-05-26 22:37:00.000000000,1779806220000000000,8572,8572,8568,8570,860,548239,548349
2026-05-26 22:38:00.000000000,1779806280000000000,8570,8573,8568,8570,1072,548349,548232
2026-05-26 22:39:00.000000000,1779806340000000000,8570,8573,8569,8572,590,548232,548188
2026-05-26 22:40:00.000000000,1779806400000000000,8572,8573,8565,8567,1380,548188,547886
2026-05-26 22:41:00.000000000,1779806460000000000,8567,8568,8565,8568,747,547886,547904
2026-05-26 22:42:00.000000000,1779806520000000000,8568,8572,8568,8572,852,547904,547746
2026-05-26 22:43:00.000000000,1779806580000000000,8572,8579,8572,8577,1184,547746,547605
2026-05-26 22:44:00.000000000,1779806640000000000,8577,8577,8571,8572,728,547605,547591
2026-05-26 22:45:00.000000000,1779806700000000000,8572,8575,8571,8573,412,547591,547520
2026-05-26 22:46:00.000000000,1779806760000000000,8573,8576,8573,8573,403,547520,547429
2026-05-26 22:47:00.000000000,1779806820000000000,8573,8575,8572,8573,781,547429,547284
2026-05-26 22:48:00.000000000,1779806880000000000,8573,8575,8572,8573,532,547284,547249
2026-05-26 22:49:00.000000000,1779806940000000000,8573,8575,8572,8575,508,547249,547092
2026-05-26 22:50:00.000000000,1779807000000000000,8575,8575,8572,8574,573,547092,547030
2026-05-26 22:51:00.000000000,1779807060000000000,8574,8574,8570,8571,668,547030,546907
2026-05-26 22:52:00.000000000,1779807120000000000,8571,8573,8570,8571,416,546907,546840
2026-05-26 22:53:00.000000000,1779807180000000000,8571,8575,8571,8573,890,546840,546631
2026-05-26 22:54:00.000000000,1779807240000000000,8573,8575,8572,8574,403,546631,546566
2026-05-26 22:55:00.000000000,1779807300000000000,8574,8580,8572,8578,1256,546566,546151
2026-05-26 22:56:00.000000000,1779807360000000000,8578,8579,8574,8576,962,546151,545984
2026-05-26 22:57:00.000000000,1779807420000000000,8576,8576,8572,8573,931,545984,545762
2026-05-26 22:58:00.000000000,1779807480000000000,8573,8579,8571,8577,1614,545762,545412
2026-05-26 22:59:00.000000000,1779807540000000000,8577,8580,8572,8572,1951,545412,544435
2026-05-27 09:00:00.000000000,1779843600000000000,8556,8556,8537,8539,9435,544435,544583
2026-05-27 09:01:00.000000000,1779843660000000000,8539,8543,8530,8530,6984,544583,544459
2026-05-27 09:02:00.000000000,1779843720000000000,8530,8537,8521,8535,5108,544459,543731
2026-05-27 09:03:00.000000000,1779843780000000000,8535,8536,8524,8527,3148,543731,544002
2026-05-27 09:04:00.000000000,1779843840000000000,8527,8533,8527,8532,1733,544002,544093
2026-05-27 09:05:00.000000000,1779843900000000000,8532,8535,8528,8530,2196,544093,544528
2026-05-27 09:06:00.000000000,1779843960000000000,8530,8530,8512,8515,5245,544528,544424
2026-05-27 09:07:00.000000000,1779844020000000000,8515,8517,8492,8506,7735,544424,543554
2026-05-27 09:08:00.000000000,1779844080000000000,8506,8512,8502,8510,3144,543554,543507
2026-05-27 09:09:00.000000000,1779844140000000000,8510,8514,8501,8503,2378,543507,543487
2026-05-27 09:10:00.000000000,1779844200000000000,8503,8503,8492,8497,3518,543487,543617
2026-05-27 09:11:00.000000000,1779844260000000000,8497,8505,8497,8504,2566,543617,543705
2026-05-27 09:12:00.000000000,1779844320000000000,8504,8507,8501,8501,1824,543705,543882
2026-05-27 09:13:00.000000000,1779844380000000000,8501,8501,8495,8497,2242,543882,544269
2026-05-27 09:14:00.000000000,1779844440000000000,8497,8506,8495,8503,1802,544269,544493
2026-05-27 09:15:00.000000000,1779844500000000000,8503,8512,8502,8510,2627,544493,544333
2026-05-27 09:16:00.000000000,1779844560000000000,8510,8510,8505,8509,1544,544333,544623
2026-05-27 09:17:00.000000000,1779844620000000000,8509,8509,8502,8509,1495,544623,544824
2026-05-27 09:18:00.000000000,1779844680000000000,8509,8518,8506,8517,2091,544824,544616
2026-05-27 09:19:00.000000000,1779844740000000000,8517,8523,8515,8517,1930,544616,544903
2026-05-27 09:20:00.000000000,1779844800000000000,8517,8521,8513,8515,1741,544903,544861
2026-05-27 09:21:00.000000000,1779844860000000000,8515,8517,8507,8514,1297,544861,545105
2026-05-27 09:22:00.000000000,1779844920000000000,8514,8517,8510,8512,863,545105,545259
2026-05-27 09:23:00.000000000,1779844980000000000,8512,8514,8508,8512,1198,545259,545308
2026-05-27 09:24:00.000000000,1779845040000000000,8512,8516,8510,8512,912,545308,545289
2026-05-27 09:25:00.000000000,1779845100000000000,8512,8514,8505,8505,1042,545289,545138
2026-05-27 09:26:00.000000000,1779845160000000000,8505,8505,8500,8502,1518,545138,545047
2026-05-27 09:27:00.000000000,1779845220000000000,8502,8509,8502,8509,1259,545047,545008
2026-05-27 09:28:00.000000000,1779845280000000000,8509,8512,8500,8501,3278,545008,545361
2026-05-27 09:29:00.000000000,1779845340000000000,8501,8509,8500,8509,1893,545361,545457
2026-05-27 09:30:00.000000000,1779845400000000000,8509,8513,8501,8503,2155,545457,545432
2026-05-27 09:31:00.000000000,1779845460000000000,8503,8513,8502,8510,1874,545432,545072
2026-05-27 09:32:00.000000000,1779845520000000000,8510,8516,8510,8515,1261,545072,544882
2026-05-27 09:33:00.000000000,1779845580000000000,8515,8524,8514,8519,1802,544882,544909
2026-05-27 09:34:00.000000000,1779845640000000000,8519,8522,8518,8518,920,544909,545037
2026-05-27 09:35:00.000000000,1779845700000000000,8518,8519,8513,8517,1643,545037,545352
2026-05-27 09:36:00.000000000,1779845760000000000,8517,8517,8500,8501,1954,545352,545011
2026-05-27 09:37:00.000000000,1779845820000000000,8501,8509,8501,8507,1278,545011,545105
2026-05-27 09:38:00.000000000,1779845880000000000,8507,8509,8501,8505,1356,545105,545199
2026-05-27 09:39:00.000000000,1779845940000000000,8505,8509,8505,8509,591,545199,545190
2026-05-27 09:40:00.000000000,1779846000000000000,8509,8511,8507,8508,413,545190,545224
2026-05-27 09:41:00.000000000,1779846060000000000,8508,8513,8506,8510,723,545224,545286
2026-05-27 09:42:00.000000000,1779846120000000000,8510,8526,8510,8523,2137,545286,545669
2026-05-27 09:43:00.000000000,1779846180000000000,8523,8523,8517,8520,1098,545669,545861
2026-05-27 09:44:00.000000000,1779846240000000000,8520,8521,8517,8518,961,545861,546081
2026-05-27 09:45:00.000000000,1779846300000000000,8518,8522,8514,8522,665,546081,546160
2026-05-27 09:46:00.000000000,1779846360000000000,8522,8525,8515,8521,1860,546160,546417
2026-05-27 09:47:00.000000000,1779846420000000000,8521,8527,8519,8524,3495,546417,547460
2026-05-27 09:48:00.000000000,1779846480000000000,8524,8527,8522,8527,1605,547460,547058
2026-05-27 09:49:00.000000000,1779846540000000000,8527,8537,8527,8534,3094,547058,546908
2026-05-27 09:50:00.000000000,1779846600000000000,8534,8534,8523,8523,1248,546908,546747
2026-05-27 09:51:00.000000000,1779846660000000000,8523,8525,8519,8520,1189,546747,546514
2026-05-27 09:52:00.000000000,1779846720000000000,8520,8536,8519,8534,1751,546514,546620
2026-05-27 09:53:00.000000000,1779846780000000000,8534,8543,8534,8537,3003,546620,547461
2026-05-27 09:54:00.000000000,1779846840000000000,8537,8542,8532,8539,1612,547461,547577
2026-05-27 09:55:00.000000000,1779846900000000000,8539,8541,8537,8540,1674,547577,547424
2026-05-27 09:56:00.000000000,1779846960000000000,8540,8540,8533,8534,671,547424,547269
2026-05-27 09:57:00.000000000,1779847020000000000,8534,8536,8528,8528,738,547269,547179
2026-05-27 09:58:00.000000000,1779847080000000000,8528,8530,8526,8527,696,547179,547187
2026-05-27 09:59:00.000000000,1779847140000000000,8527,8529,8522,8529,1110,547187,547276
2026-05-27 10:00:00.000000000,1779847200000000000,8529,8529,8523,8529,1268,547276,547282
2026-05-27 10:01:00.000000000,1779847260000000000,8529,8533,8522,8524,897,547282,547350
2026-05-27 10:02:00.000000000,1779847320000000000,8524,8527,8523,8527,735,547350,547315
2026-05-27 10:03:00.000000000,1779847380000000000,8527,8531,8518,8519,1013,547315,547131
2026-05-27 10:04:00.000000000,1779847440000000000,8519,8520,8514,8520,1522,547131,547287
2026-05-27 10:05:00.000000000,1779847500000000000,8520,8526,8519,8521,661,547287,547163
2026-05-27 10:06:00.000000000,1779847560000000000,8521,8523,8517,8517,735,547163,547194
2026-05-27 10:07:00.000000000,1779847620000000000,8517,8527,8517,8523,822,547194,547195
2026-05-27 10:08:00.000000000,1779847680000000000,8523,8531,8523,8531,1118,547195,547167
2026-05-27 10:09:00.000000000,1779847740000000000,8531,8531,8526,8527,381,547167,547128
2026-05-27 10:10:00.000000000,1779847800000000000,8527,8531,8521,8521,954,547128,547077
2026-05-27 10:11:00.000000000,1779847860000000000,8521,8522,8511,8514,1371,547077,546824
2026-05-27 10:12:00.000000000,1779847920000000000,8514,8522,8513,8521,864,546824,546696
2026-05-27 10:13:00.000000000,1779847980000000000,8521,8528,8521,8525,742,546696,546829
2026-05-27 10:14:00.000000000,1779848040000000000,8525,8529,8524,8524,597,546829,546666
2026-05-27 10:30:00.000000000,1779849000000000000,8521,8522,8510,8511,3065,546666,546966
2026-05-27 10:31:00.000000000,1779849060000000000,8511,8524,8510,8524,1817,546966,547388
2026-05-27 10:32:00.000000000,1779849120000000000,8524,8525,8519,8522,943,547388,547722
2026-05-27 10:33:00.000000000,1779849180000000000,8522,8525,8519,8520,397,547722,547732
2026-05-27 10:34:00.000000000,1779849240000000000,8520,8520,8512,8514,1584,547732,548137
2026-05-27 10:35:00.000000000,1779849300000000000,8514,8519,8514,8519,512,548137,548238
2026-05-27 10:36:00.000000000,1779849360000000000,8519,8522,8519,8519,281,548238,548246
2026-05-27 10:37:00.000000000,1779849420000000000,8519,8524,8518,8518,653,548246,548395
2026-05-27 10:38:00.000000000,1779849480000000000,8518,8519,8508,8510,1808,548395,548194
2026-05-27 10:39:00.000000000,1779849540000000000,8510,8511,8501,8504,3953,548194,547235
2026-05-27 10:40:00.000000000,1779849600000000000,8504,8506,8496,8506,3234,547235,546797
2026-05-27 10:41:00.000000000,1779849660000000000,8506,8513,8506,8509,1635,546797,546485
2026-05-27 10:42:00.000000000,1779849720000000000,8509,8511,8505,8506,825,546485,546340
2026-05-27 10:43:00.000000000,1779849780000000000,8506,8508,8502,8503,1235,546340,546291
2026-05-27 10:44:00.000000000,1779849840000000000,8503,8506,8500,8505,1556,546291,545847
2026-05-27 10:45:00.000000000,1779849900000000000,8505,8510,8504,8508,1324,545847,545470
2026-05-27 10:46:00.000000000,1779849960000000000,8508,8509,8503,8503,697,545470,545483
2026-05-27 10:47:00.000000000,1779850020000000000,8503,8504,8494,8494,2108,545483,545477
2026-05-27 10:48:00.000000000,1779850080000000000,8494,8494,8486,8488,3602,545477,545408
2026-05-27 10:49:00.000000000,1779850140000000000,8488,8491,8483,8486,1890,545408,545477
2026-05-27 10:50:00.000000000,1779850200000000000,8486,8488,8480,8486,2091,545477,545575
2026-05-27 10:51:00.000000000,1779850260000000000,8486,8491,8484,8484,1941,545575,545275
2026-05-27 10:52:00.000000000,1779850320000000000,8484,8485,8476,8477,2598,545275,545930
2026-05-27 10:53:00.000000000,1779850380000000000,8477,8486,8477,8485,2334,545930,546165
2026-05-27 10:54:00.000000000,1779850440000000000,8485,8485,8480,8480,1337,546165,546467
2026-05-27 10:55:00.000000000,1779850500000000000,8480,8486,8479,8483,859,546467,546496
2026-05-27 10:56:00.000000000,1779850560000000000,8483,8486,8479,8486,1099,546496,546619
2026-05-27 10:57:00.000000000,1779850620000000000,8486,8486,8475,8476,1483,546619,546691
2026-05-27 10:58:00.000000000,1779850680000000000,8476,8477,8466,8466,3007,546691,546233
2026-05-27 10:59:00.000000000,1779850740000000000,8466,8470,8465,8467,2047,546233,546231
2026-05-27 11:00:00.000000000,1779850800000000000,8467,8470,8453,8454,4003,546231,546637
2026-05-27 11:01:00.000000000,1779850860000000000,8454,8456,8446,8453,5460,546637,547820
2026-05-27 11:02:00.000000000,1779850920000000000,8453,8456,8450,8452,2171,547820,547733
2026-05-27 11:03:00.000000000,1779850980000000000,8452,8452,8441,8447,4837,547733,547743
2026-05-27 11:04:00.000000000,1779851040000000000,8447,8456,8446,8450,2685,547743,547955
2026-05-27 11:05:00.000000000,1779851100000000000,8450,8450,8438,8440,4523,547955,547640
2026-05-27 11:06:00.000000000,1779851160000000000,8440,8443,8434,8440,4057,547640,548022
2026-05-27 11:07:00.000000000,1779851220000000000,8440,8441,8428,8430,4149,548022,548410
2026-05-27 11:08:00.000000000,1779851280000000000,8430,8434,8426,8434,4845,548410,548809
2026-05-27 11:09:00.000000000,1779851340000000000,8434,8450,8434,8446,3847,548809,547790
2026-05-27 11:10:00.000000000,1779851400000000000,8446,8455,8445,8445,2713,547790,547776
2026-05-27 11:11:00.000000000,1779851460000000000,8445,8449,8439,8442,3279,547776,547769
2026-05-27 11:12:00.000000000,1779851520000000000,8442,8442,8436,8439,2400,547769,548069
2026-05-27 11:13:00.000000000,1779851580000000000,8439,8450,8436,8447,1982,548069,548095
2026-05-27 11:14:00.000000000,1779851640000000000,8447,8451,8444,8451,1429,548095,547975
2026-05-27 11:15:00.000000000,1779851700000000000,8451,8453,8446,8450,2099,547975,547738
2026-05-27 11:16:00.000000000,1779851760000000000,8450,8454,8449,8452,1518,547738,547594
2026-05-27 11:17:00.000000000,1779851820000000000,8452,8452,8444,8445,1575,547594,547641
2026-05-27 11:18:00.000000000,1779851880000000000,8445,8449,8442,8448,860,547641,547633
2026-05-27 11:19:00.000000000,1779851940000000000,8448,8448,8445,8445,319,547633,547645
2026-05-27 11:20:00.000000000,1779852000000000000,8445,8451,8445,8449,826,547645,547468
2026-05-27 11:21:00.000000000,1779852060000000000,8449,8458,8446,8456,1792,547468,547246
2026-05-27 11:22:00.000000000,1779852120000000000,8456,8456,8443,8443,1354,547246,547209
2026-05-27 11:23:00.000000000,1779852180000000000,8443,8446,8436,8442,1435,547209,546996
2026-05-27 11:24:00.000000000,1779852240000000000,8442,8444,8440,8441,726,546996,546922
2026-05-27 11:25:00.000000000,1779852300000000000,8441,8447,8438,8445,1136,546922,546962
2026-05-27 11:26:00.000000000,1779852360000000000,8445,8452,8444,8448,1666,546962,546854
2026-05-27 11:27:00.000000000,1779852420000000000,8448,8453,8445,8446,1260,546854,546810
2026-05-27 11:28:00.000000000,1779852480000000000,8446,8447,8441,8442,1177,546810,546460
2026-05-27 11:29:00.000000000,1779852540000000000,8442,8443,8434,8436,2522,546460,545576
2026-05-27 13:30:00.000000000,1779859800000000000,8434,8434,8413,8417,7234,545576,545008
2026-05-27 13:31:00.000000000,1779859860000000000,8417,8422,8412,8415,5207,545008,544132
2026-05-27 13:32:00.000000000,1779859920000000000,8415,8423,8415,8419,3249,544132,544086
2026-05-27 13:33:00.000000000,1779859980000000000,8419,8431,8415,8431,5617,544086,543100
2026-05-27 13:34:00.000000000,1779860040000000000,8431,8438,8426,8438,2542,543100,542975
2026-05-27 13:35:00.000000000,1779860100000000000,8438,8442,8435,8438,2421,542975,542540
2026-05-27 13:36:00.000000000,1779860160000000000,8438,8443,8434,8436,3225,542540,542318
2026-05-27 13:37:00.000000000,1779860220000000000,8436,8438,8431,8438,1276,542318,542228
2026-05-27 13:38:00.000000000,1779860280000000000,8438,8441,8435,8440,1322,542228,542149
2026-05-27 13:39:00.000000000,1779860340000000000,8440,8442,8436,8440,876,542149,542169
2026-05-27 13:40:00.000000000,1779860400000000000,8440,8444,8439,8441,926,542169,542225
2026-05-27 13:41:00.000000000,1779860460000000000,8441,8447,8438,8442,1568,542225,542125
2026-05-27 13:42:00.000000000,1779860520000000000,8442,8450,8442,8449,1225,542125,542000
2026-05-27 13:43:00.000000000,1779860580000000000,8449,8451,8445,8450,1369,542000,541722
2026-05-27 13:44:00.000000000,1779860640000000000,8450,8452,8443,8443,1853,541722,541856
2026-05-27 13:45:00.000000000,1779860700000000000,8443,8451,8438,8450,2416,541856,542059
2026-05-27 13:46:00.000000000,1779860760000000000,8450,8453,8446,8449,1406,542059,542156
2026-05-27 13:47:00.000000000,1779860820000000000,8449,8451,8440,8441,1117,542156,541849
2026-05-27 13:48:00.000000000,1779860880000000000,8441,8442,8436,8438,974,541849,541795
2026-05-27 13:49:00.000000000,1779860940000000000,8438,8442,8437,8441,644,541795,541732
2026-05-27 13:50:00.000000000,1779861000000000000,8441,8441,8428,8429,1291,541732,541932
2026-05-27 13:51:00.000000000,1779861060000000000,8429,8433,8428,8431,1262,541932,542099
2026-05-27 13:52:00.000000000,1779861120000000000,8431,8432,8429,8429,703,542099,541913
2026-05-27 13:53:00.000000000,1779861180000000000,8429,8430,8424,8424,1869,541913,541786
2026-05-27 13:54:00.000000000,1779861240000000000,8424,8428,8424,8424,952,541786,541652
2026-05-27 13:55:00.000000000,1779861300000000000,8424,8424,8416,8418,2783,541652,541305
2026-05-27 13:56:00.000000000,1779861360000000000,8418,8419,8415,8419,1601,541305,541189
2026-05-27 13:57:00.000000000,1779861420000000000,8419,8420,8415,8416,1751,541189,540874
2026-05-27 13:58:00.000000000,1779861480000000000,8416,8418,8410,8416,1895,540874,540460
2026-05-27 13:59:00.000000000,1779861540000000000,8416,8423,8414,8421,1982,540460,540566
2026-05-27 14:00:00.000000000,1779861600000000000,8421,8427,8420,8427,2294,540566,540684
2026-05-27 14:01:00.000000000,1779861660000000000,8427,8427,8420,8421,1633,540684,541006
2026-05-27 14:02:00.000000000,1779861720000000000,8421,8429,8421,8427,1798,541006,540842
2026-05-27 14:03:00.000000000,1779861780000000000,8427,8428,8420,8421,1131,540842,540920
2026-05-27 14:04:00.000000000,1779861840000000000,8421,8423,8419,8421,805,540920,540852
2026-05-27 14:05:00.000000000,1779861900000000000,8421,8422,8415,8417,1007,540852,541097
2026-05-27 14:06:00.000000000,1779861960000000000,8417,8418,8413,8413,1187,541097,540986
2026-05-27 14:07:00.000000000,1779862020000000000,8413,8415,8409,8412,2175,540986,540698
2026-05-27 14:08:00.000000000,1779862080000000000,8412,8415,8403,8407,3481,540698,540502
2026-05-27 14:09:00.000000000,1779862140000000000,8407,8412,8403,8404,2096,540502,540522
2026-05-27 14:10:00.000000000,1779862200000000000,8404,8404,8398,8402,4464,540522,541067
2026-05-27 14:11:00.000000000,1779862260000000000,8402,8408,8399,8407,2961,541067,540864
2026-05-27 14:12:00.000000000,1779862320000000000,8407,8410,8405,8407,1266,540864,541126
2026-05-27 14:13:00.000000000,1779862380000000000,8407,8409,8404,8408,1412,541126,540893
2026-05-27 14:14:00.000000000,1779862440000000000,8408,8415,8406,8413,3000,540893,539417
2026-05-27 14:15:00.000000000,1779862500000000000,8413,8416,8411,8415,1805,539417,539140
2026-05-27 14:16:00.000000000,1779862560000000000,8415,8417,8411,8416,1302,539140,538944
2026-05-27 14:17:00.000000000,1779862620000000000,8416,8417,8413,8415,1217,538944,538788
2026-05-27 14:18:00.000000000,1779862680000000000,8415,8423,8414,8423,1695,538788,539075
2026-05-27 14:19:00.000000000,1779862740000000000,8423,8429,8422,8429,2038,539075,539187
2026-05-27 14:20:00.000000000,1779862800000000000,8429,8430,8425,8430,1477,539187,539001
2026-05-27 14:21:00.000000000,1779862860000000000,8430,8438,8427,8437,2042,539001,538804
2026-05-27 14:22:00.000000000,1779862920000000000,8437,8443,8435,8441,2602,538804,538141
2026-05-27 14:23:00.000000000,1779862980000000000,8441,8444,8440,8441,2173,538141,537789
2026-05-27 14:24:00.000000000,1779863040000000000,8441,8442,8433,8436,2133,537789,537563
2026-05-27 14:25:00.000000000,1779863100000000000,8436,8438,8433,8434,1173,537563,537472
2026-05-27 14:26:00.000000000,1779863160000000000,8434,8446,8432,8445,1726,537472,537057
2026-05-27 14:27:00.000000000,1779863220000000000,8445,8450,8444,8450,2542,537057,536668
2026-05-27 14:28:00.000000000,1779863280000000000,8450,8450,8443,8443,1795,536668,536178
2026-05-27 14:29:00.000000000,1779863340000000000,8443,8445,8437,8442,1665,536178,536056
2026-05-27 14:30:00.000000000,1779863400000000000,8442,8446,8439,8440,1385,536056,535941
2026-05-27 14:31:00.000000000,1779863460000000000,8440,8447,8438,8444,1454,535941,535950
2026-05-27 14:32:00.000000000,1779863520000000000,8444,8447,8442,8444,1174,535950,535795
2026-05-27 14:33:00.000000000,1779863580000000000,8444,8445,8438,8439,1509,535795,535372
2026-05-27 14:34:00.000000000,1779863640000000000,8439,8442,8438,8439,1011,535372,535046
2026-05-27 14:35:00.000000000,1779863700000000000,8439,8446,8437,8443,1194,535046,534889
2026-05-27 14:36:00.000000000,1779863760000000000,8443,8445,8442,8444,539,534889,534875
2026-05-27 14:37:00.000000000,1779863820000000000,8444,8444,8441,8442,612,534875,534725
2026-05-27 14:38:00.000000000,1779863880000000000,8442,8446,8440,8444,845,534725,534629
2026-05-27 14:39:00.000000000,1779863940000000000,8444,8445,8438,8440,743,534629,534580
2026-05-27 14:40:00.000000000,1779864000000000000,8440,8442,8437,8440,743,534580,534493
2026-05-27 14:41:00.000000000,1779864060000000000,8440,8441,8435,8436,1092,534493,534381
2026-05-27 14:42:00.000000000,1779864120000000000,8436,8437,8433,8437,835,534381,534351
2026-05-27 14:43:00.000000000,1779864180000000000,8437,8441,8435,8438,1113,534351,534237
2026-05-27 14:44:00.000000000,1779864240000000000,8438,8440,8435,8437,560,534237,534152
2026-05-27 14:45:00.000000000,1779864300000000000,8437,8441,8436,8437,954,534152,534082
2026-05-27 14:46:00.000000000,1779864360000000000,8437,8438,8434,8435,1503,534082,534252
2026-05-27 14:47:00.000000000,1779864420000000000,8435,8436,8428,8428,1360,534252,534006
2026-05-27 14:48:00.000000000,1779864480000000000,8428,8431,8427,8428,1147,534006,533463
2026-05-27 14:49:00.000000000,1779864540000000000,8428,8429,8423,8425,1094,533463,533640
2026-05-27 14:50:00.000000000,1779864600000000000,8425,8426,8422,8425,1292,533640,533724
2026-05-27 14:51:00.000000000,1779864660000000000,8425,8436,8424,8433,1252,533724,533422
2026-05-27 14:52:00.000000000,1779864720000000000,8433,8433,8427,8427,937,533422,533578
2026-05-27 14:53:00.000000000,1779864780000000000,8427,8437,8427,8436,1613,533578,533369
2026-05-27 14:54:00.000000000,1779864840000000000,8436,8440,8436,8436,1281,533369,533254
2026-05-27 14:55:00.000000000,1779864900000000000,8436,8441,8435,8441,1547,533254,533021
2026-05-27 14:56:00.000000000,1779864960000000000,8441,8444,8435,8436,1257,533021,532938
2026-05-27 14:57:00.000000000,1779865020000000000,8436,8438,8435,8436,1008,532938,532857
2026-05-27 14:58:00.000000000,1779865080000000000,8436,8439,8434,8437,1744,532857,532233
2026-05-27 14:59:00.000000000,1779865140000000000,8437,8446,8436,8446,3241,532233,531272
2026-05-27 21:00:00.000000000,1779886800000000000,8350,8374,8340,8369,23020,531272,532859
2026-05-27 21:01:00.000000000,1779886860000000000,8369,8384,8364,8382,12421,532859,532887
2026-05-27 21:02:00.000000000,1779886920000000000,8382,8382,8350,8353,7731,532887,533085
2026-05-27 21:03:00.000000000,1779886980000000000,8353,8360,8346,8354,6043,533085,532895
2026-05-27 21:04:00.000000000,1779887040000000000,8354,8362,8350,8359,7016,532895,533587
2026-05-27 21:05:00.000000000,1779887100000000000,8359,8365,8355,8355,4248,533587,533549
2026-05-27 21:06:00.000000000,1779887160000000000,8355,8357,8337,8348,6583,533549,534479
2026-05-27 21:07:00.000000000,1779887220000000000,8348,8358,8347,8356,3433,534479,534198
2026-05-27 21:08:00.000000000,1779887280000000000,8356,8359,8353,8356,3049,534198,533991
2026-05-27 21:09:00.000000000,1779887340000000000,8356,8359,8355,8358,2094,533991,533589
2026-05-27 21:10:00.000000000,1779887400000000000,8358,8360,8350,8351,3077,533589,534109
2026-05-27 21:11:00.000000000,1779887460000000000,8351,8366,8351,8361,5605,534109,534345
2026-05-27 21:12:00.000000000,1779887520000000000,8361,8366,8359,8364,1948,534345,534265
2026-05-27 21:13:00.000000000,1779887580000000000,8364,8375,8364,8369,3675,534265,534541
2026-05-27 21:14:00.000000000,1779887640000000000,8369,8369,8360,8363,2490,534541,534136
2026-05-27 21:15:00.000000000,1779887700000000000,8363,8372,8361,8369,2536,534136,534209
2026-05-27 21:16:00.000000000,1779887760000000000,8369,8371,8366,8368,2357,534209,534119
2026-05-27 21:17:00.000000000,1779887820000000000,8368,8378,8366,8377,4076,534119,534974
2026-05-27 21:18:00.000000000,1779887880000000000,8377,8390,8375,8386,5230,534974,535977
2026-05-27 21:19:00.000000000,1779887940000000000,8386,8390,8383,8388,2730,535977,536401
2026-05-27 21:20:00.000000000,1779888000000000000,8388,8397,8386,8395,4497,536401,537165
2026-05-27 21:21:00.000000000,1779888060000000000,8395,8398,8387,8387,3054,537165,537375
2026-05-27 21:22:00.000000000,1779888120000000000,8387,8391,8381,8385,2348,537375,537246
2026-05-27 21:23:00.000000000,1779888180000000000,8385,8387,8381,8382,2409,537246,537093
2026-05-27 21:24:00.000000000,1779888240000000000,8382,8388,8381,8387,1641,537093,537127
2026-05-27 21:25:00.000000000,1779888300000000000,8387,8395,8387,8391,2314,537127,537369
2026-05-27 21:26:00.000000000,1779888360000000000,8391,8402,8391,8402,3954,537369,538113
2026-05-27 21:27:00.000000000,1779888420000000000,8402,8402,8396,8400,2592,538113,538548
2026-05-27 21:28:00.000000000,1779888480000000000,8400,8404,8398,8402,4376,538548,540088
2026-05-27 21:29:00.000000000,1779888540000000000,8402,8407,8387,8393,5526,540088,541025
2026-05-27 21:30:00.000000000,1779888600000000000,8393,8410,8391,8408,7768,541025,543422
2026-05-27 21:31:00.000000000,1779888660000000000,8408,8412,8403,8410,2631,543422,543568
2026-05-27 21:32:00.000000000,1779888720000000000,8410,8425,8410,8424,5097,543568,544806
2026-05-27 21:33:00.000000000,1779888780000000000,8424,8431,8420,8420,4592,544806,545731
2026-05-27 21:34:00.000000000,1779888840000000000,8420,8421,8412,8415,3353,545731,544953
2026-05-27 21:35:00.000000000,1779888900000000000,8415,8417,8411,8411,1805,544953,544943
2026-05-27 21:36:00.000000000,1779888960000000000,8411,8420,8410,8420,1771,544943,544996
2026-05-27 21:37:00.000000000,1779889020000000000,8420,8424,8415,8417,1655,544996,545215
2026-05-27 21:38:00.000000000,1779889080000000000,8417,8420,8415,8418,1284,545215,545259
2026-05-27 21:39:00.000000000,1779889140000000000,8418,8422,8412,8416,1533,545259,545070
2026-05-27 21:40:00.000000000,1779889200000000000,8416,8419,8414,8417,1037,545070,544975
2026-05-27 21:41:00.000000000,1779889260000000000,8417,8426,8417,8423,1863,544975,544948
2026-05-27 21:42:00.000000000,1779889320000000000,8423,8428,8423,8424,1844,544948,545177
2026-05-27 21:43:00.000000000,1779889380000000000,8424,8426,8422,8424,1330,545177,544826
2026-05-27 21:44:00.000000000,1779889440000000000,8424,8427,8422,8425,1120,544826,544722
2026-05-27 21:45:00.000000000,1779889500000000000,8425,8429,8419,8419,2481,544722,544305
2026-05-27 21:46:00.000000000,1779889560000000000,8419,8420,8414,8417,2157,544305,544087
2026-05-27 21:47:00.000000000,1779889620000000000,8417,8422,8415,8420,1743,544087,544047
2026-05-27 21:48:00.000000000,1779889680000000000,8420,8420,8413,8418,1779,544047,544181
2026-05-27 21:49:00.000000000,1779889740000000000,8418,8421,8415,8415,961,544181,544160
2026-05-27 21:50:00.000000000,1779889800000000000,8415,8423,8414,8415,1978,544160,544229
2026-05-27 21:51:00.000000000,1779889860000000000,8415,8417,8405,8407,3507,544229,543401
2026-05-27 21:52:00.000000000,1779889920000000000,8407,8414,8407,8413,1398,543401,543341
2026-05-27 21:53:00.000000000,1779889980000000000,8413,8417,8410,8417,1568,543341,543680
2026-05-27 21:54:00.000000000,1779890040000000000,8417,8423,8415,8420,1985,543680,543979
2026-05-27 21:55:00.000000000,1779890100000000000,8420,8426,8419,8421,2549,543979,544237
2026-05-27 21:56:00.000000000,1779890160000000000,8421,8425,8417,8422,1004,544237,544094
2026-05-27 21:57:00.000000000,1779890220000000000,8422,8435,8421,8427,2404,544094,544195
2026-05-27 21:58:00.000000000,1779890280000000000,8427,8427,8422,8424,889,544195,544101
2026-05-27 21:59:00.000000000,1779890340000000000,8424,8425,8421,8425,889,544101,544032
2026-05-27 22:00:00.000000000,1779890400000000000,8425,8433,8424,8432,1993,544032,544080
2026-05-27 22:01:00.000000000,1779890460000000000,8432,8434,8431,8431,1443,544080,544092
2026-05-27 22:02:00.000000000,1779890520000000000,8431,8431,8422,8426,1768,544092,544008
2026-05-27 22:03:00.000000000,1779890580000000000,8426,8426,8419,8419,1157,544008,544082
2026-05-27 22:04:00.000000000,1779890640000000000,8419,8421,8416,8419,945,544082,544027
2026-05-27 22:05:00.000000000,1779890700000000000,8419,8421,8415,8416,1103,544027,543956
2026-05-27 22:06:00.000000000,1779890760000000000,8416,8424,8416,8424,934,543956,544179
2026-05-27 22:07:00.000000000,1779890820000000000,8424,8426,8420,8425,933,544179,544227
2026-05-27 22:08:00.000000000,1779890880000000000,8425,8429,8422,8429,933,544227,543966
2026-05-27 22:09:00.000000000,1779890940000000000,8429,8429,8424,8425,496,543966,543889
2026-05-27 22:10:00.000000000,1779891000000000000,8425,8427,8423,8425,754,543889,543904
2026-05-27 22:11:00.000000000,1779891060000000000,8425,8427,8423,8424,918,543904,543888
2026-05-27 22:12:00.000000000,1779891120000000000,8424,8425,8419,8419,809,543888,543890
2026-05-27 22:13:00.000000000,1779891180000000000,8419,8429,8419,8428,608,543890,544027
2026-05-27 22:14:00.000000000,1779891240000000000,8428,8431,8426,8429,911,544027,544014
2026-05-27 22:15:00.000000000,1779891300000000000,8429,8431,8428,8431,457,544014,543975
2026-05-27 22:16:00.000000000,1779891360000000000,8431,8433,8427,8428,648,543975,543898
2026-05-27 22:17:00.000000000,1779891420000000000,8428,8431,8425,8425,598,543898,543834
2026-05-27 22:18:00.000000000,1779891480000000000,8425,8426,8421,8423,1583,543834,543816
2026-05-27 22:19:00.000000000,1779891540000000000,8423,8427,8421,8426,1134,543816,543640
2026-05-27 22:20:00.000000000,1779891600000000000,8426,8438,8425,8434,2604,543640,543949
2026-05-27 22:21:00.000000000,1779891660000000000,8434,8436,8430,8436,1300,543949,544158
2026-05-27 22:22:00.000000000,1779891720000000000,8436,8444,8434,8442,2666,544158,544691
2026-05-27 22:23:00.000000000,1779891780000000000,8442,8445,8439,8440,1850,544691,544774
2026-05-27 22:24:00.000000000,1779891840000000000,8440,8449,8440,8443,2116,544774,545234
2026-05-27 22:25:00.000000000,1779891900000000000,8443,8444,8438,8441,1348,545234,545178
2026-05-27 22:26:00.000000000,1779891960000000000,8441,8443,8441,8443,663,545178,545238
2026-05-27 22:27:00.000000000,1779892020000000000,8443,8443,8438,8438,742,545238,545188
2026-05-27 22:28:00.000000000,1779892080000000000,8438,8443,8435,8437,1454,545188,544903
2026-05-27 22:29:00.000000000,1779892140000000000,8437,8437,8430,8434,1536,544903,545010
2026-05-27 22:30:00.000000000,1779892200000000000,8434,8437,8431,8436,1849,545010,545544
2026-05-27 22:31:00.000000000,1779892260000000000,8436,8439,8435,8438,823,545544,545583
2026-05-27 22:32:00.000000000,1779892320000000000,8438,8448,8436,8448,1617,545583,545697
2026-05-27 22:33:00.000000000,1779892380000000000,8448,8451,8444,8450,2631,545697,545612
2026-05-27 22:34:00.000000000,1779892440000000000,8450,8450,8441,8444,2412,545612,546095
2026-05-27 22:35:00.000000000,1779892500000000000,8444,8452,8443,8448,1791,546095,545932
2026-05-27 22:36:00.000000000,1779892560000000000,8448,8451,8446,8451,1360,545932,545669
2026-05-27 22:37:00.000000000,1779892620000000000,8451,8457,8450,8455,2088,545669,545211
2026-05-27 22:38:00.000000000,1779892680000000000,8455,8458,8454,8456,994,545211,545154
2026-05-27 22:39:00.000000000,1779892740000000000,8456,8458,8453,8454,921,545154,544861
2026-05-27 22:40:00.000000000,1779892800000000000,8454,8464,8453,8463,2319,544861,544959
2026-05-27 22:41:00.000000000,1779892860000000000,8463,8464,8460,8461,1415,544959,545104
2026-05-27 22:42:00.000000000,1779892920000000000,8461,8468,8459,8466,1887,545104,545021
2026-05-27 22:43:00.000000000,1779892980000000000,8466,8466,8457,8461,1731,545021,545480
2026-05-27 22:44:00.000000000,1779893040000000000,8461,8461,8457,8460,697,545480,545433
2026-05-27 22:45:00.000000000,1779893100000000000,8460,8461,8457,8459,1032,545433,545258
2026-05-27 22:46:00.000000000,1779893160000000000,8459,8464,8459,8460,1103,545258,545031
2026-05-27 22:47:00.000000000,1779893220000000000,8460,8464,8459,8459,1114,545031,544778
2026-05-27 22:48:00.000000000,1779893280000000000,8459,8464,8459,8463,1970,544778,545615
2026-05-27 22:49:00.000000000,1779893340000000000,8463,8468,8461,8468,1058,545615,545692
2026-05-27 22:50:00.000000000,1779893400000000000,8468,8468,8464,8465,971,545692,545460
2026-05-27 22:51:00.000000000,1779893460000000000,8465,8472,8463,8471,2053,545460,545353
2026-05-27 22:52:00.000000000,1779893520000000000,8471,8477,8468,8473,2713,545353,545920
2026-05-27 22:53:00.000000000,1779893580000000000,8473,8475,8466,8472,3388,545920,546441
2026-05-27 22:54:00.000000000,1779893640000000000,8472,8482,8471,8479,2782,546441,546437
2026-05-27 22:55:00.000000000,1779893700000000000,8479,8479,8473,8474,1695,546437,546384
2026-05-27 22:56:00.000000000,1779893760000000000,8474,8474,8470,8470,1001,546384,546423
2026-05-27 22:57:00.000000000,1779893820000000000,8470,8471,8464,8465,1486,546423,546375
2026-05-27 22:58:00.000000000,1779893880000000000,8465,8473,8465,8473,1454,546375,546101
2026-05-27 22:59:00.000000000,1779893940000000000,8473,8474,8469,8469,1829,546101,545527
2026-05-28 09:00:00.000000000,1779930000000000000,8475,8487,8468,8478,6971,545527,546664
2026-05-28 09:01:00.000000000,1779930060000000000,8478,8484,8471,8480,4654,546664,546906
2026-05-28 09:02:00.000000000,1779930120000000000,8480,8485,8472,8473,3265,546906,547516
2026-05-28 09:03:00.000000000,1779930180000000000,8473,8482,8467,8475,4155,547516,548167
2026-05-28 09:04:00.000000000,1779930240000000000,8475,8478,8467,8471,3567,548167,548592
2026-05-28 09:05:00.000000000,1779930300000000000,8471,8471,8465,8467,3077,548592,549146
2026-05-28 09:06:00.000000000,1779930360000000000,8467,8482,8467,8479,2979,549146,549670
2026-05-28 09:07:00.000000000,1779930420000000000,8479,8488,8479,8487,2288,549670,549655
2026-05-28 09:08:00.000000000,1779930480000000000,8487,8491,8482,8484,2529,549655,550121
2026-05-28 09:09:00.000000000,1779930540000000000,8484,8493,8484,8487,2167,550121,550305
2026-05-28 09:10:00.000000000,1779930600000000000,8487,8488,8480,8480,1702,550305,550398
2026-05-28 09:11:00.000000000,1779930660000000000,8480,8487,8479,8486,2362,550398,550980
2026-05-28 09:12:00.000000000,1779930720000000000,8486,8491,8486,8490,1931,550980,551441
2026-05-28 09:13:00.000000000,1779930780000000000,8490,8498,8490,8494,3486,551441,551065
2026-05-28 09:14:00.000000000,1779930840000000000,8494,8498,8490,8490,2248,551065,551279
2026-05-28 09:15:00.000000000,1779930900000000000,8490,8496,8489,8493,2410,551279,551428
2026-05-28 09:16:00.000000000,1779930960000000000,8493,8502,8490,8502,3677,551428,552479
2026-05-28 09:17:00.000000000,1779931020000000000,8502,8502,8489,8491,1809,552479,552564
2026-05-28 09:18:00.000000000,1779931080000000000,8491,8496,8490,8496,1845,552564,552600
2026-05-28 09:19:00.000000000,1779931140000000000,8496,8503,8492,8502,2219,552600,552982
2026-05-28 09:20:00.000000000,1779931200000000000,8502,8506,8498,8499,2110,552982,552930
2026-05-28 09:21:00.000000000,1779931260000000000,8499,8499,8494,8496,1768,552930,552842
2026-05-28 09:22:00.000000000,1779931320000000000,8496,8509,8496,8508,2021,552842,553229
2026-05-28 09:23:00.000000000,1779931380000000000,8508,8509,8502,8507,1658,553229,553328
2026-05-28 09:24:00.000000000,1779931440000000000,8507,8513,8506,8509,3422,553328,553279
2026-05-28 09:25:00.000000000,1779931500000000000,8509,8509,8503,8507,1611,553279,553224
2026-05-28 09:26:00.000000000,1779931560000000000,8507,8507,8498,8503,1673,553224,553200
2026-05-28 09:27:00.000000000,1779931620000000000,8503,8506,8495,8497,1354,553200,553035
2026-05-28 09:28:00.000000000,1779931680000000000,8497,8500,8492,8497,2531,553035,553332
2026-05-28 09:29:00.000000000,1779931740000000000,8497,8501,8496,8499,1127,553332,553450
2026-05-28 09:30:00.000000000,1779931800000000000,8499,8503,8497,8498,1463,553450,553549
2026-05-28 09:31:00.000000000,1779931860000000000,8498,8499,8491,8493,1781,553549,553518
2026-05-28 09:32:00.000000000,1779931920000000000,8493,8502,8491,8501,1774,553518,554038
2026-05-28 09:33:00.000000000,1779931980000000000,8501,8510,8501,8509,1482,554038,554011
2026-05-28 09:34:00.000000000,1779932040000000000,8509,8511,8497,8497,1956,554011,553833
2026-05-28 09:35:00.000000000,1779932100000000000,8497,8498,8486,8487,2220,553833,553368
2026-05-28 09:36:00.000000000,1779932160000000000,8487,8493,8484,8491,1777,553368,553243
2026-05-28 09:37:00.000000000,1779932220000000000,8491,8501,8491,8494,1502,553243,553446
2026-05-28 09:38:00.000000000,1779932280000000000,8494,8494,8480,8484,2179,553446,553315
2026-05-28 09:39:00.000000000,1779932340000000000,8484,8492,8484,8490,1358,553315,553471
2026-05-28 09:40:00.000000000,1779932400000000000,8490,8496,8488,8493,1848,553471,553379
2026-05-28 09:41:00.000000000,1779932460000000000,8493,8500,8493,8494,1040,553379,553378
2026-05-28 09:42:00.000000000,1779932520000000000,8494,8498,8493,8497,769,553378,553506
2026-05-28 09:43:00.000000000,1779932580000000000,8497,8499,8492,8497,906,553506,553483
2026-05-28 09:44:00.000000000,1779932640000000000,8497,8504,8496,8504,810,553483,553635
2026-05-28 09:45:00.000000000,1779932700000000000,8504,8505,8500,8500,926,553635,553703
2026-05-28 09:46:00.000000000,1779932760000000000,8500,8511,8500,8511,1691,553703,553944
2026-05-28 09:47:00.000000000,1779932820000000000,8511,8511,8507,8510,1592,553944,553898
2026-05-28 09:48:00.000000000,1779932880000000000,8510,8511,8504,8504,972,553898,554067
2026-05-28 09:49:00.000000000,1779932940000000000,8504,8504,8495,8496,1182,554067,554121
2026-05-28 09:50:00.000000000,1779933000000000000,8496,8502,8494,8501,1072,554121,554330
2026-05-28 09:51:00.000000000,1779933060000000000,8501,8505,8498,8499,1230,554330,554390
2026-05-28 09:52:00.000000000,1779933120000000000,8499,8507,8499,8506,734,554390,554404
2026-05-28 09:53:00.000000000,1779933180000000000,8506,8508,8496,8499,1402,554404,554570
2026-05-28 09:54:00.000000000,1779933240000000000,8499,8504,8499,8502,892,554570,554707
2026-05-28 09:55:00.000000000,1779933300000000000,8502,8503,8497,8498,1317,554707,554922
2026-05-28 09:56:00.000000000,1779933360000000000,8498,8498,8490,8493,1770,554922,554916
2026-05-28 09:57:00.000000000,1779933420000000000,8493,8502,8492,8499,926,554916,554785
2026-05-28 09:58:00.000000000,1779933480000000000,8499,8500,8493,8496,957,554785,554786
2026-05-28 09:59:00.000000000,1779933540000000000,8496,8500,8494,8496,664,554786,554847
2026-05-28 10:00:00.000000000,1779933600000000000,8496,8501,8491,8501,1076,554847,554927
2026-05-28 10:01:00.000000000,1779933660000000000,8501,8501,8490,8490,835,554927,554910
2026-05-28 10:02:00.000000000,1779933720000000000,8490,8493,8486,8486,962,554910,554841
2026-05-28 10:03:00.000000000,1779933780000000000,8486,8488,8478,8485,2335,554841,554852
2026-05-28 10:04:00.000000000,1779933840000000000,8485,8486,8481,8485,1093,554852,554630
2026-05-28 10:05:00.000000000,1779933900000000000,8485,8488,8482,8488,1123,554630,554679
2026-05-28 10:06:00.000000000,1779933960000000000,8488,8489,8481,8484,1107,554679,554748
2026-05-28 10:07:00.000000000,1779934020000000000,8484,8492,8480,8488,1333,554748,554486
2026-05-28 10:08:00.000000000,1779934080000000000,8488,8488,8483,8486,481,554486,554489
2026-05-28 10:09:00.000000000,1779934140000000000,8486,8486,8476,8478,1299,554489,554317
2026-05-28 10:10:00.000000000,1779934200000000000,8478,8479,8474,8475,991,554317,554309
2026-05-28 10:11:00.000000000,1779934260000000000,8475,8479,8475,8478,558,554309,554439
2026-05-28 10:12:00.000000000,1779934320000000000,8478,8482,8477,8480,590,554439,554441
2026-05-28 10:13:00.000000000,1779934380000000000,8480,8483,8477,8478,497,554441,554426
2026-05-28 10:14:00.000000000,1779934440000000000,8478,8482,8476,8481,830,554426,554527
2026-05-28 10:30:00.000000000,1779935400000000000,8483,8483,8468,8469,2692,554527,554574
2026-05-28 10:31:00.000000000,1779935460000000000,8469,8472,8466,8467,1974,554574,554910
2026-05-28 10:32:00.000000000,1779935520000000000,8467,8467,8457,8459,3096,554910,554995
2026-05-28 10:33:00.000000000,1779935580000000000,8459,8464,8459,8462,1383,554995,555153
2026-05-28 10:34:00.000000000,1779935640000000000,8462,8464,8456,8462,1896,555153,555300
2026-05-28 10:35:00.000000000,1779935700000000000,8462,8463,8457,8460,1598,555300,555255
2026-05-28 10:36:00.000000000,1779935760000000000,8460,8464,8453,8462,2312,555255,555438
2026-05-28 10:37:00.000000000,1779935820000000000,8462,8466,8458,8459,1204,555438,555154
2026-05-28 10:38:00.000000000,1779935880000000000,8459,8466,8457,8462,1739,555154,555196
2026-05-28 10:39:00.000000000,1779935940000000000,8462,8462,8454,8460,1840,555196,555084
2026-05-28 10:40:00.000000000,1779936000000000000,8460,8462,8455,8462,1112,555084,555302
2026-05-28 10:41:00.000000000,1779936060000000000,8462,8483,8460,8483,2654,555302,554978
2026-05-28 10:42:00.000000000,1779936120000000000,8483,8485,8478,8480,2179,554978,554816
2026-05-28 10:43:00.000000000,1779936180000000000,8480,8489,8477,8486,1925,554816,554718
2026-05-28 10:44:00.000000000,1779936240000000000,8486,8487,8476,8479,1446,554718,554398
2026-05-28 10:45:00.000000000,1779936300000000000,8479,8485,8471,8476,1753,554398,554237
2026-05-28 10:46:00.000000000,1779936360000000000,8476,8481,8474,8478,2013,554237,554843
2026-05-28 10:47:00.000000000,1779936420000000000,8478,8484,8474,8481,1996,554843,554800
2026-05-28 10:48:00.000000000,1779936480000000000,8481,8481,8467,8468,1758,554800,554305
2026-05-28 10:49:00.000000000,1779936540000000000,8468,8474,8467,8472,1417,554305,554156
2026-05-28 10:50:00.000000000,1779936600000000000,8472,8476,8468,8475,1374,554156,554097
2026-05-28 10:51:00.000000000,1779936660000000000,8475,8478,8469,8476,889,554097,554207
2026-05-28 10:52:00.000000000,1779936720000000000,8476,8481,8472,8479,2003,554207,554471
2026-05-28 10:53:00.000000000,1779936780000000000,8479,8479,8472,8476,823,554471,554481
2026-05-28 10:54:00.000000000,1779936840000000000,8476,8484,8475,8484,1140,554481,554800
2026-05-28 10:55:00.000000000,1779936900000000000,8484,8486,8478,8481,1147,554800,554527
2026-05-28 10:56:00.000000000,1779936960000000000,8481,8481,8471,8472,842,554527,554413
2026-05-28 10:57:00.000000000,1779937020000000000,8472,8480,8472,8480,745,554413,554513
2026-05-28 10:58:00.000000000,1779937080000000000,8480,8481,8473,8473,956,554513,554685
2026-05-28 10:59:00.000000000,1779937140000000000,8473,8479,8473,8478,506,554685,554675
2026-05-28 11:00:00.000000000,1779937200000000000,8478,8484,8478,8479,1120,554675,554428
2026-05-28 11:01:00.000000000,1779937260000000000,8479,8488,8479,8487,1482,554428,554157
2026-05-28 11:02:00.000000000,1779937320000000000,8487,8493,8484,8488,1585,554157,554018
2026-05-28 11:03:00.000000000,1779937380000000000,8488,8495,8488,8493,1237,554018,554006
2026-05-28 11:04:00.000000000,1779937440000000000,8493,8494,8490,8494,638,554006,553940
2026-05-28 11:05:00.000000000,1779937500000000000,8494,8494,8486,8491,1067,553940,553952
2026-05-28 11:06:00.000000000,1779937560000000000,8491,8495,8490,8494,1658,553952,554281
2026-05-28 11:07:00.000000000,1779937620000000000,8494,8500,8491,8499,1166,554281,554279
2026-05-28 11:08:00.000000000,1779937680000000000,8499,8507,8498,8507,1672,554279,554368
2026-05-28 11:09:00.000000000,1779937740000000000,8507,8509,8503,8508,2071,554368,554745
2026-05-28 11:10:00.000000000,1779937800000000000,8508,8509,8503,8506,1759,554745,554844
2026-05-28 11:11:00.000000000,1779937860000000000,8506,8522,8506,8516,4720,554844,554541
2026-05-28 11:12:00.000000000,1779937920000000000,8516,8524,8515,8518,3180,554541,554914
2026-05-28 11:13:00.000000000,1779937980000000000,8518,8527,8517,8526,2661,554914,554912
2026-05-28 11:14:00.000000000,1779938040000000000,8526,8538,8526,8536,5885,554912,555278
2026-05-28 11:15:00.000000000,1779938100000000000,8536,8540,8530,8535,3148,555278,555314
2026-05-28 11:16:00.000000000,1779938160000000000,8535,8545,8532,8537,3995,555314,555296
2026-05-28 11:17:00.000000000,1779938220000000000,8537,8538,8532,8535,1873,555296,555526
2026-05-28 11:18:00.000000000,1779938280000000000,8535,8541,8532,8541,2115,555526,555835
2026-05-28 11:19:00.000000000,1779938340000000000,8541,8543,8534,8535,2387,555835,556061
2026-05-28 11:20:00.000000000,1779938400000000000,8535,8544,8532,8541,2216,556061,556127
2026-05-28 11:21:00.000000000,1779938460000000000,8541,8544,8537,8539,1227,556127,556026
2026-05-28 11:22:00.000000000,1779938520000000000,8539,8539,8530,8537,2658,556026,555756
2026-05-28 11:23:00.000000000,1779938580000000000,8537,8546,8537,8541,3436,555756,555674
2026-05-28 11:24:00.000000000,1779938640000000000,8541,8553,8539,8539,3916,555674,556447
2026-05-28 11:25:00.000000000,1779938700000000000,8539,8540,8530,8530,2188,556447,556315
2026-05-28 11:26:00.000000000,1779938760000000000,8530,8534,8525,8528,2855,556315,555620
2026-05-28 11:27:00.000000000,1779938820000000000,8528,8534,8524,8526,1552,555620,555277
2026-05-28 11:28:00.000000000,1779938880000000000,8526,8528,8516,8517,1492,555277,554929
2026-05-28 11:29:00.000000000,1779938940000000000,8517,8524,8516,8523,1370,554929,554541
2026-05-28 13:30:00.000000000,1779946200000000000,8538,8539,8522,8531,6754,554541,555454
2026-05-28 13:31:00.000000000,1779946260000000000,8531,8531,8522,8525,2965,555454,555481
2026-05-28 13:32:00.000000000,1779946320000000000,8525,8531,8522,8526,1556,555481,555605
2026-05-28 13:33:00.000000000,1779946380000000000,8526,8526,8519,8520,1171,555605,555579
2026-05-28 13:34:00.000000000,1779946440000000000,8520,8520,8508,8508,2260,555579,555626
2026-05-28 13:35:00.000000000,1779946500000000000,8508,8510,8498,8499,2952,555626,555449
2026-05-28 13:36:00.000000000,1779946560000000000,8499,8507,8499,8504,1910,555449,555330
2026-05-28 13:37:00.000000000,1779946620000000000,8504,8507,8501,8503,1119,555330,555345
2026-05-28 13:38:00.000000000,1779946680000000000,8503,8507,8500,8502,1259,555345,555268
2026-05-28 13:39:00.000000000,1779946740000000000,8502,8503,8496,8498,1523,555268,555224
2026-05-28 13:40:00.000000000,1779946800000000000,8498,8498,8493,8498,1460,555224,555037
2026-05-28 13:41:00.000000000,1779946860000000000,8498,8505,8497,8499,2111,555037,555440
2026-05-28 13:42:00.000000000,1779946920000000000,8499,8503,8495,8499,1937,555440,555272
2026-05-28 13:43:00.000000000,1779946980000000000,8499,8512,8497,8510,1689,555272,555543
2026-05-28 13:44:00.000000000,1779947040000000000,8510,8515,8505,8513,1291,555543,555671
2026-05-28 13:45:00.000000000,1779947100000000000,8513,8515,8509,8514,1150,555671,555573
2026-05-28 13:46:00.000000000,1779947160000000000,8514,8519,8513,8514,1371,555573,555597
2026-05-28 13:47:00.000000000,1779947220000000000,8514,8518,8511,8514,709,555597,555557
2026-05-28 13:48:00.000000000,1779947280000000000,8514,8514,8504,8510,1170,555557,555403
2026-05-28 13:49:00.000000000,1779947340000000000,8510,8512,8506,8510,470,555403,555431
2026-05-28 13:50:00.000000000,1779947400000000000,8510,8513,8508,8511,597,555431,555439
2026-05-28 13:51:00.000000000,1779947460000000000,8511,8515,8508,8508,862,555439,555371
2026-05-28 13:52:00.000000000,1779947520000000000,8508,8510,8504,8504,581,555371,555261
2026-05-28 13:53:00.000000000,1779947580000000000,8504,8514,8504,8510,941,555261,555180
2026-05-28 13:54:00.000000000,1779947640000000000,8510,8510,8493,8493,2408,555180,555031
2026-05-28 13:55:00.000000000,1779947700000000000,8493,8499,8493,8498,694,555031,554995
2026-05-28 13:56:00.000000000,1779947760000000000,8498,8503,8497,8503,597,554995,555008
2026-05-28 13:57:00.000000000,1779947820000000000,8503,8507,8500,8505,845,555008,555090
2026-05-28 13:58:00.000000000,1779947880000000000,8505,8506,8496,8498,638,555090,555016
2026-05-28 13:59:00.000000000,1779947940000000000,8498,8507,8497,8506,634,555016,554962
2026-05-28 14:00:00.000000000,1779948000000000000,8506,8509,8503,8508,982,554962,555007
2026-05-28 14:01:00.000000000,1779948060000000000,8508,8512,8505,8508,869,555007,555044
2026-05-28 14:02:00.000000000,1779948120000000000,8508,8510,8505,8506,427,555044,555142
2026-05-28 14:03:00.000000000,1779948180000000000,8506,8506,8502,8505,444,555142,555175
2026-05-28 14:04:00.000000000,1779948240000000000,8505,8507,8499,8501,570,555175,555207
2026-05-28 14:05:00.000000000,1779948300000000000,8501,8505,8500,8503,608,555207,555283
2026-05-28 14:06:00.000000000,1779948360000000000,8503,8506,8501,8506,669,555283,555375
2026-05-28 14:07:00.000000000,1779948420000000000,8506,8509,8503,8505,726,555375,555610
2026-05-28 14:08:00.000000000,1779948480000000000,8505,8506,8502,8504,358,555610,555606
2026-05-28 14:09:00.000000000,1779948540000000000,8504,8510,8504,8505,590,555606,555700
2026-05-28 14:10:00.000000000,1779948600000000000,8505,8508,8503,8508,329,555700,555656
2026-05-28 14:11:00.000000000,1779948660000000000,8508,8508,8505,8506,548,555656,555486
2026-05-28 14:12:00.000000000,1779948720000000000,8506,8511,8506,8508,462,555486,555493
2026-05-28 14:13:00.000000000,1779948780000000000,8508,8508,8501,8507,660,555493,555558
2026-05-28 14:14:00.000000000,1779948840000000000,8507,8509,8506,8508,373,555558,555570
2026-05-28 14:15:00.000000000,1779948900000000000,8508,8509,8505,8508,529,555570,555556
2026-05-28 14:16:00.000000000,1779948960000000000,8508,8514,8508,8511,693,555556,555657
2026-05-28 14:17:00.000000000,1779949020000000000,8511,8513,8503,8507,1103,555657,555619
2026-05-28 14:18:00.000000000,1779949080000000000,8507,8508,8504,8506,342,555619,555590
2026-05-28 14:19:00.000000000,1779949140000000000,8506,8507,8504,8505,434,555590,555479
2026-05-28 14:20:00.000000000,1779949200000000000,8505,8506,8503,8505,413,555479,555411
2026-05-28 14:21:00.000000000,1779949260000000000,8505,8510,8505,8508,815,555411,555391
2026-05-28 14:22:00.000000000,1779949320000000000,8508,8513,8507,8512,949,555391,555217
2026-05-28 14:23:00.000000000,1779949380000000000,8512,8514,8510,8510,605,555217,555216
2026-05-28 14:24:00.000000000,1779949440000000000,8510,8511,8506,8507,579,555216,555118
2026-05-28 14:25:00.000000000,1779949500000000000,8507,8508,8501,8506,916,555118,554908
2026-05-28 14:26:00.000000000,1779949560000000000,8506,8506,8501,8504,709,554908,554987
2026-05-28 14:27:00.000000000,1779949620000000000,8504,8506,8501,8505,537,554987,554941
2026-05-28 14:28:00.000000000,1779949680000000000,8505,8507,8505,8506,467,554941,554998
2026-05-28 14:29:00.000000000,1779949740000000000,8506,8507,8503,8505,410,554998,555079
2026-05-28 14:30:00.000000000,1779949800000000000,8505,8505,8502,8504,300,555079,555032
2026-05-28 14:31:00.000000000,1779949860000000000,8504,8509,8504,8506,563,555032,554937
2026-05-28 14:32:00.000000000,1779949920000000000,8506,8509,8505,8508,601,554937,554885
2026-05-28 14:33:00.000000000,1779949980000000000,8508,8510,8504,8508,658,554885,554747
2026-05-28 14:34:00.000000000,1779950040000000000,8508,8517,8506,8516,2076,554747,554334
2026-05-28 14:35:00.000000000,1779950100000000000,8516,8523,8512,8513,2220,554334,554459
2026-05-28 14:36:00.000000000,1779950160000000000,8513,8517,8508,8510,2373,554459,554026
2026-05-28 14:37:00.000000000,1779950220000000000,8510,8510,8505,8505,795,554026,553922
2026-05-28 14:38:00.000000000,1779950280000000000,8505,8506,8498,8498,1969,553922,554056
2026-05-28 14:39:00.000000000,1779950340000000000,8498,8500,8495,8499,1602,554056,553950
2026-05-28 14:40:00.000000000,1779950400000000000,8499,8502,8495,8502,895,553950,553807
2026-05-28 14:41:00.000000000,1779950460000000000,8502,8507,8500,8502,811,553807,553634
2026-05-28 14:42:00.000000000,1779950520000000000,8502,8502,8497,8498,666,553634,553560
2026-05-28 14:43:00.000000000,1779950580000000000,8498,8499,8496,8497,773,553560,553454
2026-05-28 14:44:00.000000000,1779950640000000000,8497,8499,8493,8495,1229,553454,553297
2026-05-28 14:45:00.000000000,1779950700000000000,8495,8498,8495,8497,912,553297,553413
2026-05-28 14:46:00.000000000,1779950760000000000,8497,8498,8494,8498,715,553413,553297
2026-05-28 14:47:00.000000000,1779950820000000000,8498,8501,8496,8500,647,553297,553273
2026-05-28 14:48:00.000000000,1779950880000000000,8500,8503,8500,8501,638,553273,553291
2026-05-28 14:49:00.000000000,1779950940000000000,8501,8505,8501,8501,633,553291,553293
2026-05-28 14:50:00.000000000,1779951000000000000,8501,8503,8498,8501,605,553293,553147
2026-05-28 14:51:00.000000000,1779951060000000000,8501,8501,8498,8499,615,553147,553062
2026-05-28 14:52:00.000000000,1779951120000000000,8499,8499,8491,8493,881,553062,552877
2026-05-28 14:53:00.000000000,1779951180000000000,8493,8495,8490,8490,1742,552877,552114
2026-05-28 14:54:00.000000000,1779951240000000000,8490,8491,8484,8487,2271,552114,551417
2026-05-28 14:55:00.000000000,1779951300000000000,8487,8491,8486,8491,1058,551417,551146
2026-05-28 14:56:00.000000000,1779951360000000000,8491,8492,8483,8491,1839,551146,550807
2026-05-28 14:57:00.000000000,1779951420000000000,8491,8496,8490,8495,1006,550807,550617
2026-05-28 14:58:00.000000000,1779951480000000000,8495,8495,8485,8488,2001,550617,550174
2026-05-28 14:59:00.000000000,1779951540000000000,8488,8492,8487,8491,2140,550174,549543
2026-05-28 21:00:00.000000000,1779973200000000000,8482,8494,8473,8477,9075,549543,548593
2026-05-28 21:01:00.000000000,1779973260000000000,8477,8481,8469,8478,4073,548593,548823
2026-05-28 21:02:00.000000000,1779973320000000000,8478,8493,8477,8488,4191,548823,549205
2026-05-28 21:03:00.000000000,1779973380000000000,8488,8506,8480,8483,5533,549205,550214
2026-05-28 21:04:00.000000000,1779973440000000000,8483,8485,8476,8484,3590,550214,549527
2026-05-28 21:05:00.000000000,1779973500000000000,8484,8484,8470,8477,3721,549527,548784
2026-05-28 21:06:00.000000000,1779973560000000000,8477,8492,8477,8491,5340,548784,548837
2026-05-28 21:07:00.000000000,1779973620000000000,8491,8500,8488,8500,2347,548837,548693
2026-05-28 21:08:00.000000000,1779973680000000000,8500,8510,8497,8500,5030,548693,549001
2026-05-28 21:09:00.000000000,1779973740000000000,8500,8503,8498,8503,1737,549001,549403
2026-05-28 21:10:00.000000000,1779973800000000000,8503,8504,8495,8503,1707,549403,549436
2026-05-28 21:11:00.000000000,1779973860000000000,8503,8505,8491,8497,2316,549436,549095
2026-05-28 21:12:00.000000000,1779973920000000000,8497,8497,8486,8489,2117,549095,549086
2026-05-28 21:13:00.000000000,1779973980000000000,8489,8489,8484,8484,1179,549086,549110
2026-05-28 21:14:00.000000000,1779974040000000000,8484,8487,8479,8487,1284,549110,549077
2026-05-28 21:15:00.000000000,1779974100000000000,8487,8487,8477,8478,2001,549077,548959
2026-05-28 21:16:00.000000000,1779974160000000000,8478,8480,8468,8468,3581,548959,548485
2026-05-28 21:17:00.000000000,1779974220000000000,8468,8477,8468,8475,2963,548485,548574
2026-05-28 21:18:00.000000000,1779974280000000000,8475,8481,8475,8478,1946,548574,548942
2026-05-28 21:19:00.000000000,1779974340000000000,8478,8479,8471,8471,1952,548942,549389
2026-05-28 21:20:00.000000000,1779974400000000000,8471,8472,8463,8471,3443,549389,549560
2026-05-28 21:21:00.000000000,1779974460000000000,8471,8476,8471,8473,1010,549560,549688
2026-05-28 21:22:00.000000000,1779974520000000000,8473,8478,8472,8476,953,549688,549657
2026-05-28 21:23:00.000000000,1779974580000000000,8476,8481,8471,8479,1317,549657,549493
2026-05-28 21:24:00.000000000,1779974640000000000,8479,8482,8478,8481,1566,549493,549539
2026-05-28 21:25:00.000000000,1779974700000000000,8481,8488,8479,8483,1980,549539,550229
2026-05-28 21:26:00.000000000,1779974760000000000,8483,8487,8482,8486,946,550229,550477
2026-05-28 21:27:00.000000000,1779974820000000000,8486,8490,8483,8485,1379,550477,550374
2026-05-28 21:28:00.000000000,1779974880000000000,8485,8488,8482,8487,848,550374,550402
2026-05-28 21:29:00.000000000,1779974940000000000,8487,8496,8485,8496,1620,550402,550253
2026-05-28 21:30:00.000000000,1779975000000000000,8496,8497,8491,8497,1502,550253,550313
2026-05-28 21:31:00.000000000,1779975060000000000,8497,8503,8497,8500,2450,550313,550199
2026-05-28 21:32:00.000000000,1779975120000000000,8500,8500,8493,8499,1089,550199,550235
2026-05-28 21:33:00.000000000,1779975180000000000,8499,8503,8496,8502,1495,550235,550477
2026-05-28 21:34:00.000000000,1779975240000000000,8502,8513,8499,8510,3257,550477,550660
2026-05-28 21:35:00.000000000,1779975300000000000,8510,8514,8507,8513,2272,550660,550899
2026-05-28 21:36:00.000000000,1779975360000000000,8513,8520,8507,8516,2449,550899,551029
2026-05-28 21:37:00.000000000,1779975420000000000,8516,8517,8512,8512,2027,551029,551433
2026-05-28 21:38:00.000000000,1779975480000000000,8512,8518,8508,8510,1582,551433,551427
2026-05-28 21:39:00.000000000,1779975540000000000,8510,8514,8509,8514,892,551427,551555
2026-05-28 21:40:00.000000000,1779975600000000000,8514,8518,8509,8518,1485,551555,552033
2026-05-28 21:41:00.000000000,1779975660000000000,8518,8524,8514,8515,3755,552033,553107
2026-05-28 21:42:00.000000000,1779975720000000000,8515,8516,8508,8508,2284,553107,553317
2026-05-28 21:43:00.000000000,1779975780000000000,8508,8509,8503,8504,1604,553317,553263
2026-05-28 21:44:00.000000000,1779975840000000000,8504,8504,8496,8497,2091,553263,553378
2026-05-28 21:45:00.000000000,1779975900000000000,8497,8499,8485,8486,2250,553378,552900
2026-05-28 21:46:00.000000000,1779975960000000000,8486,8487,8481,8484,3122,552900,552885
2026-05-28 21:47:00.000000000,1779976020000000000,8484,8485,8475,8480,2198,552885,552782
2026-05-28 21:48:00.000000000,1779976080000000000,8480,8481,8476,8480,1654,552782,552734
2026-05-28 21:49:00.000000000,1779976140000000000,8480,8483,8476,8477,2280,552734,553103
2026-05-28 21:50:00.000000000,1779976200000000000,8477,8480,8474,8475,1847,553103,553546
2026-05-28 21:51:00.000000000,1779976260000000000,8475,8477,8467,8471,3119,553546,553803
2026-05-28 21:52:00.000000000,1779976320000000000,8471,8476,8470,8471,1753,553803,553888
2026-05-28 21:53:00.000000000,1779976380000000000,8471,8476,8469,8476,2924,553888,553700
2026-05-28 21:54:00.000000000,1779976440000000000,8476,8483,8476,8480,1985,553700,553927
2026-05-28 21:55:00.000000000,1779976500000000000,8480,8484,8479,8484,986,553927,553999
2026-05-28 21:56:00.000000000,1779976560000000000,8484,8484,8481,8483,756,553999,553993
2026-05-28 21:57:00.000000000,1779976620000000000,8483,8483,8479,8482,872,553993,553931
2026-05-28 21:58:00.000000000,1779976680000000000,8482,8483,8476,8479,956,553931,553997
2026-05-28 21:59:00.000000000,1779976740000000000,8479,8482,8476,8476,1048,553997,554009
2026-05-28 22:00:00.000000000,1779976800000000000,8476,8479,8473,8479,2111,554009,554167
2026-05-28 22:01:00.000000000,1779976860000000000,8479,8482,8475,8477,1335,554167,554268
2026-05-28 22:02:00.000000000,1779976920000000000,8477,8478,8474,8476,805,554268,554313
2026-05-28 22:03:00.000000000,1779976980000000000,8476,8479,8474,8474,1432,554313,553963
2026-05-28 22:04:00.000000000,1779977040000000000,8474,8476,8464,8465,2924,553963,553724
2026-05-28 22:05:00.000000000,1779977100000000000,8465,8469,8462,8466,1737,553724,553625
2026-05-28 22:06:00.000000000,1779977160000000000,8466,8469,8465,8467,1346,553625,553854
2026-05-28 22:07:00.000000000,1779977220000000000,8467,8467,8458,8461,2159,553854,553928
2026-05-28 22:08:00.000000000,1779977280000000000,8461,8463,8455,8457,2705,553928,554124
2026-05-28 22:09:00.000000000,1779977340000000000,8457,8457,8448,8450,5479,554124,554100
2026-05-28 22:10:00.000000000,1779977400000000000,8450,8455,8445,8452,2859,554100,554271
2026-05-28 22:11:00.000000000,1779977460000000000,8452,8454,8448,8453,2062,554271,554116
2026-05-28 22:12:00.000000000,1779977520000000000,8453,8453,8433,8435,4806,554116,554000
2026-05-28 22:13:00.000000000,1779977580000000000,8435,8436,8414,8418,12317,554000,553705
2026-05-28 22:14:00.000000000,1779977640000000000,8418,8430,8417,8430,8973,553705,552911
2026-05-28 22:15:00.000000000,1779977700000000000,8430,8436,8428,8435,5492,552911,552797
2026-05-28 22:16:00.000000000,1779977760000000000,8435,8444,8430,8432,3730,552797,552620
2026-05-28 22:17:00.000000000,1779977820000000000,8432,8435,8429,8432,3028,552620,552338
2026-05-28 22:18:00.000000000,1779977880000000000,8432,8437,8426,8427,2315,552338,552510
2026-05-28 22:19:00.000000000,1779977940000000000,8427,8432,8427,8431,1086,552510,552626
2026-05-28 22:20:00.000000000,1779978000000000000,8431,8437,8430,8435,2919,552626,552885
2026-05-28 22:21:00.000000000,1779978060000000000,8435,8436,8426,8431,2803,552885,553168
2026-05-28 22:22:00.000000000,1779978120000000000,8431,8439,8430,8432,2061,553168,552921
2026-05-28 22:23:00.000000000,1779978180000000000,8432,8436,8431,8434,1367,552921,553008
2026-05-28 22:24:00.000000000,1779978240000000000,8434,8436,8430,8434,1354,553008,552914
2026-05-28 22:25:00.000000000,1779978300000000000,8434,8436,8430,8435,1352,552914,552883
2026-05-28 22:26:00.000000000,1779978360000000000,8435,8438,8433,8436,985,552883,552825
2026-05-28 22:27:00.000000000,1779978420000000000,8436,8438,8432,8434,2033,552825,552135
2026-05-28 22:28:00.000000000,1779978480000000000,8434,8439,8430,8430,2489,552135,551863
2026-05-28 22:29:00.000000000,1779978540000000000,8430,8433,8428,8429,1736,551863,551290
2026-05-28 22:30:00.000000000,1779978600000000000,8429,8431,8422,8425,2347,551290,550898
2026-05-28 22:31:00.000000000,1779978660000000000,8425,8432,8425,8429,2232,550898,550498
2026-05-28 22:32:00.000000000,1779978720000000000,8429,8433,8428,8432,958,550498,550362
2026-05-28 22:33:00.000000000,1779978780000000000,8432,8444,8430,8441,3269,550362,550322
2026-05-28 22:34:00.000000000,1779978840000000000,8441,8446,8440,8444,2463,550322,550067
2026-05-28 22:35:00.000000000,1779978900000000000,8444,8449,8442,8446,3148,550067,550708
2026-05-28 22:36:00.000000000,1779978960000000000,8446,8447,8442,8442,1003,550708,550663
2026-05-28 22:37:00.000000000,1779979020000000000,8442,8451,8441,8451,1453,550663,550288
2026-05-28 22:38:00.000000000,1779979080000000000,8451,8460,8451,8455,2668,550288,549923
2026-05-28 22:39:00.000000000,1779979140000000000,8455,8455,8448,8448,1488,549923,549668
2026-05-28 22:40:00.000000000,1779979200000000000,8448,8449,8437,8439,1859,549668,549665
2026-05-28 22:41:00.000000000,1779979260000000000,8439,8444,8439,8441,743,549665,549735
2026-05-28 22:42:00.000000000,1779979320000000000,8441,8445,8440,8441,1131,549735,549770
2026-05-28 22:43:00.000000000,1779979380000000000,8441,8441,8436,8437,1053,549770,549707
2026-05-28 22:44:00.000000000,1779979440000000000,8437,8441,8436,8438,728,549707,549540
2026-05-28 22:45:00.000000000,1779979500000000000,8438,8441,8437,8438,922,549540,549613
2026-05-28 22:46:00.000000000,1779979560000000000,8438,8449,8436,8448,1727,549613,549430
2026-05-28 22:47:00.000000000,1779979620000000000,8448,8448,8443,8444,790,549430,549291
2026-05-28 22:48:00.000000000,1779979680000000000,8444,8446,8443,8446,995,549291,549203
2026-05-28 22:49:00.000000000,1779979740000000000,8446,8450,8445,8449,997,549203,549199
2026-05-28 22:50:00.000000000,1779979800000000000,8449,8450,8447,8447,498,549199,549178
2026-05-28 22:51:00.000000000,1779979860000000000,8447,8449,8445,8447,770,549178,549027
2026-05-28 22:52:00.000000000,1779979920000000000,8447,8450,8447,8450,957,549027,549073
2026-05-28 22:53:00.000000000,1779979980000000000,8450,8452,8447,8451,2009,549073,549210
2026-05-28 22:54:00.000000000,1779980040000000000,8451,8454,8444,8447,1214,549210,549134
2026-05-28 22:55:00.000000000,1779980100000000000,8447,8449,8445,8448,1644,549134,549190
2026-05-28 22:56:00.000000000,1779980160000000000,8448,8450,8446,8449,843,549190,548900
2026-05-28 22:57:00.000000000,1779980220000000000,8449,8451,8447,8449,986,548900,548655
2026-05-28 22:58:00.000000000,1779980280000000000,8449,8450,8447,8448,1028,548655,548251
2026-05-28 22:59:00.000000000,1779980340000000000,8448,8448,8440,8445,2311,548251,547192
2026-05-29 09:00:00.000000000,1780016400000000000,8432,8438,8424,8429,5541,547192,547863
2026-05-29 09:01:00.000000000,1780016460000000000,8429,8451,8425,8450,3968,547863,547974
2026-05-29 09:02:00.000000000,1780016520000000000,8450,8451,8439,8442,2778,547974,547883
2026-05-29 09:03:00.000000000,1780016580000000000,8442,8447,8439,8442,1551,547883,547730
2026-05-29 09:04:00.000000000,1780016640000000000,8442,8443,8434,8441,1755,547730,547789
2026-05-29 09:05:00.000000000,1780016700000000000,8441,8446,8441,8443,1341,547789,547839
2026-05-29 09:06:00.000000000,1780016760000000000,8443,8447,8440,8445,1143,547839,547913
2026-05-29 09:07:00.000000000,1780016820000000000,8445,8448,8443,8447,1202,547913,547723
2026-05-29 09:08:00.000000000,1780016880000000000,8447,8451,8428,8430,3129,547723,548140
2026-05-29 09:09:00.000000000,1780016940000000000,8430,8431,8424,8425,2821,548140,548151
2026-05-29 09:10:00.000000000,1780017000000000000,8425,8426,8420,8424,2571,548151,548304
2026-05-29 09:11:00.000000000,1780017060000000000,8424,8426,8419,8422,2698,548304,547955
2026-05-29 09:12:00.000000000,1780017120000000000,8422,8429,8420,8427,1682,547955,547728
2026-05-29 09:13:00.000000000,1780017180000000000,8427,8430,8423,8426,1334,547728,547949
2026-05-29 09:14:00.000000000,1780017240000000000,8426,8428,8423,8426,1515,547949,548019
2026-05-29 09:15:00.000000000,1780017300000000000,8426,8430,8419,8420,2455,548019,548676
2026-05-29 09:16:00.000000000,1780017360000000000,8420,8427,8420,8427,1030,548676,548603
2026-05-29 09:17:00.000000000,1780017420000000000,8427,8436,8425,8435,1589,548603,548636
2026-05-29 09:18:00.000000000,1780017480000000000,8435,8442,8430,8432,1940,548636,548412
2026-05-29 09:19:00.000000000,1780017540000000000,8432,8435,8431,8432,812,548412,548261
2026-05-29 09:20:00.000000000,1780017600000000000,8432,8435,8429,8430,813,548261,548338
2026-05-29 09:21:00.000000000,1780017660000000000,8430,8434,8427,8433,680,548338,548403
2026-05-29 09:22:00.000000000,1780017720000000000,8433,8437,8432,8435,819,548403,548328
2026-05-29 09:23:00.000000000,1780017780000000000,8435,8444,8433,8444,1108,548328,548324
2026-05-29 09:24:00.000000000,1780017840000000000,8444,8448,8442,8444,1793,548324,548545
2026-05-29 09:25:00.000000000,1780017900000000000,8444,8445,8440,8441,968,548545,548663
2026-05-29 09:26:00.000000000,1780017960000000000,8441,8442,8434,8439,1387,548663,548863
2026-05-29 09:27:00.000000000,1780018020000000000,8439,8439,8436,8438,431,548863,548879
2026-05-29 09:28:00.000000000,1780018080000000000,8438,8440,8436,8438,479,548879,548850
2026-05-29 09:29:00.000000000,1780018140000000000,8438,8444,8437,8440,656,548850,548791
2026-05-29 09:30:00.000000000,1780018200000000000,8440,8441,8433,8438,691,548791,548782
2026-05-29 09:31:00.000000000,1780018260000000000,8438,8447,8437,8444,1159,548782,548776
2026-05-29 09:32:00.000000000,1780018320000000000,8444,8450,8442,8449,1019,548776,549013
2026-05-29 09:33:00.000000000,1780018380000000000,8449,8451,8448,8450,1027,549013,548968
2026-05-29 09:34:00.000000000,1780018440000000000,8450,8453,8439,8440,1092,548968,549021
2026-05-29 09:35:00.000000000,1780018500000000000,8440,8443,8436,8440,1237,549021,549180
2026-05-29 09:36:00.000000000,1780018560000000000,8440,8447,8437,8446,878,549180,549098
2026-05-29 09:37:00.000000000,1780018620000000000,8446,8446,8442,8445,323,549098,549076
2026-05-29 09:38:00.000000000,1780018680000000000,8445,8448,8444,8447,378,549076,549049
2026-05-29 09:39:00.000000000,1780018740000000000,8447,8450,8437,8437,825,549049,549008
2026-05-29 09:40:00.000000000,1780018800000000000,8437,8442,8436,8439,679,549008,549001
2026-05-29 09:41:00.000000000,1780018860000000000,8439,8445,8438,8444,515,549001,549065
2026-05-29 09:42:00.000000000,1780018920000000000,8444,8445,8439,8439,586,549065,548933
2026-05-29 09:43:00.000000000,1780018980000000000,8439,8443,8437,8439,564,548933,548927
2026-05-29 09:44:00.000000000,1780019040000000000,8439,8440,8435,8439,614,548927,548990
2026-05-29 09:45:00.000000000,1780019100000000000,8439,8439,8434,8439,713,548990,549057
2026-05-29 09:46:00.000000000,1780019160000000000,8439,8439,8426,8426,1368,549057,548980
2026-05-29 09:47:00.000000000,1780019220000000000,8426,8433,8426,8432,1042,548980,548997
2026-05-29 09:48:00.000000000,1780019280000000000,8432,8439,8431,8439,764,548997,548938
2026-05-29 09:49:00.000000000,1780019340000000000,8439,8445,8439,8442,850,548938,548875
2026-05-29 09:50:00.000000000,1780019400000000000,8442,8446,8440,8445,624,548875,548787
2026-05-29 09:51:00.000000000,1780019460000000000,8445,8445,8436,8436,1146,548787,548937
2026-05-29 09:52:00.000000000,1780019520000000000,8436,8441,8435,8438,695,548937,549018
2026-05-29 09:53:00.000000000,1780019580000000000,8438,8440,8434,8439,636,549018,549018
2026-05-29 09:54:00.000000000,1780019640000000000,8439,8443,8436,8443,864,549018,549216
2026-05-29 09:55:00.000000000,1780019700000000000,8443,8443,8439,8443,1103,549216,549254
2026-05-29 09:56:00.000000000,1780019760000000000,8443,8448,8441,8441,1152,549254,549318
2026-05-29 09:57:00.000000000,1780019820000000000,8441,8442,8432,8434,1762,549318,548979
2026-05-29 09:58:00.000000000,1780019880000000000,8434,8434,8426,8427,1351,548979,548988
2026-05-29 09:59:00.000000000,1780019940000000000,8427,8431,8425,8431,1343,548988,549081
2026-05-29 10:00:00.000000000,1780020000000000000,8431,8435,8429,8433,1264,549081,549122
2026-05-29 10:01:00.000000000,1780020060000000000,8433,8433,8426,8426,1180,549122,549302
2026-05-29 10:02:00.000000000,1780020120000000000,8426,8432,8425,8431,1308,549302,549052
2026-05-29 10:03:00.000000000,1780020180000000000,8431,8435,8426,8426,763,549052,548950
2026-05-29 10:04:00.000000000,1780020240000000000,8426,8428,8421,8422,1245,548950,549059
2026-05-29 10:05:00.000000000,1780020300000000000,8422,8426,8412,8415,3022,549059,549598
2026-05-29 10:06:00.000000000,1780020360000000000,8415,8420,8413,8416,1186,549598,549598
2026-05-29 10:07:00.000000000,1780020420000000000,8416,8416,8410,8416,2020,549598,549964
2026-05-29 10:08:00.000000000,1780020480000000000,8416,8420,8416,8416,884,549964,550016
2026-05-29 10:09:00.000000000,1780020540000000000,8416,8430,8416,8430,957,550016,549959
2026-05-29 10:10:00.000000000,1780020600000000000,8430,8442,8430,8437,2515,549959,549542
2026-05-29 10:11:00.000000000,1780020660000000000,8437,8437,8434,8435,546,549542,549553
2026-05-29 10:12:00.000000000,1780020720000000000,8435,8435,8429,8432,541,549553,549518
2026-05-29 10:13:00.000000000,1780020780000000000,8432,8435,8431,8434,315,549518,549506
2026-05-29 10:14:00.000000000,1780020840000000000,8434,8437,8430,8431,749,549506,549442
2026-05-29 10:30:00.000000000,1780021800000000000,8432,8458,8432,8456,4627,549442,549324
2026-05-29 10:31:00.000000000,1780021860000000000,8456,8458,8448,8454,3234,549324,549665
2026-05-29 10:32:00.000000000,1780021920000000000,8454,8460,8449,8449,2889,549665,549605
2026-05-29 10:33:00.000000000,1780021980000000000,8449,8450,8444,8446,1139,549605,549606
2026-05-29 10:34:00.000000000,1780022040000000000,8446,8448,8442,8444,1102,549606,549589
2026-05-29 10:35:00.000000000,1780022100000000000,8444,8450,8439,8449,1844,549589,549387
2026-05-29 10:36:00.000000000,1780022160000000000,8449,8450,8446,8449,833,549387,549410
2026-05-29 10:37:00.000000000,1780022220000000000,8449,8452,8446,8447,999,549410,549387
2026-05-29 10:38:00.000000000,1780022280000000000,8447,8448,8440,8441,806,549387,549297
2026-05-29 10:39:00.000000000,1780022340000000000,8441,8444,8441,8442,881,549297,549570
2026-05-29 10:40:00.000000000,1780022400000000000,8442,8443,8430,8431,1477,549570,549305
2026-05-29 10:41:00.000000000,1780022460000000000,8431,8438,8426,8437,1524,549305,549209
2026-05-29 10:42:00.000000000,1780022520000000000,8437,8445,8437,8443,598,549209,549293
2026-05-29 10:43:00.000000000,1780022580000000000,8443,8446,8441,8443,651,549293,549357
2026-05-29 10:44:00.000000000,1780022640000000000,8443,8444,8439,8441,502,549357,549354
2026-05-29 10:45:00.000000000,1780022700000000000,8441,8445,8435,8437,838,549354,549411
2026-05-29 10:46:00.000000000,1780022760000000000,8437,8440,8436,8440,581,549411,549457
2026-05-29 10:47:00.000000000,1780022820000000000,8440,8444,8438,8442,480,549457,549474
2026-05-29 10:48:00.000000000,1780022880000000000,8442,8444,8437,8443,1167,549474,549656
2026-05-29 10:49:00.000000000,1780022940000000000,8443,8443,8429,8433,1750,549656,549655
2026-05-29 10:50:00.000000000,1780023000000000000,8433,8440,8430,8439,847,549655,549510
2026-05-29 10:51:00.000000000,1780023060000000000,8439,8440,8433,8440,684,549510,549546
2026-05-29 10:52:00.000000000,1780023120000000000,8440,8442,8438,8439,482,549546,549606
2026-05-29 10:53:00.000000000,1780023180000000000,8439,8439,8434,8437,394,549606,549511
2026-05-29 10:54:00.000000000,1780023240000000000,8437,8438,8434,8436,417,549511,549533
2026-05-29 10:55:00.000000000,1780023300000000000,8436,8440,8435,8440,285,549533,549537
2026-05-29 10:56:00.000000000,1780023360000000000,8440,8440,8434,8437,648,549537,549498
2026-05-29 10:57:00.000000000,1780023420000000000,8437,8438,8434,8436,439,549498,549496
2026-05-29 10:58:00.000000000,1780023480000000000,8436,8442,8435,8441,766,549496,549431
2026-05-29 10:59:00.000000000,1780023540000000000,8441,8441,8434,8436,757,549431,549466
2026-05-29 11:00:00.000000000,1780023600000000000,8436,8440,8431,8431,739,549466,549493
2026-05-29 11:01:00.000000000,1780023660000000000,8431,8432,8427,8429,1206,549493,549571
2026-05-29 11:02:00.000000000,1780023720000000000,8429,8429,8425,8428,943,549571,549533
2026-05-29 11:03:00.000000000,1780023780000000000,8428,8429,8424,8426,1439,549533,549648
2026-05-29 11:04:00.000000000,1780023840000000000,8426,8428,8416,8417,1755,549648,549848
2026-05-29 11:05:00.000000000,1780023900000000000,8417,8419,8415,8418,1906,549848,549894
2026-05-29 11:06:00.000000000,1780023960000000000,8418,8418,8407,8410,3806,549894,550434
2026-05-29 11:07:00.000000000,1780024020000000000,8410,8412,8406,8406,3466,550434,550776
2026-05-29 11:08:00.000000000,1780024080000000000,8406,8411,8404,8408,1803,550776,550853
2026-05-29 11:09:00.000000000,1780024140000000000,8408,8408,8396,8398,6624,550853,550241
2026-05-29 11:10:00.000000000,1780024200000000000,8398,8406,8398,8401,1853,550241,550228
2026-05-29 11:11:00.000000000,1780024260000000000,8401,8401,8394,8398,3044,550228,550176
2026-05-29 11:12:00.000000000,1780024320000000000,8398,8411,8397,8410,1631,550176,549951
2026-05-29 11:13:00.000000000,1780024380000000000,8410,8415,8407,8408,1219,549951,550011
2026-05-29 11:14:00.000000000,1780024440000000000,8408,8415,8408,8415,866,550011,550064
2026-05-29 11:15:00.000000000,1780024500000000000,8415,8417,8409,8410,1178,550064,550132
2026-05-29 11:16:00.000000000,1780024560000000000,8410,8413,8408,8408,856,550132,550229
2026-05-29 11:17:00.000000000,1780024620000000000,8408,8413,8406,8412,726,550229,550411
2026-05-29 11:18:00.000000000,1780024680000000000,8412,8413,8406,8407,748,550411,550384
2026-05-29 11:19:00.000000000,1780024740000000000,8407,8416,8405,8414,738,550384,550347
2026-05-29 11:20:00.000000000,1780024800000000000,8414,8414,8410,8411,424,550347,550301
2026-05-29 11:21:00.000000000,1780024860000000000,8411,8415,8410,8413,555,550301,550318
2026-05-29 11:22:00.000000000,1780024920000000000,8413,8416,8412,8415,580,550318,550362
2026-05-29 11:23:00.000000000,1780024980000000000,8415,8418,8411,8411,1072,550362,550190
2026-05-29 11:24:00.000000000,1780025040000000000,8411,8412,8408,8408,898,550190,550081
2026-05-29 11:25:00.000000000,1780025100000000000,8408,8408,8403,8405,1098,550081,550028
2026-05-29 11:26:00.000000000,1780025160000000000,8405,8406,8401,8406,759,550028,550138
2026-05-29 11:27:00.000000000,1780025220000000000,8406,8409,8405,8407,498,550138,550110
2026-05-29 11:28:00.000000000,1780025280000000000,8407,8410,8405,8408,680,550110,550011
2026-05-29 11:29:00.000000000,1780025340000000000,8408,8415,8406,8410,2607,550011,548741
2026-05-29 13:30:00.000000000,1780032600000000000,8412,8425,8403,8404,3206,548741,548548
2026-05-29 13:31:00.000000000,1780032660000000000,8404,8412,8397,8405,2985,548548,548320
2026-05-29 13:32:00.000000000,1780032720000000000,8405,8411,8405,8411,959,548320,548241
2026-05-29 13:33:00.000000000,1780032780000000000,8411,8417,8408,8408,2045,548241,548050
2026-05-29 13:34:00.000000000,1780032840000000000,8408,8413,8406,8412,976,548050,548034
2026-05-29 13:35:00.000000000,1780032900000000000,8412,8425,8411,8423,2811,548034,547928
2026-05-29 13:36:00.000000000,1780032960000000000,8423,8425,8420,8421,1434,547928,547918
2026-05-29 13:37:00.000000000,1780033020000000000,8421,8438,8420,8437,2429,547918,547568
2026-05-29 13:38:00.000000000,1780033080000000000,8437,8445,8437,8439,4432,547568,546906
2026-05-29 13:39:00.000000000,1780033140000000000,8439,8444,8434,8440,2414,546906,546557
2026-05-29 13:40:00.000000000,1780033200000000000,8440,8442,8434,8442,1443,546557,546341
2026-05-29 13:41:00.000000000,1780033260000000000,8442,8445,8436,8441,2149,546341,546027
2026-05-29 13:42:00.000000000,1780033320000000000,8441,8445,8440,8443,1792,546027,545534
2026-05-29 13:43:00.000000000,1780033380000000000,8443,8450,8443,8448,3329,545534,545472
2026-05-29 13:44:00.000000000,1780033440000000000,8448,8450,8445,8449,2677,545472,545567
2026-05-29 13:45:00.000000000,1780033500000000000,8449,8457,8448,8448,2781,545567,545200
2026-05-29 13:46:00.000000000,1780033560000000000,8448,8451,8446,8450,1492,545200,545256
2026-05-29 13:47:00.000000000,1780033620000000000,8450,8451,8443,8446,1629,545256,545054
2026-05-29 13:48:00.000000000,1780033680000000000,8446,8466,8444,8465,3756,545054,545066
2026-05-29 13:49:00.000000000,1780033740000000000,8465,8483,8465,8483,8239,545066,545995
2026-05-29 13:50:00.000000000,1780033800000000000,8483,8497,8483,8487,7129,545995,545524
2026-05-29 13:51:00.000000000,1780033860000000000,8487,8488,8479,8481,4410,545524,545313
2026-05-29 13:52:00.000000000,1780033920000000000,8481,8484,8474,8475,2865,545313,545213
2026-05-29 13:53:00.000000000,1780033980000000000,8475,8487,8474,8487,3653,545213,545031
2026-05-29 13:54:00.000000000,1780034040000000000,8487,8492,8482,8491,2969,545031,545121
2026-05-29 13:55:00.000000000,1780034100000000000,8491,8501,8487,8500,5930,545121,545410
2026-05-29 13:56:00.000000000,1780034160000000000,8500,8512,8497,8500,6375,545410,546369
2026-05-29 13:57:00.000000000,1780034220000000000,8500,8506,8496,8505,3699,546369,546457
2026-05-29 13:58:00.000000000,1780034280000000000,8505,8509,8491,8491,3685,546457,547074
2026-05-29 13:59:00.000000000,1780034340000000000,8491,8493,8481,8487,4930,547074,546336
2026-05-29 14:00:00.000000000,1780034400000000000,8487,8492,8481,8491,3173,546336,546346
2026-05-29 14:01:00.000000000,1780034460000000000,8491,8494,8485,8487,2713,546346,545886
2026-05-29 14:02:00.000000000,1780034520000000000,8487,8491,8481,8482,1496,545886,545744
2026-05-29 14:03:00.000000000,1780034580000000000,8482,8491,8481,8482,1832,545744,545974
2026-05-29 14:04:00.000000000,1780034640000000000,8482,8484,8479,8481,2198,545974,545998
2026-05-29 14:05:00.000000000,1780034700000000000,8481,8486,8478,8478,1335,545998,545956
2026-05-29 14:06:00.000000000,1780034760000000000,8478,8478,8469,8469,2396,545956,545991
2026-05-29 14:07:00.000000000,1780034820000000000,8469,8477,8468,8476,2144,545991,546297
2026-05-29 14:08:00.000000000,1780034880000000000,8476,8479,8474,8477,1287,546297,546491
2026-05-29 14:09:00.000000000,1780034940000000000,8477,8484,8476,8482,1867,546491,546637
2026-05-29 14:10:00.000000000,1780035000000000000,8482,8486,8480,8483,1570,546637,546922
2026-05-29 14:11:00.000000000,1780035060000000000,8483,8488,8480,8486,1274,546922,547226
2026-05-29 14:12:00.000000000,1780035120000000000,8486,8492,8483,8484,1639,547226,547414
2026-05-29 14:13:00.000000000,1780035180000000000,8484,8497,8484,8486,3194,547414,548364
2026-05-29 14:14:00.000000000,1780035240000000000,8486,8488,8484,8486,1437,548364,548300
2026-05-29 14:15:00.000000000,1780035300000000000,8486,8486,8481,8485,1303,548300,548115
2026-05-29 14:16:00.000000000,1780035360000000000,8485,8486,8482,8486,863,548115,548114
2026-05-29 14:17:00.000000000,1780035420000000000,8486,8491,8486,8488,933,548114,548233
2026-05-29 14:18:00.000000000,1780035480000000000,8488,8491,8486,8487,582,548233,548229
2026-05-29 14:19:00.000000000,1780035540000000000,8487,8490,8485,8485,667,548229,548161
2026-05-29 14:20:00.000000000,1780035600000000000,8485,8487,8482,8482,794,548161,548063
2026-05-29 14:21:00.000000000,1780035660000000000,8482,8483,8469,8469,2458,548063,548018
2026-05-29 14:22:00.000000000,1780035720000000000,8469,8470,8459,8465,2510,548018,547719
2026-05-29 14:23:00.000000000,1780035780000000000,8465,8468,8461,8462,1558,547719,547691
2026-05-29 14:24:00.000000000,1780035840000000000,8462,8469,8462,8467,1308,547691,547400
2026-05-29 14:25:00.000000000,1780035900000000000,8467,8473,8467,8472,1125,547400,547493
2026-05-29 14:26:00.000000000,1780035960000000000,8472,8474,8469,8470,692,547493,547628
2026-05-29 14:27:00.000000000,1780036020000000000,8470,8476,8469,8476,1102,547628,547893
2026-05-29 14:28:00.000000000,1780036080000000000,8476,8481,8473,8481,1090,547893,547786
2026-05-29 14:29:00.000000000,1780036140000000000,8481,8482,8475,8478,1100,547786,547929
2026-05-29 14:30:00.000000000,1780036200000000000,8478,8478,8474,8476,947,547929,547980
2026-05-29 14:31:00.000000000,1780036260000000000,8476,8476,8472,8475,1151,547980,548256
2026-05-29 14:32:00.000000000,1780036320000000000,8475,8477,8471,8473,747,548256,548304
2026-05-29 14:33:00.000000000,1780036380000000000,8473,8475,8470,8473,814,548304,548269
2026-05-29 14:34:00.000000000,1780036440000000000,8473,8473,8470,8473,401,548269,548186
2026-05-29 14:35:00.000000000,1780036500000000000,8473,8475,8471,8471,393,548186,548200
2026-05-29 14:36:00.000000000,1780036560000000000,8471,8475,8470,8471,880,548200,548389
2026-05-29 14:37:00.000000000,1780036620000000000,8471,8471,8468,8470,1055,548389,548636
2026-05-29 14:38:00.000000000,1780036680000000000,8470,8473,8469,8469,830,548636,548436
2026-05-29 14:39:00.000000000,1780036740000000000,8469,8473,8468,8471,560,548436,548239
2026-05-29 14:40:00.000000000,1780036800000000000,8471,8476,8471,8473,645,548239,548279
2026-05-29 14:41:00.000000000,1780036860000000000,8473,8474,8471,8472,463,548279,548287
2026-05-29 14:42:00.000000000,1780036920000000000,8472,8480,8472,8479,965,548287,548262
2026-05-29 14:43:00.000000000,1780036980000000000,8479,8482,8478,8479,1560,548262,548195
2026-05-29 14:44:00.000000000,1780037040000000000,8479,8483,8478,8479,733,548195,548163
2026-05-29 14:45:00.000000000,1780037100000000000,8479,8487,8478,8486,1254,548163,548401
2026-05-29 14:46:00.000000000,1780037160000000000,8486,8489,8483,8488,1456,548401,548649
2026-05-29 14:47:00.000000000,1780037220000000000,8488,8489,8482,8488,1003,548649,548725
2026-05-29 14:48:00.000000000,1780037280000000000,8488,8489,8485,8488,620,548725,548761
2026-05-29 14:49:00.000000000,1780037340000000000,8488,8491,8486,8488,1185,548761,549155
2026-05-29 14:50:00.000000000,1780037400000000000,8488,8488,8482,8483,1619,549155,548927
2026-05-29 14:51:00.000000000,1780037460000000000,8483,8483,8476,8476,920,548927,548796
2026-05-29 14:52:00.000000000,1780037520000000000,8476,8481,8475,8477,1025,548796,548507
2026-05-29 14:53:00.000000000,1780037580000000000,8477,8478,8472,8475,1317,548507,548240
2026-05-29 14:54:00.000000000,1780037640000000000,8475,8476,8473,8475,669,548240,548216
2026-05-29 14:55:00.000000000,1780037700000000000,8475,8481,8474,8480,784,548216,548043
2026-05-29 14:56:00.000000000,1780037760000000000,8480,8480,8476,8480,772,548043,547795
2026-05-29 14:57:00.000000000,1780037820000000000,8480,8482,8478,8481,726,547795,547753
2026-05-29 14:58:00.000000000,1780037880000000000,8481,8482,8479,8481,1163,547753,547458
2026-05-29 14:59:00.000000000,1780037940000000000,8481,8490,8479,8484,2952,547458,546436
2026-05-29 21:00:00.000000000,1780059600000000000,8464,8473,8450,8464,8327,546436,546043
2026-05-29 21:01:00.000000000,1780059660000000000,8464,8479,8461,8469,5223,546043,545903
2026-05-29 21:02:00.000000000,1780059720000000000,8469,8472,8462,8462,3212,545903,545706
2026-05-29 21:03:00.000000000,1780059780000000000,8462,8471,8461,8466,2723,545706,545805
2026-05-29 21:04:00.000000000,1780059840000000000,8466,8467,8457,8462,2731,545805,546146
2026-05-29 21:05:00.000000000,1780059900000000000,8462,8472,8462,8469,2011,546146,546364
2026-05-29 21:06:00.000000000,1780059960000000000,8469,8479,8469,8478,2063,546364,546577
2026-05-29 21:07:00.000000000,1780060020000000000,8478,8480,8473,8473,2097,546577,546630
2026-05-29 21:08:00.000000000,1780060080000000000,8473,8473,8463,8464,1803,546630,546877
2026-05-29 21:09:00.000000000,1780060140000000000,8464,8470,8463,8470,1912,546877,547013
2026-05-29 21:10:00.000000000,1780060200000000000,8470,8471,8460,8460,1401,547013,546889
2026-05-29 21:11:00.000000000,1780060260000000000,8460,8466,8460,8462,1123,546889,546904
2026-05-29 21:12:00.000000000,1780060320000000000,8462,8463,8457,8461,1268,546904,546958
2026-05-29 21:13:00.000000000,1780060380000000000,8461,8468,8461,8463,1530,546958,547069
2026-05-29 21:14:00.000000000,1780060440000000000,8463,8465,8458,8459,1282,547069,547075
2026-05-29 21:15:00.000000000,1780060500000000000,8459,8462,8453,8461,2902,547075,547395
2026-05-29 21:16:00.000000000,1780060560000000000,8461,8467,8461,8461,1571,547395,547349
2026-05-29 21:17:00.000000000,1780060620000000000,8461,8463,8459,8460,905,547349,547416
2026-05-29 21:18:00.000000000,1780060680000000000,8460,8461,8454,8459,765,547416,547532
2026-05-29 21:19:00.000000000,1780060740000000000,8459,8460,8456,8459,823,547532,547562
2026-05-29 21:20:00.000000000,1780060800000000000,8459,8461,8455,8461,717,547562,547591
2026-05-29 21:21:00.000000000,1780060860000000000,8461,8462,8447,8448,2617,547591,547247
2026-05-29 21:22:00.000000000,1780060920000000000,8448,8452,8448,8450,1355,547247,547423
2026-05-29 21:23:00.000000000,1780060980000000000,8450,8455,8446,8450,2207,547423,547753
2026-05-29 21:24:00.000000000,1780061040000000000,8450,8453,8449,8451,1823,547753,547555
2026-05-29 21:25:00.000000000,1780061100000000000,8451,8457,8450,8453,958,547555,547559
2026-05-29 21:26:00.000000000,1780061160000000000,8453,8457,8452,8455,635,547559,547548
2026-05-29 21:27:00.000000000,1780061220000000000,8455,8457,8450,8455,793,547548,547595
2026-05-29 21:28:00.000000000,1780061280000000000,8455,8456,8450,8452,621,547595,547653
2026-05-29 21:29:00.000000000,1780061340000000000,8452,8452,8446,8451,817,547653,547851
2026-05-29 21:30:00.000000000,1780061400000000000,8451,8455,8442,8447,2471,547851,548254
2026-05-29 21:31:00.000000000,1780061460000000000,8447,8448,8440,8441,1670,548254,548227
2026-05-29 21:32:00.000000000,1780061520000000000,8441,8444,8440,8441,1371,548227,548582
2026-05-29 21:33:00.000000000,1780061580000000000,8441,8446,8441,8445,1660,548582,548542
2026-05-29 21:34:00.000000000,1780061640000000000,8445,8445,8438,8440,1403,548542,548317
2026-05-29 21:35:00.000000000,1780061700000000000,8440,8441,8436,8441,1485,548317,548412
2026-05-29 21:36:00.000000000,1780061760000000000,8441,8442,8437,8438,641,548412,548454
2026-05-29 21:37:00.000000000,1780061820000000000,8438,8438,8432,8432,1522,548454,548291
2026-05-29 21:38:00.000000000,1780061880000000000,8432,8438,8431,8438,1199,548291,548162
2026-05-29 21:39:00.000000000,1780061940000000000,8438,8440,8435,8437,786,548162,547970
2026-05-29 21:40:00.000000000,1780062000000000000,8437,8437,8428,8431,2299,547970,547972
2026-05-29 21:41:00.000000000,1780062060000000000,8431,8431,8423,8425,2180,547972,547864
2026-05-29 21:42:00.000000000,1780062120000000000,8425,8430,8423,8423,1821,547864,547796
2026-05-29 21:43:00.000000000,1780062180000000000,8423,8427,8423,8424,908,547796,547832
2026-05-29 21:44:00.000000000,1780062240000000000,8424,8429,8424,8427,877,547832,547770
2026-05-29 21:45:00.000000000,1780062300000000000,8427,8438,8427,8435,3205,547770,547572
2026-05-29 21:46:00.000000000,1780062360000000000,8435,8439,8434,8438,1674,547572,547598
2026-05-29 21:47:00.000000000,1780062420000000000,8438,8440,8434,8439,1231,547598,547504
2026-05-29 21:48:00.000000000,1780062480000000000,8439,8446,8439,8444,1853,547504,547222
2026-05-29 21:49:00.000000000,1780062540000000000,8444,8446,8444,8446,980,547222,547406
2026-05-29 21:50:00.000000000,1780062600000000000,8446,8449,8442,8442,1330,547406,547355
2026-05-29 21:51:00.000000000,1780062660000000000,8442,8462,8442,8461,3376,547355,547392
2026-05-29 21:52:00.000000000,1780062720000000000,8461,8464,8456,8456,2741,547392,547122
2026-05-29 21:53:00.000000000,1780062780000000000,8456,8459,8454,8457,1709,547122,547223
2026-05-29 21:54:00.000000000,1780062840000000000,8457,8461,8455,8458,1705,547223,547067
2026-05-29 21:55:00.000000000,1780062900000000000,8458,8465,8458,8459,1435,547067,547107
2026-05-29 21:56:00.000000000,1780062960000000000,8459,8465,8457,8463,1341,547107,547118
2026-05-29 21:57:00.000000000,1780063020000000000,8463,8470,8463,8466,2042,547118,547133
2026-05-29 21:58:00.000000000,1780063080000000000,8466,8469,8462,8463,1153,547133,547198
2026-05-29 21:59:00.000000000,1780063140000000000,8463,8468,8462,8467,1313,547198,547708
2026-05-29 22:00:00.000000000,1780063200000000000,8467,8484,8467,8472,4836,547708,548650
2026-05-29 22:01:00.000000000,1780063260000000000,8472,8477,8470,8474,2409,548650,549037
2026-05-29 22:02:00.000000000,1780063320000000000,8474,8477,8472,8476,1624,549037,549214
2026-05-29 22:03:00.000000000,1780063380000000000,8476,8481,8473,8479,2063,549214,549663
2026-05-29 22:04:00.000000000,1780063440000000000,8479,8487,8478,8486,3239,549663,550269
2026-05-29 22:05:00.000000000,1780063500000000000,8486,8488,8481,8486,2574,550269,550995
2026-05-29 22:06:00.000000000,1780063560000000000,8486,8492,8484,8489,2607,550995,551513
2026-05-29 22:07:00.000000000,1780063620000000000,8489,8500,8488,8500,4268,551513,552679
2026-05-29 22:08:00.000000000,1780063680000000000,8500,8511,8495,8496,6328,552679,553431
2026-05-29 22:09:00.000000000,1780063740000000000,8496,8496,8489,8490,2862,553431,553586
2026-05-29 22:10:00.000000000,1780063800000000000,8490,8490,8480,8488,2887,553586,553693
2026-05-29 22:11:00.000000000,1780063860000000000,8488,8488,8477,8478,2306,553693,553183
2026-05-29 22:12:00.000000000,1780063920000000000,8478,8480,8475,8477,2115,553183,552609
2026-05-29 22:13:00.000000000,1780063980000000000,8477,8481,8477,8479,1328,552609,552679
2026-05-29 22:14:00.000000000,1780064040000000000,8479,8484,8475,8475,1740,552679,552734
2026-05-29 22:15:00.000000000,1780064100000000000,8475,8482,8473,8474,2322,552734,552595
2026-05-29 22:16:00.000000000,1780064160000000000,8474,8479,8473,8477,1246,552595,552297
2026-05-29 22:17:00.000000000,1780064220000000000,8477,8481,8476,8478,1116,552297,552126
2026-05-29 22:18:00.000000000,1780064280000000000,8478,8481,8474,8478,940,552126,551994
2026-05-29 22:19:00.000000000,1780064340000000000,8478,8481,8478,8479,596,551994,551968
2026-05-29 22:20:00.000000000,1780064400000000000,8479,8480,8477,8479,552,551968,552037
2026-05-29 22:21:00.000000000,1780064460000000000,8479,8482,8478,8482,748,552037,552092
2026-05-29 22:22:00.000000000,1780064520000000000,8482,8485,8480,8483,739,552092,551991
2026-05-29 22:23:00.000000000,1780064580000000000,8483,8486,8482,8482,807,551991,552094
2026-05-29 22:24:00.000000000,1780064640000000000,8482,8484,8481,8483,799,552094,552322
2026-05-29 22:25:00.000000000,1780064700000000000,8483,8490,8483,8490,1372,552322,552417
2026-05-29 22:26:00.000000000,1780064760000000000,8490,8491,8488,8488,1253,552417,552234
2026-05-29 22:27:00.000000000,1780064820000000000,8488,8493,8488,8492,1015,552234,551949
2026-05-29 22:28:00.000000000,1780064880000000000,8492,8499,8490,8498,2322,551949,552012
2026-05-29 22:29:00.000000000,1780064940000000000,8498,8501,8494,8494,2008,552012,552402
2026-05-29 22:30:00.000000000,1780065000000000000,8494,8498,8493,8493,989,552402,552355
2026-05-29 22:31:00.000000000,1780065060000000000,8493,8495,8489,8495,1989,552355,552519
2026-05-29 22:32:00.000000000,1780065120000000000,8495,8495,8491,8491,944,552519,552686
2026-05-29 22:33:00.000000000,1780065180000000000,8491,8493,8489,8491,1007,552686,552836
2026-05-29 22:34:00.000000000,1780065240000000000,8491,8497,8491,8496,1018,552836,552800
2026-05-29 22:35:00.000000000,1780065300000000000,8496,8503,8495,8502,2547,552800,552990
2026-05-29 22:36:00.000000000,1780065360000000000,8502,8509,8499,8507,3252,552990,553311
2026-05-29 22:37:00.000000000,1780065420000000000,8507,8511,8504,8510,2376,553311,553633
2026-05-29 22:38:00.000000000,1780065480000000000,8510,8511,8505,8507,1585,553633,553631
2026-05-29 22:39:00.000000000,1780065540000000000,8507,8511,8505,8507,1717,553631,554067
2026-05-29 22:40:00.000000000,1780065600000000000,8507,8507,8499,8501,1517,554067,554059
2026-05-29 22:41:00.000000000,1780065660000000000,8501,8502,8499,8500,820,554059,554103
2026-05-29 22:42:00.000000000,1780065720000000000,8500,8504,8497,8504,1275,554103,554120
2026-05-29 22:43:00.000000000,1780065780000000000,8504,8506,8501,8505,1052,554120,554190
2026-05-29 22:44:00.000000000,1780065840000000000,8505,8505,8498,8498,1013,554190,554088
2026-05-29 22:45:00.000000000,1780065900000000000,8498,8500,8497,8497,1011,554088,553944
2026-05-29 22:46:00.000000000,1780065960000000000,8497,8500,8495,8498,878,553944,553856
2026-05-29 22:47:00.000000000,1780066020000000000,8498,8500,8493,8500,935,553856,553885
2026-05-29 22:48:00.000000000,1780066080000000000,8500,8500,8492,8493,1021,553885,553788
2026-05-29 22:49:00.000000000,1780066140000000000,8493,8497,8492,8497,598,553788,553674
2026-05-29 22:50:00.000000000,1780066200000000000,8497,8497,8490,8493,858,553674,553489
2026-05-29 22:51:00.000000000,1780066260000000000,8493,8494,8483,8484,3242,553489,552681
2026-05-29 22:52:00.000000000,1780066320000000000,8484,8487,8478,8486,2872,552681,552483
2026-05-29 22:53:00.000000000,1780066380000000000,8486,8489,8482,8488,1520,552483,552443
2026-05-29 22:54:00.000000000,1780066440000000000,8488,8493,8485,8492,1283,552443,552371
2026-05-29 22:55:00.000000000,1780066500000000000,8492,8493,8491,8491,868,552371,552288
2026-05-29 22:56:00.000000000,1780066560000000000,8491,8491,8486,8488,1004,552288,551973
2026-05-29 22:57:00.000000000,1780066620000000000,8488,8488,8486,8486,1155,551973,551588
2026-05-29 22:58:00.000000000,1780066680000000000,8486,8497,8486,8494,1318,551588,551261
2026-05-29 22:59:00.000000000,1780066740000000000,8494,8498,8493,8497,1972,551261,550535
